Language_ID,Feature_ID,Value
Ahtena_ahte1237,1pl,athabaskaneyaktlingit.1pl.0001
Ahtena_ahte1237,1pl,athabaskaneyaktlingit.1pl.0001
Beaver_beav1236,1pl,athabaskaneyaktlingit.1pl.0002
CentralCarrier_carr1249,1pl,athabaskaneyaktlingit.1pl.0003
CentralCarrier_carr1249,1pl,athabaskaneyaktlingit.1pl.0004
Chilcotin-Nicola_chil1280,1pl,athabaskaneyaktlingit.1pl.0005
Chilcotin-Nicola_chil1280,1pl,athabaskaneyaktlingit.1pl.0005
Chipewyan_chip1261,1pl,athabaskaneyaktlingit.1pl.0001
Denaina_tana1289,1pl,athabaskaneyaktlingit.1pl.0001
Denaina_tana1289,1pl,athabaskaneyaktlingit.1pl.0001
Denaina_tana1289,1pl,athabaskaneyaktlingit.1pl.0001
Denaina_tana1289,1pl,athabaskaneyaktlingit.1pl.0001
Dogrib_dogr1252,1pl,athabaskaneyaktlingit.1pl.0005
Dogrib_dogr1252,1pl,athabaskaneyaktlingit.1pl.0011
Eyak_eyak1241,1pl,athabaskaneyaktlingit.1pl.0007
Eyak_eyak1241,1pl,athabaskaneyaktlingit.1pl.0012
Galice_gali1261,1pl,athabaskaneyaktlingit.1pl.0008
Gwichin_gwic1235,1pl,athabaskaneyaktlingit.1pl.0004
Han_hann1241,1pl,?
Hupa-Chilula_hupa1239,1pl,?
JicarillaApache_jica1244,1pl,athabaskaneyaktlingit.1pl.0006
JicarillaApache_jica1244,1pl,athabaskaneyaktlingit.1pl.0006
Kaska_kask1239,1pl,athabaskaneyaktlingit.1pl.0005
Kato_kato1244,1pl,athabaskaneyaktlingit.1pl.0001
Koyukon_koyu1237,1pl,athabaskaneyaktlingit.1pl.0005
LipanApache_lipa1241,1pl,athabaskaneyaktlingit.1pl.0006
LowerTanana_lowe1425,1pl,athabaskaneyaktlingit.1pl.0009
Mattole-BearRiver_matt1238,1pl,athabaskaneyaktlingit.1pl.0001
Mescalero-ChiricahuaApache_mesc1238,1pl,athabaskaneyaktlingit.1pl.0006
Navajo_nava1243,1pl,athabaskaneyaktlingit.1pl.0006
Navajo_nava1243,1pl,athabaskaneyaktlingit.1pl.0006
NorthSlavey_nort2942,1pl,athabaskaneyaktlingit.1pl.0004
Sarsi_sars1236,1pl,athabaskaneyaktlingit.1pl.0001
SouthSlavey_sout2959,1pl,athabaskaneyaktlingit.1pl.0001
Tanacross_tana1290,1pl,athabaskaneyaktlingit.1pl.0004
Tlingit_tlin1245,1pl,athabaskaneyaktlingit.1pl.0005
UpperKuskokwim_uppe1438,1pl,athabaskaneyaktlingit.1pl.0010
UpperTanana_uppe1437,1pl,athabaskaneyaktlingit.1pl.0004
WesternApache_west2615,1pl,athabaskaneyaktlingit.1pl.0006
Ahtena_ahte1237,1sg,athabaskaneyaktlingit.1sg.0013
Ahtena_ahte1237,1sg,athabaskaneyaktlingit.1sg.0013
Beaver_beav1236,1sg,athabaskaneyaktlingit.1sg.0013
CentralCarrier_carr1249,1sg,athabaskaneyaktlingit.1sg.0013
CentralCarrier_carr1249,1sg,athabaskaneyaktlingit.1sg.0014
Chilcotin-Nicola_chil1280,1sg,athabaskaneyaktlingit.1sg.0013
Chipewyan_chip1261,1sg,athabaskaneyaktlingit.1sg.0013
Denaina_tana1289,1sg,athabaskaneyaktlingit.1sg.0013
Denaina_tana1289,1sg,athabaskaneyaktlingit.1sg.0013
Denaina_tana1289,1sg,athabaskaneyaktlingit.1sg.0013
Denaina_tana1289,1sg,athabaskaneyaktlingit.1sg.0013
Dogrib_dogr1252,1sg,athabaskaneyaktlingit.1sg.0013
Eyak_eyak1241,1sg,athabaskaneyaktlingit.1sg.0015
Galice_gali1261,1sg,athabaskaneyaktlingit.1sg.0013
Gwichin_gwic1235,1sg,athabaskaneyaktlingit.1sg.0013
Han_hann1241,1sg,?
Hupa-Chilula_hupa1239,1sg,?
JicarillaApache_jica1244,1sg,athabaskaneyaktlingit.1sg.0013
JicarillaApache_jica1244,1sg,athabaskaneyaktlingit.1sg.0013
Kaska_kask1239,1sg,athabaskaneyaktlingit.1sg.0013
Kato_kato1244,1sg,athabaskaneyaktlingit.1sg.0013
Koyukon_koyu1237,1sg,athabaskaneyaktlingit.1sg.0013
LipanApache_lipa1241,1sg,athabaskaneyaktlingit.1sg.0013
LowerTanana_lowe1425,1sg,athabaskaneyaktlingit.1sg.0016
Mattole-BearRiver_matt1238,1sg,athabaskaneyaktlingit.1sg.0013
Mescalero-ChiricahuaApache_mesc1238,1sg,athabaskaneyaktlingit.1sg.0013
Navajo_nava1243,1sg,athabaskaneyaktlingit.1sg.0013
Navajo_nava1243,1sg,athabaskaneyaktlingit.1sg.0013
NorthSlavey_nort2942,1sg,athabaskaneyaktlingit.1sg.0013
Sarsi_sars1236,1sg,athabaskaneyaktlingit.1sg.0013
SouthSlavey_sout2959,1sg,athabaskaneyaktlingit.1sg.0013
Tanacross_tana1290,1sg,athabaskaneyaktlingit.1sg.0013
Tlingit_tlin1245,1sg,athabaskaneyaktlingit.1sg.0013
UpperKuskokwim_uppe1438,1sg,athabaskaneyaktlingit.1sg.0013
UpperTanana_uppe1437,1sg,athabaskaneyaktlingit.1sg.0013
WesternApache_west2615,1sg,athabaskaneyaktlingit.1sg.0013
Ahtena_ahte1237,2sg,athabaskaneyaktlingit.2sg.0017
Ahtena_ahte1237,2sg,athabaskaneyaktlingit.2sg.0017
Beaver_beav1236,2sg,athabaskaneyaktlingit.2sg.0017
CentralCarrier_carr1249,2sg,athabaskaneyaktlingit.2sg.0017
CentralCarrier_carr1249,2sg,athabaskaneyaktlingit.2sg.0017
CentralCarrier_carr1249,2sg,athabaskaneyaktlingit.2sg.0020
Chilcotin-Nicola_chil1280,2sg,athabaskaneyaktlingit.2sg.0017
Chipewyan_chip1261,2sg,athabaskaneyaktlingit.2sg.0017
Denaina_tana1289,2sg,athabaskaneyaktlingit.2sg.0017
Denaina_tana1289,2sg,athabaskaneyaktlingit.2sg.0017
Denaina_tana1289,2sg,athabaskaneyaktlingit.2sg.0017
Denaina_tana1289,2sg,athabaskaneyaktlingit.2sg.0017
Dogrib_dogr1252,2sg,athabaskaneyaktlingit.2sg.0017
Eyak_eyak1241,2sg,athabaskaneyaktlingit.2sg.0018
Galice_gali1261,2sg,athabaskaneyaktlingit.2sg.0017
Gwichin_gwic1235,2sg,athabaskaneyaktlingit.2sg.0017
Han_hann1241,2sg,?
Hupa-Chilula_hupa1239,2sg,?
JicarillaApache_jica1244,2sg,athabaskaneyaktlingit.2sg.0017
JicarillaApache_jica1244,2sg,athabaskaneyaktlingit.2sg.0018
Kaska_kask1239,2sg,athabaskaneyaktlingit.2sg.0017
Kato_kato1244,2sg,athabaskaneyaktlingit.2sg.0017
Koyukon_koyu1237,2sg,athabaskaneyaktlingit.2sg.0017
LipanApache_lipa1241,2sg,athabaskaneyaktlingit.2sg.0017
LowerTanana_lowe1425,2sg,athabaskaneyaktlingit.2sg.0017
Mattole-BearRiver_matt1238,2sg,athabaskaneyaktlingit.2sg.0017
Mescalero-ChiricahuaApache_mesc1238,2sg,athabaskaneyaktlingit.2sg.0017
Navajo_nava1243,2sg,athabaskaneyaktlingit.2sg.0017
Navajo_nava1243,2sg,athabaskaneyaktlingit.2sg.0017
NorthSlavey_nort2942,2sg,athabaskaneyaktlingit.2sg.0017
Sarsi_sars1236,2sg,athabaskaneyaktlingit.2sg.0017
SouthSlavey_sout2959,2sg,?
Tanacross_tana1290,2sg,athabaskaneyaktlingit.2sg.0017
Tlingit_tlin1245,2sg,athabaskaneyaktlingit.2sg.0019
UpperKuskokwim_uppe1438,2sg,athabaskaneyaktlingit.2sg.0017
UpperTanana_uppe1437,2sg,athabaskaneyaktlingit.2sg.0017
WesternApache_west2615,2sg,athabaskaneyaktlingit.2sg.0017
Ahtena_ahte1237,blood,athabaskaneyaktlingit.blood.0021
Ahtena_ahte1237,blood,athabaskaneyaktlingit.blood.0021
Beaver_beav1236,blood,athabaskaneyaktlingit.blood.0022
CentralCarrier_carr1249,blood,athabaskaneyaktlingit.blood.0022
CentralCarrier_carr1249,blood,athabaskaneyaktlingit.blood.0023
Chilcotin-Nicola_chil1280,blood,?
Chipewyan_chip1261,blood,athabaskaneyaktlingit.blood.0022
Denaina_tana1289,blood,athabaskaneyaktlingit.blood.0021
Denaina_tana1289,blood,athabaskaneyaktlingit.blood.0028
Denaina_tana1289,blood,athabaskaneyaktlingit.blood.0028
Denaina_tana1289,blood,athabaskaneyaktlingit.blood.0028
Dogrib_dogr1252,blood,athabaskaneyaktlingit.blood.0025
Dogrib_dogr1252,blood,athabaskaneyaktlingit.blood.0032
Eyak_eyak1241,blood,athabaskaneyaktlingit.blood.0026
Galice_gali1261,blood,athabaskaneyaktlingit.blood.0026
Gwichin_gwic1235,blood,athabaskaneyaktlingit.blood.0026
Han_hann1241,blood,athabaskaneyaktlingit.blood.0021
Hupa-Chilula_hupa1239,blood,athabaskaneyaktlingit.blood.0027
JicarillaApache_jica1244,blood,athabaskaneyaktlingit.blood.0021
JicarillaApache_jica1244,blood,athabaskaneyaktlingit.blood.0024
Kaska_kask1239,blood,?
Kato_kato1244,blood,athabaskaneyaktlingit.blood.0027
Koyukon_koyu1237,blood,athabaskaneyaktlingit.blood.0029
LipanApache_lipa1241,blood,athabaskaneyaktlingit.blood.0030
LowerTanana_lowe1425,blood,athabaskaneyaktlingit.blood.0021
Mattole-BearRiver_matt1238,blood,athabaskaneyaktlingit.blood.0027
Mescalero-ChiricahuaApache_mesc1238,blood,athabaskaneyaktlingit.blood.0024
Navajo_nava1243,blood,athabaskaneyaktlingit.blood.0021
Navajo_nava1243,blood,athabaskaneyaktlingit.blood.0024
NorthSlavey_nort2942,blood,athabaskaneyaktlingit.blood.0021
Sarsi_sars1236,blood,athabaskaneyaktlingit.blood.0022
SouthSlavey_sout2959,blood,athabaskaneyaktlingit.blood.0021
Tanacross_tana1290,blood,athabaskaneyaktlingit.blood.0021
Tlingit_tlin1245,blood,athabaskaneyaktlingit.blood.0031
UpperKuskokwim_uppe1438,blood,athabaskaneyaktlingit.blood.0026
UpperTanana_uppe1437,blood,athabaskaneyaktlingit.blood.0021
WesternApache_west2615,blood,athabaskaneyaktlingit.blood.0024
Ahtena_ahte1237,bone,athabaskaneyaktlingit.bone.0033
Ahtena_ahte1237,bone,athabaskaneyaktlingit.bone.0033
Beaver_beav1236,bone,athabaskaneyaktlingit.bone.0033
CentralCarrier_carr1249,bone,athabaskaneyaktlingit.bone.0033
CentralCarrier_carr1249,bone,athabaskaneyaktlingit.bone.0033
Chilcotin-Nicola_chil1280,bone,athabaskaneyaktlingit.bone.0033
Chilcotin-Nicola_chil1280,bone,athabaskaneyaktlingit.bone.0034
Chipewyan_chip1261,bone,athabaskaneyaktlingit.bone.0033
Denaina_tana1289,bone,athabaskaneyaktlingit.bone.0033
Denaina_tana1289,bone,athabaskaneyaktlingit.bone.0033
Denaina_tana1289,bone,athabaskaneyaktlingit.bone.0033
Denaina_tana1289,bone,athabaskaneyaktlingit.bone.0033
Denaina_tana1289,bone,athabaskaneyaktlingit.bone.0037
Dogrib_dogr1252,bone,athabaskaneyaktlingit.bone.0035
Dogrib_dogr1252,bone,athabaskaneyaktlingit.bone.0040
Eyak_eyak1241,bone,athabaskaneyaktlingit.bone.0033
Galice_gali1261,bone,athabaskaneyaktlingit.bone.0033
Gwichin_gwic1235,bone,athabaskaneyaktlingit.bone.0033
Han_hann1241,bone,athabaskaneyaktlingit.bone.0036
Hupa-Chilula_hupa1239,bone,athabaskaneyaktlingit.bone.0033
Hupa-Chilula_hupa1239,bone,athabaskaneyaktlingit.bone.0033
JicarillaApache_jica1244,bone,athabaskaneyaktlingit.bone.0033
JicarillaApache_jica1244,bone,athabaskaneyaktlingit.bone.0033
Kaska_kask1239,bone,athabaskaneyaktlingit.bone.0033
Kato_kato1244,bone,athabaskaneyaktlingit.bone.0033
Koyukon_koyu1237,bone,athabaskaneyaktlingit.bone.0033
LipanApache_lipa1241,bone,athabaskaneyaktlingit.bone.0033
LowerTanana_lowe1425,bone,athabaskaneyaktlingit.bone.0033
Mattole-BearRiver_matt1238,bone,athabaskaneyaktlingit.bone.0033
Mescalero-ChiricahuaApache_mesc1238,bone,athabaskaneyaktlingit.bone.0033
Navajo_nava1243,bone,athabaskaneyaktlingit.bone.0033
Navajo_nava1243,bone,athabaskaneyaktlingit.bone.0033
NorthSlavey_nort2942,bone,athabaskaneyaktlingit.bone.0034
Sarsi_sars1236,bone,athabaskaneyaktlingit.bone.0038
SouthSlavey_sout2959,bone,athabaskaneyaktlingit.bone.0034
Tanacross_tana1290,bone,athabaskaneyaktlingit.bone.0033
Tlingit_tlin1245,bone,athabaskaneyaktlingit.bone.0039
UpperKuskokwim_uppe1438,bone,athabaskaneyaktlingit.bone.0033
UpperTanana_uppe1437,bone,athabaskaneyaktlingit.bone.0033
WesternApache_west2615,bone,athabaskaneyaktlingit.bone.0033
Ahtena_ahte1237,breast,athabaskaneyaktlingit.breast.0041
Ahtena_ahte1237,breast,athabaskaneyaktlingit.breast.0042
Beaver_beav1236,breast,?
CentralCarrier_carr1249,breast,athabaskaneyaktlingit.breast.0042
CentralCarrier_carr1249,breast,athabaskaneyaktlingit.breast.0042
Chilcotin-Nicola_chil1280,breast,?
Chipewyan_chip1261,breast,athabaskaneyaktlingit.breast.0043
Denaina_tana1289,breast,athabaskaneyaktlingit.breast.0046
Denaina_tana1289,breast,athabaskaneyaktlingit.breast.0046
Denaina_tana1289,breast,athabaskaneyaktlingit.breast.0046
Denaina_tana1289,breast,athabaskaneyaktlingit.breast.0046
Dogrib_dogr1252,breast,athabaskaneyaktlingit.breast.0042
Dogrib_dogr1252,breast,athabaskaneyaktlingit.breast.0050
Eyak_eyak1241,breast,athabaskaneyaktlingit.breast.0042
Galice_gali1261,breast,athabaskaneyaktlingit.breast.0042
Gwichin_gwic1235,breast,athabaskaneyaktlingit.breast.0043
Han_hann1241,breast,athabaskaneyaktlingit.breast.0042
Hupa-Chilula_hupa1239,breast,athabaskaneyaktlingit.breast.0042
JicarillaApache_jica1244,breast,athabaskaneyaktlingit.breast.0044
JicarillaApache_jica1244,breast,athabaskaneyaktlingit.breast.0047
Kaska_kask1239,breast,?
Kato_kato1244,breast,?
Koyukon_koyu1237,breast,?
LipanApache_lipa1241,breast,athabaskaneyaktlingit.breast.0044
LowerTanana_lowe1425,breast,athabaskaneyaktlingit.breast.0042
Mattole-BearRiver_matt1238,breast,athabaskaneyaktlingit.breast.0042
Mescalero-ChiricahuaApache_mesc1238,breast,athabaskaneyaktlingit.breast.0044
Navajo_nava1243,breast,athabaskaneyaktlingit.breast.0044
Navajo_nava1243,breast,athabaskaneyaktlingit.breast.0044
NorthSlavey_nort2942,breast,athabaskaneyaktlingit.breast.0045
Sarsi_sars1236,breast,athabaskaneyaktlingit.breast.0048
SouthSlavey_sout2959,breast,athabaskaneyaktlingit.breast.0042
Tanacross_tana1290,breast,athabaskaneyaktlingit.breast.0042
Tlingit_tlin1245,breast,athabaskaneyaktlingit.breast.0042
Tlingit_tlin1245,breast,athabaskaneyaktlingit.breast.0051
UpperKuskokwim_uppe1438,breast,?
UpperTanana_uppe1437,breast,athabaskaneyaktlingit.breast.0049
WesternApache_west2615,breast,athabaskaneyaktlingit.breast.0044
Ahtena_ahte1237,come,athabaskaneyaktlingit.come.0052
Ahtena_ahte1237,come,athabaskaneyaktlingit.come.0058
Beaver_beav1236,come,?
CentralCarrier_carr1249,come,?
Chilcotin-Nicola_chil1280,come,athabaskaneyaktlingit.come.0053
Chipewyan_chip1261,come,?
Denaina_tana1289,come,athabaskaneyaktlingit.come.0055
Denaina_tana1289,come,athabaskaneyaktlingit.come.0055
Denaina_tana1289,come,athabaskaneyaktlingit.come.0056
Denaina_tana1289,come,athabaskaneyaktlingit.come.0056
Dogrib_dogr1252,come,athabaskaneyaktlingit.come.0054
Eyak_eyak1241,come,athabaskaneyaktlingit.come.0055
Galice_gali1261,come,?
Gwichin_gwic1235,come,?
Han_hann1241,come,?
Hupa-Chilula_hupa1239,come,?
JicarillaApache_jica1244,come,?
Kaska_kask1239,come,?
Kato_kato1244,come,?
Koyukon_koyu1237,come,athabaskaneyaktlingit.come.0057
LipanApache_lipa1241,come,?
LowerTanana_lowe1425,come,athabaskaneyaktlingit.come.0052
Mattole-BearRiver_matt1238,come,?
Mescalero-ChiricahuaApache_mesc1238,come,?
Navajo_nava1243,come,athabaskaneyaktlingit.come.0059
NorthSlavey_nort2942,come,?
Sarsi_sars1236,come,?
SouthSlavey_sout2959,come,?
Tanacross_tana1290,come,athabaskaneyaktlingit.come.0060
Tlingit_tlin1245,come,athabaskaneyaktlingit.come.0061
UpperKuskokwim_uppe1438,come,athabaskaneyaktlingit.come.0052
UpperTanana_uppe1437,come,athabaskaneyaktlingit.come.0062
UpperTanana_uppe1437,come,athabaskaneyaktlingit.come.0063
WesternApache_west2615,come,?
Ahtena_ahte1237,die,athabaskaneyaktlingit.die.0064
Ahtena_ahte1237,die,athabaskaneyaktlingit.die.0075
Beaver_beav1236,die,athabaskaneyaktlingit.die.0065
CentralCarrier_carr1249,die,athabaskaneyaktlingit.die.0064
CentralCarrier_carr1249,die,athabaskaneyaktlingit.die.0066
Chilcotin-Nicola_chil1280,die,athabaskaneyaktlingit.die.0064
Chipewyan_chip1261,die,athabaskaneyaktlingit.die.0067
Denaina_tana1289,die,athabaskaneyaktlingit.die.0072
Denaina_tana1289,die,athabaskaneyaktlingit.die.0077
Denaina_tana1289,die,athabaskaneyaktlingit.die.0077
Denaina_tana1289,die,athabaskaneyaktlingit.die.0081
Dogrib_dogr1252,die,athabaskaneyaktlingit.die.0068
Dogrib_dogr1252,die,athabaskaneyaktlingit.die.0068
Eyak_eyak1241,die,athabaskaneyaktlingit.die.0069
Eyak_eyak1241,die,athabaskaneyaktlingit.die.0080
Galice_gali1261,die,athabaskaneyaktlingit.die.0065
Gwichin_gwic1235,die,athabaskaneyaktlingit.die.0067
Han_hann1241,die,?
Hupa-Chilula_hupa1239,die,athabaskaneyaktlingit.die.0071
JicarillaApache_jica1244,die,athabaskaneyaktlingit.die.0064
JicarillaApache_jica1244,die,athabaskaneyaktlingit.die.0064
Kaska_kask1239,die,?
Kato_kato1244,die,athabaskaneyaktlingit.die.0073
Koyukon_koyu1237,die,athabaskaneyaktlingit.die.0073
LipanApache_lipa1241,die,athabaskaneyaktlingit.die.0064
LowerTanana_lowe1425,die,athabaskaneyaktlingit.die.0074
Mattole-BearRiver_matt1238,die,athabaskaneyaktlingit.die.0073
Mescalero-ChiricahuaApache_mesc1238,die,athabaskaneyaktlingit.die.0064
Navajo_nava1243,die,athabaskaneyaktlingit.die.0064
Navajo_nava1243,die,athabaskaneyaktlingit.die.0076
NorthSlavey_nort2942,die,athabaskaneyaktlingit.die.0070
Sarsi_sars1236,die,athabaskaneyaktlingit.die.0064
SouthSlavey_sout2959,die,?
Tanacross_tana1290,die,athabaskaneyaktlingit.die.0078
Tlingit_tlin1245,die,athabaskaneyaktlingit.die.0079
Tlingit_tlin1245,die,athabaskaneyaktlingit.die.0079
UpperKuskokwim_uppe1438,die,athabaskaneyaktlingit.die.0064
UpperTanana_uppe1437,die,athabaskaneyaktlingit.die.0078
WesternApache_west2615,die,athabaskaneyaktlingit.die.0064
Ahtena_ahte1237,dog,athabaskaneyaktlingit.dog.0082
Ahtena_ahte1237,dog,athabaskaneyaktlingit.dog.0086
Beaver_beav1236,dog,athabaskaneyaktlingit.dog.0082
CentralCarrier_carr1249,dog,athabaskaneyaktlingit.dog.0082
CentralCarrier_carr1249,dog,athabaskaneyaktlingit.dog.0083
CentralCarrier_carr1249,dog,athabaskaneyaktlingit.dog.0086
Chilcotin-Nicola_chil1280,dog,athabaskaneyaktlingit.dog.0082
Chipewyan_chip1261,dog,athabaskaneyaktlingit.dog.0082
Denaina_tana1289,dog,athabaskaneyaktlingit.dog.0086
Denaina_tana1289,dog,athabaskaneyaktlingit.dog.0086
Denaina_tana1289,dog,athabaskaneyaktlingit.dog.0086
Denaina_tana1289,dog,athabaskaneyaktlingit.dog.0086
Dogrib_dogr1252,dog,athabaskaneyaktlingit.dog.0082
Eyak_eyak1241,dog,athabaskaneyaktlingit.dog.0085
Galice_gali1261,dog,athabaskaneyaktlingit.dog.0082
Gwichin_gwic1235,dog,athabaskaneyaktlingit.dog.0082
Han_hann1241,dog,athabaskaneyaktlingit.dog.0082
Hupa-Chilula_hupa1239,dog,athabaskaneyaktlingit.dog.0082
JicarillaApache_jica1244,dog,athabaskaneyaktlingit.dog.0087
JicarillaApache_jica1244,dog,athabaskaneyaktlingit.dog.0088
Kaska_kask1239,dog,athabaskaneyaktlingit.dog.0082
Kato_kato1244,dog,athabaskaneyaktlingit.dog.0086
Koyukon_koyu1237,dog,athabaskaneyaktlingit.dog.0089
LipanApache_lipa1241,dog,athabaskaneyaktlingit.dog.0090
LowerTanana_lowe1425,dog,athabaskaneyaktlingit.dog.0086
Mattole-BearRiver_matt1238,dog,athabaskaneyaktlingit.dog.0090
Mescalero-ChiricahuaApache_mesc1238,dog,athabaskaneyaktlingit.dog.0084
Navajo_nava1243,dog,athabaskaneyaktlingit.dog.0082
Navajo_nava1243,dog,athabaskaneyaktlingit.dog.0087
NorthSlavey_nort2942,dog,athabaskaneyaktlingit.dog.0082
Sarsi_sars1236,dog,athabaskaneyaktlingit.dog.0082
SouthSlavey_sout2959,dog,athabaskaneyaktlingit.dog.0082
Tanacross_tana1290,dog,athabaskaneyaktlingit.dog.0082
Tlingit_tlin1245,dog,athabaskaneyaktlingit.dog.0091
UpperKuskokwim_uppe1438,dog,athabaskaneyaktlingit.dog.0092
UpperTanana_uppe1437,dog,athabaskaneyaktlingit.dog.0082
WesternApache_west2615,dog,athabaskaneyaktlingit.dog.0083
Ahtena_ahte1237,drink,athabaskaneyaktlingit.drink.0093
Ahtena_ahte1237,drink,athabaskaneyaktlingit.drink.0093
Beaver_beav1236,drink,athabaskaneyaktlingit.drink.0094
CentralCarrier_carr1249,drink,athabaskaneyaktlingit.drink.0095
CentralCarrier_carr1249,drink,athabaskaneyaktlingit.drink.0095
Chilcotin-Nicola_chil1280,drink,athabaskaneyaktlingit.drink.0096
Chipewyan_chip1261,drink,athabaskaneyaktlingit.drink.0094
Denaina_tana1289,drink,athabaskaneyaktlingit.drink.0093
Denaina_tana1289,drink,athabaskaneyaktlingit.drink.0093
Denaina_tana1289,drink,athabaskaneyaktlingit.drink.0093
Denaina_tana1289,drink,athabaskaneyaktlingit.drink.0093
Dogrib_dogr1252,drink,athabaskaneyaktlingit.drink.0094
Eyak_eyak1241,drink,athabaskaneyaktlingit.drink.0098
Galice_gali1261,drink,athabaskaneyaktlingit.drink.0093
Gwichin_gwic1235,drink,athabaskaneyaktlingit.drink.0100
Han_hann1241,drink,?
Hupa-Chilula_hupa1239,drink,athabaskaneyaktlingit.drink.0093
JicarillaApache_jica1244,drink,athabaskaneyaktlingit.drink.0097
JicarillaApache_jica1244,drink,athabaskaneyaktlingit.drink.0097
Kaska_kask1239,drink,athabaskaneyaktlingit.drink.0093
Kato_kato1244,drink,athabaskaneyaktlingit.drink.0093
Koyukon_koyu1237,drink,athabaskaneyaktlingit.drink.0099
LipanApache_lipa1241,drink,athabaskaneyaktlingit.drink.0097
LowerTanana_lowe1425,drink,athabaskaneyaktlingit.drink.0093
LowerTanana_lowe1425,drink,athabaskaneyaktlingit.drink.0102
Mattole-BearRiver_matt1238,drink,athabaskaneyaktlingit.drink.0093
Mescalero-ChiricahuaApache_mesc1238,drink,athabaskaneyaktlingit.drink.0097
Navajo_nava1243,drink,athabaskaneyaktlingit.drink.0097
Navajo_nava1243,drink,athabaskaneyaktlingit.drink.0097
NorthSlavey_nort2942,drink,athabaskaneyaktlingit.drink.0094
Sarsi_sars1236,drink,athabaskaneyaktlingit.drink.0093
SouthSlavey_sout2959,drink,?
Tanacross_tana1290,drink,athabaskaneyaktlingit.drink.0101
Tlingit_tlin1245,drink,athabaskaneyaktlingit.drink.0093
Tlingit_tlin1245,drink,athabaskaneyaktlingit.drink.0097
UpperKuskokwim_uppe1438,drink,?
UpperTanana_uppe1437,drink,athabaskaneyaktlingit.drink.0093
WesternApache_west2615,drink,athabaskaneyaktlingit.drink.0097
Ahtena_ahte1237,ear,athabaskaneyaktlingit.ear.0103
Ahtena_ahte1237,ear,athabaskaneyaktlingit.ear.0104
Beaver_beav1236,ear,athabaskaneyaktlingit.ear.0104
CentralCarrier_carr1249,ear,athabaskaneyaktlingit.ear.0105
CentralCarrier_carr1249,ear,athabaskaneyaktlingit.ear.0106
Chilcotin-Nicola_chil1280,ear,athabaskaneyaktlingit.ear.0104
Chipewyan_chip1261,ear,athabaskaneyaktlingit.ear.0104
Denaina_tana1289,ear,athabaskaneyaktlingit.ear.0104
Denaina_tana1289,ear,athabaskaneyaktlingit.ear.0110
Denaina_tana1289,ear,athabaskaneyaktlingit.ear.0110
Denaina_tana1289,ear,athabaskaneyaktlingit.ear.0115
Dogrib_dogr1252,ear,athabaskaneyaktlingit.ear.0105
Dogrib_dogr1252,ear,athabaskaneyaktlingit.ear.0116
Eyak_eyak1241,ear,athabaskaneyaktlingit.ear.0107
Galice_gali1261,ear,athabaskaneyaktlingit.ear.0108
Gwichin_gwic1235,ear,athabaskaneyaktlingit.ear.0113
Han_hann1241,ear,athabaskaneyaktlingit.ear.0109
Hupa-Chilula_hupa1239,ear,athabaskaneyaktlingit.ear.0106
Hupa-Chilula_hupa1239,ear,athabaskaneyaktlingit.ear.0112
JicarillaApache_jica1244,ear,athabaskaneyaktlingit.ear.0106
JicarillaApache_jica1244,ear,athabaskaneyaktlingit.ear.0111
Kaska_kask1239,ear,?
Kato_kato1244,ear,athabaskaneyaktlingit.ear.0106
Koyukon_koyu1237,ear,athabaskaneyaktlingit.ear.0112
LipanApache_lipa1241,ear,athabaskaneyaktlingit.ear.0106
LowerTanana_lowe1425,ear,athabaskaneyaktlingit.ear.0104
Mattole-BearRiver_matt1238,ear,athabaskaneyaktlingit.ear.0110
Mescalero-ChiricahuaApache_mesc1238,ear,athabaskaneyaktlingit.ear.0106
Navajo_nava1243,ear,athabaskaneyaktlingit.ear.0106
Navajo_nava1243,ear,athabaskaneyaktlingit.ear.0112
NorthSlavey_nort2942,ear,athabaskaneyaktlingit.ear.0105
Sarsi_sars1236,ear,athabaskaneyaktlingit.ear.0104
SouthSlavey_sout2959,ear,athabaskaneyaktlingit.ear.0114
Tanacross_tana1290,ear,athabaskaneyaktlingit.ear.0104
Tlingit_tlin1245,ear,athabaskaneyaktlingit.ear.0105
UpperKuskokwim_uppe1438,ear,athabaskaneyaktlingit.ear.0104
UpperTanana_uppe1437,ear,athabaskaneyaktlingit.ear.0104
WesternApache_west2615,ear,athabaskaneyaktlingit.ear.0106
Ahtena_ahte1237,eye,athabaskaneyaktlingit.eye.0117
Ahtena_ahte1237,eye,athabaskaneyaktlingit.eye.0120
Beaver_beav1236,eye,athabaskaneyaktlingit.eye.0118
CentralCarrier_carr1249,eye,athabaskaneyaktlingit.eye.0119
CentralCarrier_carr1249,eye,athabaskaneyaktlingit.eye.0119
Chilcotin-Nicola_chil1280,eye,athabaskaneyaktlingit.eye.0120
Chipewyan_chip1261,eye,athabaskaneyaktlingit.eye.0120
Denaina_tana1289,eye,athabaskaneyaktlingit.eye.0120
Denaina_tana1289,eye,athabaskaneyaktlingit.eye.0120
Denaina_tana1289,eye,athabaskaneyaktlingit.eye.0120
Denaina_tana1289,eye,athabaskaneyaktlingit.eye.0124
Dogrib_dogr1252,eye,athabaskaneyaktlingit.eye.0121
Dogrib_dogr1252,eye,athabaskaneyaktlingit.eye.0121
Eyak_eyak1241,eye,athabaskaneyaktlingit.eye.0120
Eyak_eyak1241,eye,athabaskaneyaktlingit.eye.0122
Galice_gali1261,eye,athabaskaneyaktlingit.eye.0118
Gwichin_gwic1235,eye,athabaskaneyaktlingit.eye.0119
Han_hann1241,eye,athabaskaneyaktlingit.eye.0123
Hupa-Chilula_hupa1239,eye,athabaskaneyaktlingit.eye.0119
JicarillaApache_jica1244,eye,athabaskaneyaktlingit.eye.0118
JicarillaApache_jica1244,eye,athabaskaneyaktlingit.eye.0119
Kaska_kask1239,eye,athabaskaneyaktlingit.eye.0118
Kato_kato1244,eye,athabaskaneyaktlingit.eye.0119
Koyukon_koyu1237,eye,athabaskaneyaktlingit.eye.0120
LipanApache_lipa1241,eye,athabaskaneyaktlingit.eye.0119
LowerTanana_lowe1425,eye,athabaskaneyaktlingit.eye.0120
Mattole-BearRiver_matt1238,eye,athabaskaneyaktlingit.eye.0119
Mescalero-ChiricahuaApache_mesc1238,eye,athabaskaneyaktlingit.eye.0119
Navajo_nava1243,eye,athabaskaneyaktlingit.eye.0119
Navajo_nava1243,eye,athabaskaneyaktlingit.eye.0119
NorthSlavey_nort2942,eye,athabaskaneyaktlingit.eye.0121
Sarsi_sars1236,eye,athabaskaneyaktlingit.eye.0120
SouthSlavey_sout2959,eye,athabaskaneyaktlingit.eye.0118
Tanacross_tana1290,eye,athabaskaneyaktlingit.eye.0120
Tlingit_tlin1245,eye,athabaskaneyaktlingit.eye.0125
UpperKuskokwim_uppe1438,eye,athabaskaneyaktlingit.eye.0120
UpperTanana_uppe1437,eye,athabaskaneyaktlingit.eye.0120
WesternApache_west2615,eye,athabaskaneyaktlingit.eye.0119
Ahtena_ahte1237,fire,athabaskaneyaktlingit.fire.0126
Ahtena_ahte1237,fire,athabaskaneyaktlingit.fire.0126
Beaver_beav1236,fire,athabaskaneyaktlingit.fire.0126
CentralCarrier_carr1249,fire,athabaskaneyaktlingit.fire.0126
CentralCarrier_carr1249,fire,athabaskaneyaktlingit.fire.0126
Chilcotin-Nicola_chil1280,fire,athabaskaneyaktlingit.fire.0127
Chipewyan_chip1261,fire,athabaskaneyaktlingit.fire.0126
Denaina_tana1289,fire,athabaskaneyaktlingit.fire.0126
Denaina_tana1289,fire,athabaskaneyaktlingit.fire.0130
Denaina_tana1289,fire,athabaskaneyaktlingit.fire.0130
Denaina_tana1289,fire,athabaskaneyaktlingit.fire.0130
Dogrib_dogr1252,fire,athabaskaneyaktlingit.fire.0126
Eyak_eyak1241,fire,athabaskaneyaktlingit.fire.0128
Galice_gali1261,fire,athabaskaneyaktlingit.fire.0126
Gwichin_gwic1235,fire,athabaskaneyaktlingit.fire.0126
Han_hann1241,fire,athabaskaneyaktlingit.fire.0129
Hupa-Chilula_hupa1239,fire,athabaskaneyaktlingit.fire.0126
JicarillaApache_jica1244,fire,athabaskaneyaktlingit.fire.0126
JicarillaApache_jica1244,fire,athabaskaneyaktlingit.fire.0126
Kaska_kask1239,fire,athabaskaneyaktlingit.fire.0126
Kato_kato1244,fire,athabaskaneyaktlingit.fire.0126
Koyukon_koyu1237,fire,athabaskaneyaktlingit.fire.0131
LipanApache_lipa1241,fire,athabaskaneyaktlingit.fire.0126
LowerTanana_lowe1425,fire,athabaskaneyaktlingit.fire.0126
Mattole-BearRiver_matt1238,fire,athabaskaneyaktlingit.fire.0126
Mescalero-ChiricahuaApache_mesc1238,fire,athabaskaneyaktlingit.fire.0126
Navajo_nava1243,fire,athabaskaneyaktlingit.fire.0126
Navajo_nava1243,fire,athabaskaneyaktlingit.fire.0126
NorthSlavey_nort2942,fire,athabaskaneyaktlingit.fire.0126
Sarsi_sars1236,fire,athabaskaneyaktlingit.fire.0126
SouthSlavey_sout2959,fire,athabaskaneyaktlingit.fire.0126
Tanacross_tana1290,fire,athabaskaneyaktlingit.fire.0126
Tlingit_tlin1245,fire,athabaskaneyaktlingit.fire.0132
UpperKuskokwim_uppe1438,fire,athabaskaneyaktlingit.fire.0126
UpperTanana_uppe1437,fire,athabaskaneyaktlingit.fire.0126
WesternApache_west2615,fire,athabaskaneyaktlingit.fire.0126
Ahtena_ahte1237,fish,athabaskaneyaktlingit.fish.0133
Ahtena_ahte1237,fish,athabaskaneyaktlingit.fish.0137
Beaver_beav1236,fish,athabaskaneyaktlingit.fish.0134
CentralCarrier_carr1249,fish,athabaskaneyaktlingit.fish.0134
CentralCarrier_carr1249,fish,athabaskaneyaktlingit.fish.0135
Chilcotin-Nicola_chil1280,fish,athabaskaneyaktlingit.fish.0134
Chipewyan_chip1261,fish,athabaskaneyaktlingit.fish.0134
Denaina_tana1289,fish,athabaskaneyaktlingit.fish.0137
Denaina_tana1289,fish,athabaskaneyaktlingit.fish.0137
Denaina_tana1289,fish,athabaskaneyaktlingit.fish.0137
Denaina_tana1289,fish,athabaskaneyaktlingit.fish.0137
Denaina_tana1289,fish,athabaskaneyaktlingit.fish.0137
Dogrib_dogr1252,fish,athabaskaneyaktlingit.fish.0134
Dogrib_dogr1252,fish,athabaskaneyaktlingit.fish.0134
Eyak_eyak1241,fish,athabaskaneyaktlingit.fish.0136
Galice_gali1261,fish,athabaskaneyaktlingit.fish.0134
Gwichin_gwic1235,fish,athabaskaneyaktlingit.fish.0134
Han_hann1241,fish,athabaskaneyaktlingit.fish.0134
Hupa-Chilula_hupa1239,fish,athabaskaneyaktlingit.fish.0134
Hupa-Chilula_hupa1239,fish,athabaskaneyaktlingit.fish.0139
JicarillaApache_jica1244,fish,athabaskaneyaktlingit.fish.0134
JicarillaApache_jica1244,fish,athabaskaneyaktlingit.fish.0134
Kaska_kask1239,fish,athabaskaneyaktlingit.fish.0134
Kato_kato1244,fish,athabaskaneyaktlingit.fish.0134
Koyukon_koyu1237,fish,athabaskaneyaktlingit.fish.0134
LipanApache_lipa1241,fish,athabaskaneyaktlingit.fish.0134
LowerTanana_lowe1425,fish,athabaskaneyaktlingit.fish.0134
Mattole-BearRiver_matt1238,fish,athabaskaneyaktlingit.fish.0134
Mescalero-ChiricahuaApache_mesc1238,fish,athabaskaneyaktlingit.fish.0134
Navajo_nava1243,fish,athabaskaneyaktlingit.fish.0134
Navajo_nava1243,fish,athabaskaneyaktlingit.fish.0134
NorthSlavey_nort2942,fish,athabaskaneyaktlingit.fish.0134
Sarsi_sars1236,fish,athabaskaneyaktlingit.fish.0134
SouthSlavey_sout2959,fish,athabaskaneyaktlingit.fish.0134
Tanacross_tana1290,fish,athabaskaneyaktlingit.fish.0134
Tlingit_tlin1245,fish,athabaskaneyaktlingit.fish.0138
UpperKuskokwim_uppe1438,fish,athabaskaneyaktlingit.fish.0134
UpperTanana_uppe1437,fish,athabaskaneyaktlingit.fish.0134
UpperTanana_uppe1437,fish,athabaskaneyaktlingit.fish.0134
WesternApache_west2615,fish,athabaskaneyaktlingit.fish.0134
Ahtena_ahte1237,full,athabaskaneyaktlingit.full.0140
Ahtena_ahte1237,full,athabaskaneyaktlingit.full.0140
Beaver_beav1236,full,?
CentralCarrier_carr1249,full,athabaskaneyaktlingit.full.0141
CentralCarrier_carr1249,full,athabaskaneyaktlingit.full.0142
CentralCarrier_carr1249,full,athabaskaneyaktlingit.full.0158
Chilcotin-Nicola_chil1280,full,?
Chipewyan_chip1261,full,athabaskaneyaktlingit.full.0143
Denaina_tana1289,full,athabaskaneyaktlingit.full.0140
Denaina_tana1289,full,athabaskaneyaktlingit.full.0140
Denaina_tana1289,full,athabaskaneyaktlingit.full.0159
Denaina_tana1289,full,athabaskaneyaktlingit.full.0160
Dogrib_dogr1252,full,?
Eyak_eyak1241,full,athabaskaneyaktlingit.full.0145
Galice_gali1261,full,athabaskaneyaktlingit.full.0146
Gwichin_gwic1235,full,athabaskaneyaktlingit.full.0152
Han_hann1241,full,?
Hupa-Chilula_hupa1239,full,?
JicarillaApache_jica1244,full,athabaskaneyaktlingit.full.0144
JicarillaApache_jica1244,full,athabaskaneyaktlingit.full.0148
Kaska_kask1239,full,athabaskaneyaktlingit.full.0149
Kato_kato1244,full,athabaskaneyaktlingit.full.0150
Koyukon_koyu1237,full,athabaskaneyaktlingit.full.0151
LipanApache_lipa1241,full,athabaskaneyaktlingit.full.0144
LowerTanana_lowe1425,full,athabaskaneyaktlingit.full.0140
LowerTanana_lowe1425,full,athabaskaneyaktlingit.full.0140
Mattole-BearRiver_matt1238,full,athabaskaneyaktlingit.full.0153
Mescalero-ChiricahuaApache_mesc1238,full,athabaskaneyaktlingit.full.0144
Navajo_nava1243,full,athabaskaneyaktlingit.full.0144
Navajo_nava1243,full,athabaskaneyaktlingit.full.0154
NorthSlavey_nort2942,full,athabaskaneyaktlingit.full.0147
Sarsi_sars1236,full,athabaskaneyaktlingit.full.0140
SouthSlavey_sout2959,full,?
Tanacross_tana1290,full,athabaskaneyaktlingit.full.0155
Tlingit_tlin1245,full,athabaskaneyaktlingit.full.0140
Tlingit_tlin1245,full,athabaskaneyaktlingit.full.0156
UpperKuskokwim_uppe1438,full,athabaskaneyaktlingit.full.0157
UpperTanana_uppe1437,full,athabaskaneyaktlingit.full.0140
WesternApache_west2615,full,athabaskaneyaktlingit.full.0144
Ahtena_ahte1237,hand,athabaskaneyaktlingit.hand.0161
Ahtena_ahte1237,hand,athabaskaneyaktlingit.hand.0161
Beaver_beav1236,hand,athabaskaneyaktlingit.hand.0161
CentralCarrier_carr1249,hand,athabaskaneyaktlingit.hand.0161
CentralCarrier_carr1249,hand,athabaskaneyaktlingit.hand.0161
Chilcotin-Nicola_chil1280,hand,athabaskaneyaktlingit.hand.0161
Chipewyan_chip1261,hand,athabaskaneyaktlingit.hand.0161
Denaina_tana1289,hand,athabaskaneyaktlingit.hand.0163
Denaina_tana1289,hand,athabaskaneyaktlingit.hand.0163
Denaina_tana1289,hand,athabaskaneyaktlingit.hand.0163
Denaina_tana1289,hand,athabaskaneyaktlingit.hand.0163
Dogrib_dogr1252,hand,athabaskaneyaktlingit.hand.0161
Dogrib_dogr1252,hand,athabaskaneyaktlingit.hand.0161
Eyak_eyak1241,hand,athabaskaneyaktlingit.hand.0161
Eyak_eyak1241,hand,athabaskaneyaktlingit.hand.0162
Galice_gali1261,hand,athabaskaneyaktlingit.hand.0161
Gwichin_gwic1235,hand,athabaskaneyaktlingit.hand.0161
Han_hann1241,hand,athabaskaneyaktlingit.hand.0161
Hupa-Chilula_hupa1239,hand,athabaskaneyaktlingit.hand.0161
JicarillaApache_jica1244,hand,athabaskaneyaktlingit.hand.0161
JicarillaApache_jica1244,hand,athabaskaneyaktlingit.hand.0161
JicarillaApache_jica1244,hand,athabaskaneyaktlingit.hand.0161
Kaska_kask1239,hand,athabaskaneyaktlingit.hand.0161
Kato_kato1244,hand,athabaskaneyaktlingit.hand.0161
Koyukon_koyu1237,hand,athabaskaneyaktlingit.hand.0161
LipanApache_lipa1241,hand,athabaskaneyaktlingit.hand.0161
LowerTanana_lowe1425,hand,athabaskaneyaktlingit.hand.0161
Mattole-BearRiver_matt1238,hand,athabaskaneyaktlingit.hand.0161
Mescalero-ChiricahuaApache_mesc1238,hand,athabaskaneyaktlingit.hand.0161
Navajo_nava1243,hand,athabaskaneyaktlingit.hand.0161
Navajo_nava1243,hand,athabaskaneyaktlingit.hand.0161
NorthSlavey_nort2942,hand,athabaskaneyaktlingit.hand.0161
Sarsi_sars1236,hand,athabaskaneyaktlingit.hand.0161
SouthSlavey_sout2959,hand,athabaskaneyaktlingit.hand.0161
Tanacross_tana1290,hand,athabaskaneyaktlingit.hand.0161
Tlingit_tlin1245,hand,athabaskaneyaktlingit.hand.0164
UpperKuskokwim_uppe1438,hand,athabaskaneyaktlingit.hand.0161
UpperTanana_uppe1437,hand,athabaskaneyaktlingit.hand.0161
WesternApache_west2615,hand,athabaskaneyaktlingit.hand.0161
Ahtena_ahte1237,hear,athabaskaneyaktlingit.hear.0165
Ahtena_ahte1237,hear,athabaskaneyaktlingit.hear.0167
Beaver_beav1236,hear,athabaskaneyaktlingit.hear.0166
CentralCarrier_carr1249,hear,athabaskaneyaktlingit.hear.0167
CentralCarrier_carr1249,hear,athabaskaneyaktlingit.hear.0167
Chilcotin-Nicola_chil1280,hear,?
Chipewyan_chip1261,hear,athabaskaneyaktlingit.hear.0168
Denaina_tana1289,hear,athabaskaneyaktlingit.hear.0170
Denaina_tana1289,hear,athabaskaneyaktlingit.hear.0170
Dogrib_dogr1252,hear,athabaskaneyaktlingit.hear.0169
Dogrib_dogr1252,hear,athabaskaneyaktlingit.hear.0169
Eyak_eyak1241,hear,athabaskaneyaktlingit.hear.0170
Eyak_eyak1241,hear,athabaskaneyaktlingit.hear.0170
Galice_gali1261,hear,athabaskaneyaktlingit.hear.0167
Gwichin_gwic1235,hear,athabaskaneyaktlingit.hear.0173
Han_hann1241,hear,?
Hupa-Chilula_hupa1239,hear,?
JicarillaApache_jica1244,hear,athabaskaneyaktlingit.hear.0166
Kaska_kask1239,hear,athabaskaneyaktlingit.hear.0166
Kato_kato1244,hear,athabaskaneyaktlingit.hear.0166
Koyukon_koyu1237,hear,athabaskaneyaktlingit.hear.0172
LipanApache_lipa1241,hear,athabaskaneyaktlingit.hear.0167
LowerTanana_lowe1425,hear,athabaskaneyaktlingit.hear.0174
Mattole-BearRiver_matt1238,hear,athabaskaneyaktlingit.hear.0167
Mescalero-ChiricahuaApache_mesc1238,hear,athabaskaneyaktlingit.hear.0167
Navajo_nava1243,hear,athabaskaneyaktlingit.hear.0167
Navajo_nava1243,hear,athabaskaneyaktlingit.hear.0167
NorthSlavey_nort2942,hear,athabaskaneyaktlingit.hear.0171
Sarsi_sars1236,hear,athabaskaneyaktlingit.hear.0167
SouthSlavey_sout2959,hear,athabaskaneyaktlingit.hear.0175
Tanacross_tana1290,hear,athabaskaneyaktlingit.hear.0166
Tlingit_tlin1245,hear,athabaskaneyaktlingit.hear.0176
UpperKuskokwim_uppe1438,hear,athabaskaneyaktlingit.hear.0177
UpperTanana_uppe1437,hear,athabaskaneyaktlingit.hear.0166
WesternApache_west2615,hear,athabaskaneyaktlingit.hear.0166
Ahtena_ahte1237,horn,athabaskaneyaktlingit.horn.0178
Ahtena_ahte1237,horn,athabaskaneyaktlingit.horn.0178
Beaver_beav1236,horn,athabaskaneyaktlingit.horn.0178
CentralCarrier_carr1249,horn,athabaskaneyaktlingit.horn.0178
CentralCarrier_carr1249,horn,athabaskaneyaktlingit.horn.0178
Chilcotin-Nicola_chil1280,horn,?
Chipewyan_chip1261,horn,athabaskaneyaktlingit.horn.0178
Denaina_tana1289,horn,athabaskaneyaktlingit.horn.0178
Denaina_tana1289,horn,athabaskaneyaktlingit.horn.0178
Denaina_tana1289,horn,athabaskaneyaktlingit.horn.0178
Denaina_tana1289,horn,athabaskaneyaktlingit.horn.0178
Denaina_tana1289,horn,athabaskaneyaktlingit.horn.0178
Dogrib_dogr1252,horn,athabaskaneyaktlingit.horn.0178
Eyak_eyak1241,horn,athabaskaneyaktlingit.horn.0178
Galice_gali1261,horn,athabaskaneyaktlingit.horn.0178
Gwichin_gwic1235,horn,athabaskaneyaktlingit.horn.0180
Han_hann1241,horn,athabaskaneyaktlingit.horn.0179
Hupa-Chilula_hupa1239,horn,athabaskaneyaktlingit.horn.0178
JicarillaApache_jica1244,horn,athabaskaneyaktlingit.horn.0178
JicarillaApache_jica1244,horn,athabaskaneyaktlingit.horn.0178
JicarillaApache_jica1244,horn,athabaskaneyaktlingit.horn.0180
Kaska_kask1239,horn,?
Kato_kato1244,horn,athabaskaneyaktlingit.horn.0178
Koyukon_koyu1237,horn,athabaskaneyaktlingit.horn.0178
LipanApache_lipa1241,horn,athabaskaneyaktlingit.horn.0178
LowerTanana_lowe1425,horn,athabaskaneyaktlingit.horn.0178
Mattole-BearRiver_matt1238,horn,athabaskaneyaktlingit.horn.0178
Mescalero-ChiricahuaApache_mesc1238,horn,athabaskaneyaktlingit.horn.0178
Navajo_nava1243,horn,athabaskaneyaktlingit.horn.0178
Navajo_nava1243,horn,athabaskaneyaktlingit.horn.0178
NorthSlavey_nort2942,horn,athabaskaneyaktlingit.horn.0178
Sarsi_sars1236,horn,athabaskaneyaktlingit.horn.0178
SouthSlavey_sout2959,horn,athabaskaneyaktlingit.horn.0181
Tanacross_tana1290,horn,athabaskaneyaktlingit.horn.0178
Tlingit_tlin1245,horn,athabaskaneyaktlingit.horn.0181
Tlingit_tlin1245,horn,athabaskaneyaktlingit.horn.0181
UpperKuskokwim_uppe1438,horn,athabaskaneyaktlingit.horn.0178
UpperTanana_uppe1437,horn,athabaskaneyaktlingit.horn.0178
WesternApache_west2615,horn,athabaskaneyaktlingit.horn.0178
Ahtena_ahte1237,knee,athabaskaneyaktlingit.knee.0182
Ahtena_ahte1237,knee,athabaskaneyaktlingit.knee.0182
Beaver_beav1236,knee,?
CentralCarrier_carr1249,knee,athabaskaneyaktlingit.knee.0182
CentralCarrier_carr1249,knee,athabaskaneyaktlingit.knee.0182
Chilcotin-Nicola_chil1280,knee,?
Chipewyan_chip1261,knee,athabaskaneyaktlingit.knee.0183
Denaina_tana1289,knee,athabaskaneyaktlingit.knee.0187
Denaina_tana1289,knee,athabaskaneyaktlingit.knee.0187
Denaina_tana1289,knee,athabaskaneyaktlingit.knee.0187
Denaina_tana1289,knee,athabaskaneyaktlingit.knee.0187
Dogrib_dogr1252,knee,athabaskaneyaktlingit.knee.0185
Dogrib_dogr1252,knee,athabaskaneyaktlingit.knee.0185
Eyak_eyak1241,knee,athabaskaneyaktlingit.knee.0186
Galice_gali1261,knee,athabaskaneyaktlingit.knee.0184
Gwichin_gwic1235,knee,athabaskaneyaktlingit.knee.0182
Han_hann1241,knee,athabaskaneyaktlingit.knee.0182
Hupa-Chilula_hupa1239,knee,athabaskaneyaktlingit.knee.0182
JicarillaApache_jica1244,knee,athabaskaneyaktlingit.knee.0184
JicarillaApache_jica1244,knee,athabaskaneyaktlingit.knee.0184
Kaska_kask1239,knee,athabaskaneyaktlingit.knee.0182
Kato_kato1244,knee,athabaskaneyaktlingit.knee.0182
Koyukon_koyu1237,knee,athabaskaneyaktlingit.knee.0182
LipanApache_lipa1241,knee,athabaskaneyaktlingit.knee.0184
LowerTanana_lowe1425,knee,athabaskaneyaktlingit.knee.0182
Mattole-BearRiver_matt1238,knee,athabaskaneyaktlingit.knee.0182
Mescalero-ChiricahuaApache_mesc1238,knee,athabaskaneyaktlingit.knee.0184
Navajo_nava1243,knee,athabaskaneyaktlingit.knee.0182
Navajo_nava1243,knee,athabaskaneyaktlingit.knee.0182
NorthSlavey_nort2942,knee,athabaskaneyaktlingit.knee.0185
Sarsi_sars1236,knee,athabaskaneyaktlingit.knee.0182
SouthSlavey_sout2959,knee,athabaskaneyaktlingit.knee.0184
Tanacross_tana1290,knee,athabaskaneyaktlingit.knee.0182
Tlingit_tlin1245,knee,athabaskaneyaktlingit.knee.0188
UpperKuskokwim_uppe1438,knee,athabaskaneyaktlingit.knee.0182
UpperTanana_uppe1437,knee,athabaskaneyaktlingit.knee.0182
WesternApache_west2615,knee,athabaskaneyaktlingit.knee.0182
Ahtena_ahte1237,leaf,athabaskaneyaktlingit.leaf.0189
Ahtena_ahte1237,leaf,athabaskaneyaktlingit.leaf.0189
Beaver_beav1236,leaf,athabaskaneyaktlingit.leaf.0189
CentralCarrier_carr1249,leaf,athabaskaneyaktlingit.leaf.0189
CentralCarrier_carr1249,leaf,athabaskaneyaktlingit.leaf.0189
Chilcotin-Nicola_chil1280,leaf,athabaskaneyaktlingit.leaf.0190
Chipewyan_chip1261,leaf,athabaskaneyaktlingit.leaf.0189
Denaina_tana1289,leaf,athabaskaneyaktlingit.leaf.0189
Denaina_tana1289,leaf,athabaskaneyaktlingit.leaf.0189
Denaina_tana1289,leaf,athabaskaneyaktlingit.leaf.0189
Denaina_tana1289,leaf,athabaskaneyaktlingit.leaf.0189
Dogrib_dogr1252,leaf,athabaskaneyaktlingit.leaf.0190
Dogrib_dogr1252,leaf,athabaskaneyaktlingit.leaf.0190
Eyak_eyak1241,leaf,athabaskaneyaktlingit.leaf.0189
Galice_gali1261,leaf,athabaskaneyaktlingit.leaf.0189
Gwichin_gwic1235,leaf,athabaskaneyaktlingit.leaf.0189
Han_hann1241,leaf,athabaskaneyaktlingit.leaf.0191
Hupa-Chilula_hupa1239,leaf,athabaskaneyaktlingit.leaf.0189
JicarillaApache_jica1244,leaf,athabaskaneyaktlingit.leaf.0189
Kaska_kask1239,leaf,athabaskaneyaktlingit.leaf.0189
Kaska_kask1239,leaf,athabaskaneyaktlingit.leaf.0189
Kato_kato1244,leaf,?
Koyukon_koyu1237,leaf,athabaskaneyaktlingit.leaf.0189
LipanApache_lipa1241,leaf,athabaskaneyaktlingit.leaf.0189
LowerTanana_lowe1425,leaf,athabaskaneyaktlingit.leaf.0192
Mattole-BearRiver_matt1238,leaf,athabaskaneyaktlingit.leaf.0189
Mescalero-ChiricahuaApache_mesc1238,leaf,athabaskaneyaktlingit.leaf.0189
Navajo_nava1243,leaf,athabaskaneyaktlingit.leaf.0189
Navajo_nava1243,leaf,athabaskaneyaktlingit.leaf.0189
NorthSlavey_nort2942,leaf,athabaskaneyaktlingit.leaf.0190
Sarsi_sars1236,leaf,athabaskaneyaktlingit.leaf.0190
SouthSlavey_sout2959,leaf,athabaskaneyaktlingit.leaf.0190
Tanacross_tana1290,leaf,athabaskaneyaktlingit.leaf.0189
Tlingit_tlin1245,leaf,athabaskaneyaktlingit.leaf.0189
UpperKuskokwim_uppe1438,leaf,athabaskaneyaktlingit.leaf.0189
UpperTanana_uppe1437,leaf,athabaskaneyaktlingit.leaf.0189
UpperTanana_uppe1437,leaf,athabaskaneyaktlingit.leaf.0189
WesternApache_west2615,leaf,athabaskaneyaktlingit.leaf.0189
Ahtena_ahte1237,liver,athabaskaneyaktlingit.liver.0193
Ahtena_ahte1237,liver,athabaskaneyaktlingit.liver.0193
Beaver_beav1236,liver,?
CentralCarrier_carr1249,liver,athabaskaneyaktlingit.liver.0193
Chilcotin-Nicola_chil1280,liver,athabaskaneyaktlingit.liver.0194
Chipewyan_chip1261,liver,?
Denaina_tana1289,liver,athabaskaneyaktlingit.liver.0196
Denaina_tana1289,liver,athabaskaneyaktlingit.liver.0196
Denaina_tana1289,liver,athabaskaneyaktlingit.liver.0196
Denaina_tana1289,liver,athabaskaneyaktlingit.liver.0199
Dogrib_dogr1252,liver,athabaskaneyaktlingit.liver.0195
Dogrib_dogr1252,liver,athabaskaneyaktlingit.liver.0200
Eyak_eyak1241,liver,athabaskaneyaktlingit.liver.0193
Galice_gali1261,liver,?
Gwichin_gwic1235,liver,?
Han_hann1241,liver,athabaskaneyaktlingit.liver.0193
Hupa-Chilula_hupa1239,liver,athabaskaneyaktlingit.liver.0193
JicarillaApache_jica1244,liver,athabaskaneyaktlingit.liver.0193
Kaska_kask1239,liver,athabaskaneyaktlingit.liver.0193
Kato_kato1244,liver,?
Koyukon_koyu1237,liver,athabaskaneyaktlingit.liver.0197
LipanApache_lipa1241,liver,?
LowerTanana_lowe1425,liver,athabaskaneyaktlingit.liver.0193
Mattole-BearRiver_matt1238,liver,?
Mescalero-ChiricahuaApache_mesc1238,liver,?
Navajo_nava1243,liver,athabaskaneyaktlingit.liver.0193
NorthSlavey_nort2942,liver,?
Sarsi_sars1236,liver,?
SouthSlavey_sout2959,liver,athabaskaneyaktlingit.liver.0194
Tanacross_tana1290,liver,athabaskaneyaktlingit.liver.0193
Tlingit_tlin1245,liver,athabaskaneyaktlingit.liver.0198
UpperKuskokwim_uppe1438,liver,athabaskaneyaktlingit.liver.0193
UpperTanana_uppe1437,liver,athabaskaneyaktlingit.liver.0193
WesternApache_west2615,liver,?
Ahtena_ahte1237,louse,athabaskaneyaktlingit.louse.0201
Ahtena_ahte1237,louse,athabaskaneyaktlingit.louse.0212
Beaver_beav1236,louse,athabaskaneyaktlingit.louse.0202
CentralCarrier_carr1249,louse,athabaskaneyaktlingit.louse.0203
Chilcotin-Nicola_chil1280,louse,?
Chipewyan_chip1261,louse,athabaskaneyaktlingit.louse.0204
Denaina_tana1289,louse,athabaskaneyaktlingit.louse.0202
Denaina_tana1289,louse,athabaskaneyaktlingit.louse.0202
Denaina_tana1289,louse,athabaskaneyaktlingit.louse.0202
Denaina_tana1289,louse,athabaskaneyaktlingit.louse.0202
Dogrib_dogr1252,louse,athabaskaneyaktlingit.louse.0204
Dogrib_dogr1252,louse,athabaskaneyaktlingit.louse.0204
Eyak_eyak1241,louse,athabaskaneyaktlingit.louse.0205
Galice_gali1261,louse,athabaskaneyaktlingit.louse.0206
Gwichin_gwic1235,louse,athabaskaneyaktlingit.louse.0204
Han_hann1241,louse,athabaskaneyaktlingit.louse.0204
Hupa-Chilula_hupa1239,louse,athabaskaneyaktlingit.louse.0207
JicarillaApache_jica1244,louse,athabaskaneyaktlingit.louse.0208
Kaska_kask1239,louse,athabaskaneyaktlingit.louse.0209
Kato_kato1244,louse,athabaskaneyaktlingit.louse.0202
Koyukon_koyu1237,louse,athabaskaneyaktlingit.louse.0210
LipanApache_lipa1241,louse,athabaskaneyaktlingit.louse.0208
LowerTanana_lowe1425,louse,athabaskaneyaktlingit.louse.0211
Mattole-BearRiver_matt1238,louse,athabaskaneyaktlingit.louse.0213
Mescalero-ChiricahuaApache_mesc1238,louse,athabaskaneyaktlingit.louse.0204
Navajo_nava1243,louse,athabaskaneyaktlingit.louse.0214
Navajo_nava1243,louse,athabaskaneyaktlingit.louse.0215
NorthSlavey_nort2942,louse,athabaskaneyaktlingit.louse.0204
Sarsi_sars1236,louse,athabaskaneyaktlingit.louse.0216
SouthSlavey_sout2959,louse,?
Tanacross_tana1290,louse,athabaskaneyaktlingit.louse.0212
Tlingit_tlin1245,louse,athabaskaneyaktlingit.louse.0217
UpperKuskokwim_uppe1438,louse,?
UpperTanana_uppe1437,louse,athabaskaneyaktlingit.louse.0212
WesternApache_west2615,louse,athabaskaneyaktlingit.louse.0208
Ahtena_ahte1237,mountain,athabaskaneyaktlingit.mountain.0218
Ahtena_ahte1237,mountain,athabaskaneyaktlingit.mountain.0218
Beaver_beav1236,mountain,?
CentralCarrier_carr1249,mountain,athabaskaneyaktlingit.mountain.0218
Chilcotin-Nicola_chil1280,mountain,?
Chipewyan_chip1261,mountain,?
Denaina_tana1289,mountain,athabaskaneyaktlingit.mountain.0221
Denaina_tana1289,mountain,athabaskaneyaktlingit.mountain.0221
Denaina_tana1289,mountain,athabaskaneyaktlingit.mountain.0221
Denaina_tana1289,mountain,athabaskaneyaktlingit.mountain.0221
Dogrib_dogr1252,mountain,athabaskaneyaktlingit.mountain.0218
Dogrib_dogr1252,mountain,athabaskaneyaktlingit.mountain.0218
Eyak_eyak1241,mountain,athabaskaneyaktlingit.mountain.0219
Galice_gali1261,mountain,?
Gwichin_gwic1235,mountain,?
Han_hann1241,mountain,athabaskaneyaktlingit.mountain.0218
Hupa-Chilula_hupa1239,mountain,athabaskaneyaktlingit.mountain.0220
JicarillaApache_jica1244,mountain,athabaskaneyaktlingit.mountain.0218
Kaska_kask1239,mountain,athabaskaneyaktlingit.mountain.0218
Kato_kato1244,mountain,?
Koyukon_koyu1237,mountain,athabaskaneyaktlingit.mountain.0218
LipanApache_lipa1241,mountain,?
LowerTanana_lowe1425,mountain,athabaskaneyaktlingit.mountain.0218
Mattole-BearRiver_matt1238,mountain,?
Mescalero-ChiricahuaApache_mesc1238,mountain,?
Navajo_nava1243,mountain,athabaskaneyaktlingit.mountain.0218
NorthSlavey_nort2942,mountain,?
Sarsi_sars1236,mountain,?
SouthSlavey_sout2959,mountain,athabaskaneyaktlingit.mountain.0218
Tanacross_tana1290,mountain,athabaskaneyaktlingit.mountain.0218
Tlingit_tlin1245,mountain,athabaskaneyaktlingit.mountain.0222
UpperKuskokwim_uppe1438,mountain,athabaskaneyaktlingit.mountain.0221
UpperTanana_uppe1437,mountain,athabaskaneyaktlingit.mountain.0218
WesternApache_west2615,mountain,?
Ahtena_ahte1237,name,athabaskaneyaktlingit.name.0223
Ahtena_ahte1237,name,athabaskaneyaktlingit.name.0223
Beaver_beav1236,name,athabaskaneyaktlingit.name.0223
CentralCarrier_carr1249,name,athabaskaneyaktlingit.name.0223
CentralCarrier_carr1249,name,athabaskaneyaktlingit.name.0223
Chilcotin-Nicola_chil1280,name,athabaskaneyaktlingit.name.0223
Chipewyan_chip1261,name,athabaskaneyaktlingit.name.0223
Denaina_tana1289,name,athabaskaneyaktlingit.name.0223
Denaina_tana1289,name,athabaskaneyaktlingit.name.0223
Denaina_tana1289,name,athabaskaneyaktlingit.name.0223
Denaina_tana1289,name,athabaskaneyaktlingit.name.0223
Denaina_tana1289,name,athabaskaneyaktlingit.name.0223
Dogrib_dogr1252,name,athabaskaneyaktlingit.name.0223
Dogrib_dogr1252,name,athabaskaneyaktlingit.name.0223
Eyak_eyak1241,name,athabaskaneyaktlingit.name.0223
Eyak_eyak1241,name,athabaskaneyaktlingit.name.0223
Galice_gali1261,name,athabaskaneyaktlingit.name.0223
Gwichin_gwic1235,name,athabaskaneyaktlingit.name.0223
Han_hann1241,name,athabaskaneyaktlingit.name.0223
Hupa-Chilula_hupa1239,name,athabaskaneyaktlingit.name.0223
JicarillaApache_jica1244,name,athabaskaneyaktlingit.name.0223
JicarillaApache_jica1244,name,athabaskaneyaktlingit.name.0223
Kaska_kask1239,name,athabaskaneyaktlingit.name.0223
Kato_kato1244,name,athabaskaneyaktlingit.name.0223
Koyukon_koyu1237,name,athabaskaneyaktlingit.name.0223
LipanApache_lipa1241,name,athabaskaneyaktlingit.name.0223
LowerTanana_lowe1425,name,athabaskaneyaktlingit.name.0223
Mattole-BearRiver_matt1238,name,athabaskaneyaktlingit.name.0224
Mescalero-ChiricahuaApache_mesc1238,name,athabaskaneyaktlingit.name.0223
Navajo_nava1243,name,athabaskaneyaktlingit.name.0223
Navajo_nava1243,name,athabaskaneyaktlingit.name.0223
NorthSlavey_nort2942,name,athabaskaneyaktlingit.name.0223
Sarsi_sars1236,name,athabaskaneyaktlingit.name.0223
SouthSlavey_sout2959,name,?
Tanacross_tana1290,name,athabaskaneyaktlingit.name.0223
Tlingit_tlin1245,name,athabaskaneyaktlingit.name.0225
UpperKuskokwim_uppe1438,name,?
UpperTanana_uppe1437,name,athabaskaneyaktlingit.name.0223
WesternApache_west2615,name,athabaskaneyaktlingit.name.0223
Ahtena_ahte1237,new,athabaskaneyaktlingit.new.0226
Ahtena_ahte1237,new,athabaskaneyaktlingit.new.0226
Beaver_beav1236,new,?
CentralCarrier_carr1249,new,?
Chilcotin-Nicola_chil1280,new,athabaskaneyaktlingit.new.0227
Chipewyan_chip1261,new,?
Denaina_tana1289,new,athabaskaneyaktlingit.new.0226
Denaina_tana1289,new,athabaskaneyaktlingit.new.0226
Denaina_tana1289,new,athabaskaneyaktlingit.new.0226
Denaina_tana1289,new,athabaskaneyaktlingit.new.0226
Denaina_tana1289,new,athabaskaneyaktlingit.new.0229
Denaina_tana1289,new,athabaskaneyaktlingit.new.0229
Denaina_tana1289,new,athabaskaneyaktlingit.new.0229
Denaina_tana1289,new,athabaskaneyaktlingit.new.0229
Dogrib_dogr1252,new,athabaskaneyaktlingit.new.0227
Eyak_eyak1241,new,athabaskaneyaktlingit.new.0228
Galice_gali1261,new,?
Gwichin_gwic1235,new,?
Han_hann1241,new,?
Hupa-Chilula_hupa1239,new,?
JicarillaApache_jica1244,new,?
Kaska_kask1239,new,?
Kato_kato1244,new,?
Koyukon_koyu1237,new,athabaskaneyaktlingit.new.0230
LipanApache_lipa1241,new,?
LowerTanana_lowe1425,new,athabaskaneyaktlingit.new.0231
Mattole-BearRiver_matt1238,new,?
Mescalero-ChiricahuaApache_mesc1238,new,?
Navajo_nava1243,new,athabaskaneyaktlingit.new.0232
NorthSlavey_nort2942,new,?
Sarsi_sars1236,new,?
SouthSlavey_sout2959,new,athabaskaneyaktlingit.new.0233
Tanacross_tana1290,new,athabaskaneyaktlingit.new.0234
Tlingit_tlin1245,new,athabaskaneyaktlingit.new.0235
UpperKuskokwim_uppe1438,new,athabaskaneyaktlingit.new.0226
UpperTanana_uppe1437,new,athabaskaneyaktlingit.new.0226
WesternApache_west2615,new,?
Ahtena_ahte1237,night,athabaskaneyaktlingit.night.0236
Ahtena_ahte1237,night,athabaskaneyaktlingit.night.0243
Beaver_beav1236,night,athabaskaneyaktlingit.night.0237
CentralCarrier_carr1249,night,athabaskaneyaktlingit.night.0238
CentralCarrier_carr1249,night,athabaskaneyaktlingit.night.0238
Chilcotin-Nicola_chil1280,night,athabaskaneyaktlingit.night.0239
Chipewyan_chip1261,night,athabaskaneyaktlingit.night.0238
Denaina_tana1289,night,athabaskaneyaktlingit.night.0242
Denaina_tana1289,night,athabaskaneyaktlingit.night.0242
Denaina_tana1289,night,athabaskaneyaktlingit.night.0243
Denaina_tana1289,night,athabaskaneyaktlingit.night.0243
Dogrib_dogr1252,night,athabaskaneyaktlingit.night.0238
Dogrib_dogr1252,night,athabaskaneyaktlingit.night.0239
Eyak_eyak1241,night,athabaskaneyaktlingit.night.0238
Galice_gali1261,night,athabaskaneyaktlingit.night.0240
Gwichin_gwic1235,night,athabaskaneyaktlingit.night.0246
Han_hann1241,night,athabaskaneyaktlingit.night.0239
Hupa-Chilula_hupa1239,night,athabaskaneyaktlingit.night.0238
Hupa-Chilula_hupa1239,night,athabaskaneyaktlingit.night.0238
JicarillaApache_jica1244,night,athabaskaneyaktlingit.night.0240
JicarillaApache_jica1244,night,athabaskaneyaktlingit.night.0244
Kaska_kask1239,night,?
Kato_kato1244,night,athabaskaneyaktlingit.night.0240
Koyukon_koyu1237,night,athabaskaneyaktlingit.night.0245
LipanApache_lipa1241,night,athabaskaneyaktlingit.night.0240
LowerTanana_lowe1425,night,athabaskaneyaktlingit.night.0247
Mattole-BearRiver_matt1238,night,athabaskaneyaktlingit.night.0248
Mescalero-ChiricahuaApache_mesc1238,night,athabaskaneyaktlingit.night.0240
Navajo_nava1243,night,athabaskaneyaktlingit.night.0240
Navajo_nava1243,night,athabaskaneyaktlingit.night.0240
NorthSlavey_nort2942,night,athabaskaneyaktlingit.night.0241
Sarsi_sars1236,night,athabaskaneyaktlingit.night.0238
SouthSlavey_sout2959,night,athabaskaneyaktlingit.night.0239
Tanacross_tana1290,night,athabaskaneyaktlingit.night.0247
Tlingit_tlin1245,night,athabaskaneyaktlingit.night.0239
UpperKuskokwim_uppe1438,night,athabaskaneyaktlingit.night.0239
UpperTanana_uppe1437,night,athabaskaneyaktlingit.night.0247
WesternApache_west2615,night,athabaskaneyaktlingit.night.0240
Ahtena_ahte1237,nose,athabaskaneyaktlingit.nose.0249
Ahtena_ahte1237,nose,athabaskaneyaktlingit.nose.0249
Beaver_beav1236,nose,athabaskaneyaktlingit.nose.0250
CentralCarrier_carr1249,nose,athabaskaneyaktlingit.nose.0249
CentralCarrier_carr1249,nose,athabaskaneyaktlingit.nose.0251
Chilcotin-Nicola_chil1280,nose,athabaskaneyaktlingit.nose.0252
Chipewyan_chip1261,nose,athabaskaneyaktlingit.nose.0251
Denaina_tana1289,nose,athabaskaneyaktlingit.nose.0249
Denaina_tana1289,nose,athabaskaneyaktlingit.nose.0249
Denaina_tana1289,nose,athabaskaneyaktlingit.nose.0249
Denaina_tana1289,nose,athabaskaneyaktlingit.nose.0249
Dogrib_dogr1252,nose,athabaskaneyaktlingit.nose.0254
Dogrib_dogr1252,nose,athabaskaneyaktlingit.nose.0262
Eyak_eyak1241,nose,athabaskaneyaktlingit.nose.0255
Eyak_eyak1241,nose,athabaskaneyaktlingit.nose.0255
Galice_gali1261,nose,athabaskaneyaktlingit.nose.0256
Gwichin_gwic1235,nose,athabaskaneyaktlingit.nose.0251
Han_hann1241,nose,athabaskaneyaktlingit.nose.0257
Hupa-Chilula_hupa1239,nose,athabaskaneyaktlingit.nose.0253
JicarillaApache_jica1244,nose,athabaskaneyaktlingit.nose.0253
JicarillaApache_jica1244,nose,athabaskaneyaktlingit.nose.0253
Kaska_kask1239,nose,athabaskaneyaktlingit.nose.0254
Kato_kato1244,nose,athabaskaneyaktlingit.nose.0258
Koyukon_koyu1237,nose,athabaskaneyaktlingit.nose.0259
LipanApache_lipa1241,nose,athabaskaneyaktlingit.nose.0253
LowerTanana_lowe1425,nose,athabaskaneyaktlingit.nose.0260
Mattole-BearRiver_matt1238,nose,athabaskaneyaktlingit.nose.0249
Mescalero-ChiricahuaApache_mesc1238,nose,athabaskaneyaktlingit.nose.0253
Navajo_nava1243,nose,athabaskaneyaktlingit.nose.0253
Navajo_nava1243,nose,athabaskaneyaktlingit.nose.0253
NorthSlavey_nort2942,nose,athabaskaneyaktlingit.nose.0254
Sarsi_sars1236,nose,athabaskaneyaktlingit.nose.0251
SouthSlavey_sout2959,nose,athabaskaneyaktlingit.nose.0254
Tanacross_tana1290,nose,athabaskaneyaktlingit.nose.0251
Tlingit_tlin1245,nose,athabaskaneyaktlingit.nose.0261
UpperKuskokwim_uppe1438,nose,athabaskaneyaktlingit.nose.0249
UpperTanana_uppe1437,nose,athabaskaneyaktlingit.nose.0262
WesternApache_west2615,nose,athabaskaneyaktlingit.nose.0253
Ahtena_ahte1237,one,athabaskaneyaktlingit.one.0263
Ahtena_ahte1237,one,athabaskaneyaktlingit.one.0269
Beaver_beav1236,one,athabaskaneyaktlingit.one.0264
CentralCarrier_carr1249,one,athabaskaneyaktlingit.one.0265
CentralCarrier_carr1249,one,athabaskaneyaktlingit.one.0265
Chilcotin-Nicola_chil1280,one,athabaskaneyaktlingit.one.0266
Chipewyan_chip1261,one,athabaskaneyaktlingit.one.0264
Denaina_tana1289,one,athabaskaneyaktlingit.one.0263
Denaina_tana1289,one,athabaskaneyaktlingit.one.0263
Denaina_tana1289,one,athabaskaneyaktlingit.one.0263
Denaina_tana1289,one,athabaskaneyaktlingit.one.0263
Dogrib_dogr1252,one,athabaskaneyaktlingit.one.0265
Eyak_eyak1241,one,athabaskaneyaktlingit.one.0267
Galice_gali1261,one,athabaskaneyaktlingit.one.0264
Gwichin_gwic1235,one,athabaskaneyaktlingit.one.0265
Han_hann1241,one,athabaskaneyaktlingit.one.0268
Hupa-Chilula_hupa1239,one,?
JicarillaApache_jica1244,one,athabaskaneyaktlingit.one.0263
JicarillaApache_jica1244,one,athabaskaneyaktlingit.one.0264
JicarillaApache_jica1244,one,athabaskaneyaktlingit.one.0264
Kaska_kask1239,one,athabaskaneyaktlingit.one.0265
Kato_kato1244,one,athabaskaneyaktlingit.one.0264
Koyukon_koyu1237,one,athabaskaneyaktlingit.one.0265
LipanApache_lipa1241,one,athabaskaneyaktlingit.one.0264
LowerTanana_lowe1425,one,athabaskaneyaktlingit.one.0266
LowerTanana_lowe1425,one,athabaskaneyaktlingit.one.0266
Mattole-BearRiver_matt1238,one,athabaskaneyaktlingit.one.0264
Mescalero-ChiricahuaApache_mesc1238,one,athabaskaneyaktlingit.one.0264
Navajo_nava1243,one,athabaskaneyaktlingit.one.0264
Navajo_nava1243,one,athabaskaneyaktlingit.one.0264
NorthSlavey_nort2942,one,athabaskaneyaktlingit.one.0265
Sarsi_sars1236,one,athabaskaneyaktlingit.one.0270
SouthSlavey_sout2959,one,athabaskaneyaktlingit.one.0264
Tanacross_tana1290,one,athabaskaneyaktlingit.one.0266
Tlingit_tlin1245,one,athabaskaneyaktlingit.one.0271
UpperKuskokwim_uppe1438,one,athabaskaneyaktlingit.one.0266
UpperTanana_uppe1437,one,athabaskaneyaktlingit.one.0266
WesternApache_west2615,one,athabaskaneyaktlingit.one.0264
Ahtena_ahte1237,path,athabaskaneyaktlingit.path.0272
Ahtena_ahte1237,path,athabaskaneyaktlingit.path.0272
Beaver_beav1236,path,athabaskaneyaktlingit.path.0272
CentralCarrier_carr1249,path,athabaskaneyaktlingit.path.0273
CentralCarrier_carr1249,path,athabaskaneyaktlingit.path.0273
Chilcotin-Nicola_chil1280,path,athabaskaneyaktlingit.path.0272
Chipewyan_chip1261,path,athabaskaneyaktlingit.path.0273
Denaina_tana1289,path,athabaskaneyaktlingit.path.0272
Denaina_tana1289,path,athabaskaneyaktlingit.path.0272
Denaina_tana1289,path,athabaskaneyaktlingit.path.0272
Denaina_tana1289,path,athabaskaneyaktlingit.path.0272
Dogrib_dogr1252,path,athabaskaneyaktlingit.path.0272
Dogrib_dogr1252,path,athabaskaneyaktlingit.path.0274
Eyak_eyak1241,path,athabaskaneyaktlingit.path.0273
Galice_gali1261,path,athabaskaneyaktlingit.path.0272
Gwichin_gwic1235,path,athabaskaneyaktlingit.path.0272
Han_hann1241,path,athabaskaneyaktlingit.path.0275
Hupa-Chilula_hupa1239,path,athabaskaneyaktlingit.path.0272
JicarillaApache_jica1244,path,athabaskaneyaktlingit.path.0272
JicarillaApache_jica1244,path,athabaskaneyaktlingit.path.0272
JicarillaApache_jica1244,path,athabaskaneyaktlingit.path.0272
Kaska_kask1239,path,athabaskaneyaktlingit.path.0272
Kato_kato1244,path,athabaskaneyaktlingit.path.0272
Koyukon_koyu1237,path,athabaskaneyaktlingit.path.0272
LipanApache_lipa1241,path,athabaskaneyaktlingit.path.0272
LowerTanana_lowe1425,path,?
Mattole-BearRiver_matt1238,path,athabaskaneyaktlingit.path.0272
Mescalero-ChiricahuaApache_mesc1238,path,athabaskaneyaktlingit.path.0272
Navajo_nava1243,path,athabaskaneyaktlingit.path.0272
Navajo_nava1243,path,athabaskaneyaktlingit.path.0272
NorthSlavey_nort2942,path,athabaskaneyaktlingit.path.0272
Sarsi_sars1236,path,athabaskaneyaktlingit.path.0276
SouthSlavey_sout2959,path,athabaskaneyaktlingit.path.0272
Tanacross_tana1290,path,athabaskaneyaktlingit.path.0275
Tlingit_tlin1245,path,athabaskaneyaktlingit.path.0277
UpperKuskokwim_uppe1438,path,?
UpperTanana_uppe1437,path,athabaskaneyaktlingit.path.0275
WesternApache_west2615,path,athabaskaneyaktlingit.path.0272
Ahtena_ahte1237,person,athabaskaneyaktlingit.person.0278
Ahtena_ahte1237,person,athabaskaneyaktlingit.person.0281
Beaver_beav1236,person,athabaskaneyaktlingit.person.0278
CentralCarrier_carr1249,person,athabaskaneyaktlingit.person.0278
CentralCarrier_carr1249,person,athabaskaneyaktlingit.person.0278
Chilcotin-Nicola_chil1280,person,athabaskaneyaktlingit.person.0278
Chipewyan_chip1261,person,athabaskaneyaktlingit.person.0278
Denaina_tana1289,person,athabaskaneyaktlingit.person.0281
Denaina_tana1289,person,athabaskaneyaktlingit.person.0281
Denaina_tana1289,person,athabaskaneyaktlingit.person.0281
Denaina_tana1289,person,athabaskaneyaktlingit.person.0281
Denaina_tana1289,person,athabaskaneyaktlingit.person.0281
Dogrib_dogr1252,person,athabaskaneyaktlingit.person.0278
Dogrib_dogr1252,person,athabaskaneyaktlingit.person.0278
Eyak_eyak1241,person,athabaskaneyaktlingit.person.0280
Eyak_eyak1241,person,athabaskaneyaktlingit.person.0282
Galice_gali1261,person,athabaskaneyaktlingit.person.0278
Gwichin_gwic1235,person,athabaskaneyaktlingit.person.0278
Han_hann1241,person,athabaskaneyaktlingit.person.0278
Hupa-Chilula_hupa1239,person,?
JicarillaApache_jica1244,person,athabaskaneyaktlingit.person.0278
JicarillaApache_jica1244,person,athabaskaneyaktlingit.person.0278
Kaska_kask1239,person,athabaskaneyaktlingit.person.0278
Kato_kato1244,person,athabaskaneyaktlingit.person.0279
Koyukon_koyu1237,person,athabaskaneyaktlingit.person.0278
LipanApache_lipa1241,person,athabaskaneyaktlingit.person.0278
LowerTanana_lowe1425,person,athabaskaneyaktlingit.person.0278
Mattole-BearRiver_matt1238,person,athabaskaneyaktlingit.person.0281
Mescalero-ChiricahuaApache_mesc1238,person,athabaskaneyaktlingit.person.0279
Navajo_nava1243,person,athabaskaneyaktlingit.person.0278
Navajo_nava1243,person,athabaskaneyaktlingit.person.0278
NorthSlavey_nort2942,person,athabaskaneyaktlingit.person.0278
Sarsi_sars1236,person,athabaskaneyaktlingit.person.0278
SouthSlavey_sout2959,person,athabaskaneyaktlingit.person.0278
Tanacross_tana1290,person,athabaskaneyaktlingit.person.0278
Tlingit_tlin1245,person,athabaskaneyaktlingit.person.0278
Tlingit_tlin1245,person,athabaskaneyaktlingit.person.0283
UpperKuskokwim_uppe1438,person,athabaskaneyaktlingit.person.0278
UpperKuskokwim_uppe1438,person,athabaskaneyaktlingit.person.0284
UpperTanana_uppe1437,person,athabaskaneyaktlingit.person.0278
UpperTanana_uppe1437,person,athabaskaneyaktlingit.person.0278
WesternApache_west2615,person,athabaskaneyaktlingit.person.0279
Ahtena_ahte1237,see,athabaskaneyaktlingit.see.0285
Ahtena_ahte1237,see,athabaskaneyaktlingit.see.0290
Beaver_beav1236,see,athabaskaneyaktlingit.see.0286
CentralCarrier_carr1249,see,athabaskaneyaktlingit.see.0285
Chilcotin-Nicola_chil1280,see,athabaskaneyaktlingit.see.0287
Chipewyan_chip1261,see,athabaskaneyaktlingit.see.0286
Denaina_tana1289,see,athabaskaneyaktlingit.see.0285
Dogrib_dogr1252,see,athabaskaneyaktlingit.see.0288
Dogrib_dogr1252,see,athabaskaneyaktlingit.see.0295
Eyak_eyak1241,see,athabaskaneyaktlingit.see.0289
Galice_gali1261,see,athabaskaneyaktlingit.see.0286
Gwichin_gwic1235,see,athabaskaneyaktlingit.see.0285
Han_hann1241,see,?
Hupa-Chilula_hupa1239,see,athabaskaneyaktlingit.see.0290
Hupa-Chilula_hupa1239,see,athabaskaneyaktlingit.see.0290
JicarillaApache_jica1244,see,athabaskaneyaktlingit.see.0286
JicarillaApache_jica1244,see,athabaskaneyaktlingit.see.0290
JicarillaApache_jica1244,see,athabaskaneyaktlingit.see.0290
Kaska_kask1239,see,athabaskaneyaktlingit.see.0285
Kato_kato1244,see,athabaskaneyaktlingit.see.0285
Koyukon_koyu1237,see,athabaskaneyaktlingit.see.0287
LipanApache_lipa1241,see,athabaskaneyaktlingit.see.0286
LowerTanana_lowe1425,see,athabaskaneyaktlingit.see.0287
Mattole-BearRiver_matt1238,see,athabaskaneyaktlingit.see.0285
Mescalero-ChiricahuaApache_mesc1238,see,athabaskaneyaktlingit.see.0286
Navajo_nava1243,see,athabaskaneyaktlingit.see.0286
Navajo_nava1243,see,athabaskaneyaktlingit.see.0291
NorthSlavey_nort2942,see,athabaskaneyaktlingit.see.0286
Sarsi_sars1236,see,athabaskaneyaktlingit.see.0286
SouthSlavey_sout2959,see,?
Tanacross_tana1290,see,athabaskaneyaktlingit.see.0292
Tlingit_tlin1245,see,athabaskaneyaktlingit.see.0293
UpperKuskokwim_uppe1438,see,?
UpperTanana_uppe1437,see,athabaskaneyaktlingit.see.0294
WesternApache_west2615,see,athabaskaneyaktlingit.see.0286
Ahtena_ahte1237,skin,athabaskaneyaktlingit.skin.0296
Ahtena_ahte1237,skin,athabaskaneyaktlingit.skin.0297
Beaver_beav1236,skin,?
CentralCarrier_carr1249,skin,athabaskaneyaktlingit.skin.0297
Chilcotin-Nicola_chil1280,skin,athabaskaneyaktlingit.skin.0297
Chipewyan_chip1261,skin,?
Denaina_tana1289,skin,athabaskaneyaktlingit.skin.0300
Denaina_tana1289,skin,athabaskaneyaktlingit.skin.0300
Denaina_tana1289,skin,athabaskaneyaktlingit.skin.0300
Denaina_tana1289,skin,athabaskaneyaktlingit.skin.0300
Dogrib_dogr1252,skin,athabaskaneyaktlingit.skin.0298
Dogrib_dogr1252,skin,athabaskaneyaktlingit.skin.0298
Eyak_eyak1241,skin,athabaskaneyaktlingit.skin.0296
Eyak_eyak1241,skin,athabaskaneyaktlingit.skin.0296
Galice_gali1261,skin,?
Gwichin_gwic1235,skin,?
Han_hann1241,skin,athabaskaneyaktlingit.skin.0296
Hupa-Chilula_hupa1239,skin,athabaskaneyaktlingit.skin.0299
JicarillaApache_jica1244,skin,?
Kaska_kask1239,skin,?
Kato_kato1244,skin,?
Koyukon_koyu1237,skin,athabaskaneyaktlingit.skin.0301
LipanApache_lipa1241,skin,?
LowerTanana_lowe1425,skin,athabaskaneyaktlingit.skin.0302
Mattole-BearRiver_matt1238,skin,?
Mescalero-ChiricahuaApache_mesc1238,skin,?
Navajo_nava1243,skin,athabaskaneyaktlingit.skin.0298
NorthSlavey_nort2942,skin,?
Sarsi_sars1236,skin,?
SouthSlavey_sout2959,skin,athabaskaneyaktlingit.skin.0303
Tanacross_tana1290,skin,athabaskaneyaktlingit.skin.0304
Tlingit_tlin1245,skin,athabaskaneyaktlingit.skin.0305
UpperKuskokwim_uppe1438,skin,athabaskaneyaktlingit.skin.0297
UpperTanana_uppe1437,skin,athabaskaneyaktlingit.skin.0296
WesternApache_west2615,skin,?
Ahtena_ahte1237,star,athabaskaneyaktlingit.star.0306
Ahtena_ahte1237,star,athabaskaneyaktlingit.star.0306
Beaver_beav1236,star,athabaskaneyaktlingit.star.0306
CentralCarrier_carr1249,star,athabaskaneyaktlingit.star.0306
CentralCarrier_carr1249,star,athabaskaneyaktlingit.star.0306
Chilcotin-Nicola_chil1280,star,?
Chipewyan_chip1261,star,athabaskaneyaktlingit.star.0306
Denaina_tana1289,star,athabaskaneyaktlingit.star.0306
Denaina_tana1289,star,athabaskaneyaktlingit.star.0306
Denaina_tana1289,star,athabaskaneyaktlingit.star.0306
Denaina_tana1289,star,athabaskaneyaktlingit.star.0306
Denaina_tana1289,star,athabaskaneyaktlingit.star.0306
Denaina_tana1289,star,athabaskaneyaktlingit.star.0306
Denaina_tana1289,star,athabaskaneyaktlingit.star.0306
Denaina_tana1289,star,athabaskaneyaktlingit.star.0306
Denaina_tana1289,star,athabaskaneyaktlingit.star.0306
Denaina_tana1289,star,athabaskaneyaktlingit.star.0306
Dogrib_dogr1252,star,athabaskaneyaktlingit.star.0307
Eyak_eyak1241,star,athabaskaneyaktlingit.star.0308
Eyak_eyak1241,star,athabaskaneyaktlingit.star.0312
Galice_gali1261,star,athabaskaneyaktlingit.star.0306
Gwichin_gwic1235,star,athabaskaneyaktlingit.star.0306
Han_hann1241,star,athabaskaneyaktlingit.star.0306
Hupa-Chilula_hupa1239,star,athabaskaneyaktlingit.star.0306
JicarillaApache_jica1244,star,athabaskaneyaktlingit.star.0306
JicarillaApache_jica1244,star,athabaskaneyaktlingit.star.0309
Kaska_kask1239,star,athabaskaneyaktlingit.star.0306
Kato_kato1244,star,athabaskaneyaktlingit.star.0306
Koyukon_koyu1237,star,athabaskaneyaktlingit.star.0306
LipanApache_lipa1241,star,athabaskaneyaktlingit.star.0306
LowerTanana_lowe1425,star,athabaskaneyaktlingit.star.0306
Mattole-BearRiver_matt1238,star,athabaskaneyaktlingit.star.0306
Mescalero-ChiricahuaApache_mesc1238,star,athabaskaneyaktlingit.star.0306
Navajo_nava1243,star,athabaskaneyaktlingit.star.0306
Navajo_nava1243,star,athabaskaneyaktlingit.star.0306
NorthSlavey_nort2942,star,athabaskaneyaktlingit.star.0307
Sarsi_sars1236,star,athabaskaneyaktlingit.star.0306
SouthSlavey_sout2959,star,athabaskaneyaktlingit.star.0310
Tanacross_tana1290,star,athabaskaneyaktlingit.star.0306
Tlingit_tlin1245,star,athabaskaneyaktlingit.star.0311
UpperKuskokwim_uppe1438,star,athabaskaneyaktlingit.star.0306
UpperTanana_uppe1437,star,athabaskaneyaktlingit.star.0306
WesternApache_west2615,star,athabaskaneyaktlingit.star.0309
Ahtena_ahte1237,stone,athabaskaneyaktlingit.stone.0313
Ahtena_ahte1237,stone,athabaskaneyaktlingit.stone.0319
Beaver_beav1236,stone,athabaskaneyaktlingit.stone.0314
CentralCarrier_carr1249,stone,athabaskaneyaktlingit.stone.0314
CentralCarrier_carr1249,stone,athabaskaneyaktlingit.stone.0314
Chilcotin-Nicola_chil1280,stone,athabaskaneyaktlingit.stone.0314
Chipewyan_chip1261,stone,athabaskaneyaktlingit.stone.0314
Denaina_tana1289,stone,athabaskaneyaktlingit.stone.0316
Denaina_tana1289,stone,athabaskaneyaktlingit.stone.0316
Denaina_tana1289,stone,athabaskaneyaktlingit.stone.0316
Denaina_tana1289,stone,athabaskaneyaktlingit.stone.0316
Denaina_tana1289,stone,athabaskaneyaktlingit.stone.0316
Dogrib_dogr1252,stone,athabaskaneyaktlingit.stone.0315
Eyak_eyak1241,stone,athabaskaneyaktlingit.stone.0314
Galice_gali1261,stone,athabaskaneyaktlingit.stone.0314
Gwichin_gwic1235,stone,athabaskaneyaktlingit.stone.0314
Han_hann1241,stone,athabaskaneyaktlingit.stone.0314
Hupa-Chilula_hupa1239,stone,athabaskaneyaktlingit.stone.0314
JicarillaApache_jica1244,stone,athabaskaneyaktlingit.stone.0314
Kaska_kask1239,stone,athabaskaneyaktlingit.stone.0314
Kato_kato1244,stone,athabaskaneyaktlingit.stone.0314
Koyukon_koyu1237,stone,athabaskaneyaktlingit.stone.0317
LipanApache_lipa1241,stone,athabaskaneyaktlingit.stone.0314
LowerTanana_lowe1425,stone,athabaskaneyaktlingit.stone.0318
Mattole-BearRiver_matt1238,stone,athabaskaneyaktlingit.stone.0314
Mescalero-ChiricahuaApache_mesc1238,stone,athabaskaneyaktlingit.stone.0314
Navajo_nava1243,stone,athabaskaneyaktlingit.stone.0314
Navajo_nava1243,stone,athabaskaneyaktlingit.stone.0314
NorthSlavey_nort2942,stone,athabaskaneyaktlingit.stone.0315
Sarsi_sars1236,stone,athabaskaneyaktlingit.stone.0314
SouthSlavey_sout2959,stone,?
Tanacross_tana1290,stone,athabaskaneyaktlingit.stone.0314
Tlingit_tlin1245,stone,athabaskaneyaktlingit.stone.0314
Tlingit_tlin1245,stone,athabaskaneyaktlingit.stone.0320
UpperKuskokwim_uppe1438,stone,?
UpperTanana_uppe1437,stone,athabaskaneyaktlingit.stone.0314
WesternApache_west2615,stone,athabaskaneyaktlingit.stone.0314
Ahtena_ahte1237,sun,athabaskaneyaktlingit.sun.0321
Ahtena_ahte1237,sun,athabaskaneyaktlingit.sun.0321
Beaver_beav1236,sun,athabaskaneyaktlingit.sun.0321
CentralCarrier_carr1249,sun,athabaskaneyaktlingit.sun.0321
CentralCarrier_carr1249,sun,athabaskaneyaktlingit.sun.0321
Chilcotin-Nicola_chil1280,sun,athabaskaneyaktlingit.sun.0321
Chipewyan_chip1261,sun,athabaskaneyaktlingit.sun.0321
Denaina_tana1289,sun,athabaskaneyaktlingit.sun.0324
Denaina_tana1289,sun,athabaskaneyaktlingit.sun.0324
Denaina_tana1289,sun,athabaskaneyaktlingit.sun.0324
Denaina_tana1289,sun,athabaskaneyaktlingit.sun.0324
Denaina_tana1289,sun,athabaskaneyaktlingit.sun.0324
Dogrib_dogr1252,sun,athabaskaneyaktlingit.sun.0321
Dogrib_dogr1252,sun,athabaskaneyaktlingit.sun.0329
Eyak_eyak1241,sun,athabaskaneyaktlingit.sun.0323
Galice_gali1261,sun,athabaskaneyaktlingit.sun.0321
Gwichin_gwic1235,sun,athabaskaneyaktlingit.sun.0321
Han_hann1241,sun,athabaskaneyaktlingit.sun.0321
Hupa-Chilula_hupa1239,sun,athabaskaneyaktlingit.sun.0321
JicarillaApache_jica1244,sun,athabaskaneyaktlingit.sun.0325
Kaska_kask1239,sun,athabaskaneyaktlingit.sun.0321
Kato_kato1244,sun,athabaskaneyaktlingit.sun.0321
Koyukon_koyu1237,sun,athabaskaneyaktlingit.sun.0321
LipanApache_lipa1241,sun,athabaskaneyaktlingit.sun.0325
LowerTanana_lowe1425,sun,athabaskaneyaktlingit.sun.0321
Mattole-BearRiver_matt1238,sun,athabaskaneyaktlingit.sun.0326
Mescalero-ChiricahuaApache_mesc1238,sun,athabaskaneyaktlingit.sun.0322
Navajo_nava1243,sun,athabaskaneyaktlingit.sun.0321
Navajo_nava1243,sun,athabaskaneyaktlingit.sun.0322
NorthSlavey_nort2942,sun,athabaskaneyaktlingit.sun.0321
Sarsi_sars1236,sun,athabaskaneyaktlingit.sun.0327
SouthSlavey_sout2959,sun,athabaskaneyaktlingit.sun.0321
Tanacross_tana1290,sun,athabaskaneyaktlingit.sun.0321
Tlingit_tlin1245,sun,athabaskaneyaktlingit.sun.0328
UpperKuskokwim_uppe1438,sun,athabaskaneyaktlingit.sun.0321
UpperTanana_uppe1437,sun,athabaskaneyaktlingit.sun.0321
WesternApache_west2615,sun,athabaskaneyaktlingit.sun.0325
Ahtena_ahte1237,tongue,athabaskaneyaktlingit.tongue.0330
Ahtena_ahte1237,tongue,athabaskaneyaktlingit.tongue.0330
Beaver_beav1236,tongue,athabaskaneyaktlingit.tongue.0331
CentralCarrier_carr1249,tongue,athabaskaneyaktlingit.tongue.0330
CentralCarrier_carr1249,tongue,athabaskaneyaktlingit.tongue.0330
Chilcotin-Nicola_chil1280,tongue,?
Chipewyan_chip1261,tongue,athabaskaneyaktlingit.tongue.0332
Denaina_tana1289,tongue,athabaskaneyaktlingit.tongue.0330
Denaina_tana1289,tongue,athabaskaneyaktlingit.tongue.0330
Denaina_tana1289,tongue,athabaskaneyaktlingit.tongue.0330
Denaina_tana1289,tongue,athabaskaneyaktlingit.tongue.0330
Dogrib_dogr1252,tongue,athabaskaneyaktlingit.tongue.0334
Dogrib_dogr1252,tongue,athabaskaneyaktlingit.tongue.0334
Eyak_eyak1241,tongue,athabaskaneyaktlingit.tongue.0335
Galice_gali1261,tongue,?
Gwichin_gwic1235,tongue,athabaskaneyaktlingit.tongue.0331
Han_hann1241,tongue,athabaskaneyaktlingit.tongue.0336
Hupa-Chilula_hupa1239,tongue,athabaskaneyaktlingit.tongue.0333
JicarillaApache_jica1244,tongue,athabaskaneyaktlingit.tongue.0333
JicarillaApache_jica1244,tongue,athabaskaneyaktlingit.tongue.0333
Kaska_kask1239,tongue,?
Kato_kato1244,tongue,athabaskaneyaktlingit.tongue.0332
Koyukon_koyu1237,tongue,athabaskaneyaktlingit.tongue.0330
LipanApache_lipa1241,tongue,athabaskaneyaktlingit.tongue.0333
LowerTanana_lowe1425,tongue,athabaskaneyaktlingit.tongue.0337
Mattole-BearRiver_matt1238,tongue,athabaskaneyaktlingit.tongue.0333
Mescalero-ChiricahuaApache_mesc1238,tongue,athabaskaneyaktlingit.tongue.0333
Navajo_nava1243,tongue,athabaskaneyaktlingit.tongue.0332
Navajo_nava1243,tongue,athabaskaneyaktlingit.tongue.0332
NorthSlavey_nort2942,tongue,athabaskaneyaktlingit.tongue.0334
Sarsi_sars1236,tongue,athabaskaneyaktlingit.tongue.0332
SouthSlavey_sout2959,tongue,athabaskaneyaktlingit.tongue.0338
Tanacross_tana1290,tongue,athabaskaneyaktlingit.tongue.0332
Tlingit_tlin1245,tongue,athabaskaneyaktlingit.tongue.0339
UpperKuskokwim_uppe1438,tongue,athabaskaneyaktlingit.tongue.0330
UpperTanana_uppe1437,tongue,athabaskaneyaktlingit.tongue.0332
WesternApache_west2615,tongue,athabaskaneyaktlingit.tongue.0333
Ahtena_ahte1237,tooth,athabaskaneyaktlingit.tooth.0340
Ahtena_ahte1237,tooth,athabaskaneyaktlingit.tooth.0342
Beaver_beav1236,tooth,athabaskaneyaktlingit.tooth.0341
CentralCarrier_carr1249,tooth,athabaskaneyaktlingit.tooth.0340
CentralCarrier_carr1249,tooth,athabaskaneyaktlingit.tooth.0342
Chilcotin-Nicola_chil1280,tooth,athabaskaneyaktlingit.tooth.0342
Chipewyan_chip1261,tooth,athabaskaneyaktlingit.tooth.0342
Denaina_tana1289,tooth,athabaskaneyaktlingit.tooth.0342
Denaina_tana1289,tooth,athabaskaneyaktlingit.tooth.0342
Denaina_tana1289,tooth,athabaskaneyaktlingit.tooth.0342
Denaina_tana1289,tooth,athabaskaneyaktlingit.tooth.0348
Dogrib_dogr1252,tooth,athabaskaneyaktlingit.tooth.0340
Dogrib_dogr1252,tooth,athabaskaneyaktlingit.tooth.0340
Eyak_eyak1241,tooth,athabaskaneyaktlingit.tooth.0340
Eyak_eyak1241,tooth,athabaskaneyaktlingit.tooth.0340
Galice_gali1261,tooth,athabaskaneyaktlingit.tooth.0342
Gwichin_gwic1235,tooth,athabaskaneyaktlingit.tooth.0340
Han_hann1241,tooth,athabaskaneyaktlingit.tooth.0342
Hupa-Chilula_hupa1239,tooth,athabaskaneyaktlingit.tooth.0343
JicarillaApache_jica1244,tooth,athabaskaneyaktlingit.tooth.0340
JicarillaApache_jica1244,tooth,athabaskaneyaktlingit.tooth.0344
Kaska_kask1239,tooth,athabaskaneyaktlingit.tooth.0345
Kato_kato1244,tooth,athabaskaneyaktlingit.tooth.0343
Koyukon_koyu1237,tooth,athabaskaneyaktlingit.tooth.0343
LipanApache_lipa1241,tooth,athabaskaneyaktlingit.tooth.0340
LowerTanana_lowe1425,tooth,athabaskaneyaktlingit.tooth.0346
Mattole-BearRiver_matt1238,tooth,athabaskaneyaktlingit.tooth.0340
Mescalero-ChiricahuaApache_mesc1238,tooth,athabaskaneyaktlingit.tooth.0340
Navajo_nava1243,tooth,athabaskaneyaktlingit.tooth.0340
Navajo_nava1243,tooth,athabaskaneyaktlingit.tooth.0347
NorthSlavey_nort2942,tooth,athabaskaneyaktlingit.tooth.0340
Sarsi_sars1236,tooth,athabaskaneyaktlingit.tooth.0340
SouthSlavey_sout2959,tooth,athabaskaneyaktlingit.tooth.0342
Tanacross_tana1290,tooth,athabaskaneyaktlingit.tooth.0340
Tlingit_tlin1245,tooth,athabaskaneyaktlingit.tooth.0349
UpperKuskokwim_uppe1438,tooth,athabaskaneyaktlingit.tooth.0342
UpperTanana_uppe1437,tooth,athabaskaneyaktlingit.tooth.0342
WesternApache_west2615,tooth,athabaskaneyaktlingit.tooth.0340
Ahtena_ahte1237,tree,athabaskaneyaktlingit.tree.0350
Ahtena_ahte1237,tree,athabaskaneyaktlingit.tree.0350
Beaver_beav1236,tree,athabaskaneyaktlingit.tree.0351
CentralCarrier_carr1249,tree,athabaskaneyaktlingit.tree.0351
CentralCarrier_carr1249,tree,athabaskaneyaktlingit.tree.0351
Chilcotin-Nicola_chil1280,tree,athabaskaneyaktlingit.tree.0351
Chipewyan_chip1261,tree,athabaskaneyaktlingit.tree.0351
Denaina_tana1289,tree,athabaskaneyaktlingit.tree.0356
Denaina_tana1289,tree,athabaskaneyaktlingit.tree.0356
Denaina_tana1289,tree,athabaskaneyaktlingit.tree.0356
Denaina_tana1289,tree,athabaskaneyaktlingit.tree.0356
Dogrib_dogr1252,tree,athabaskaneyaktlingit.tree.0351
Dogrib_dogr1252,tree,athabaskaneyaktlingit.tree.0351
Eyak_eyak1241,tree,athabaskaneyaktlingit.tree.0352
Eyak_eyak1241,tree,athabaskaneyaktlingit.tree.0353
Galice_gali1261,tree,athabaskaneyaktlingit.tree.0351
Gwichin_gwic1235,tree,athabaskaneyaktlingit.tree.0351
Han_hann1241,tree,athabaskaneyaktlingit.tree.0354
Hupa-Chilula_hupa1239,tree,athabaskaneyaktlingit.tree.0355
JicarillaApache_jica1244,tree,athabaskaneyaktlingit.tree.0351
JicarillaApache_jica1244,tree,athabaskaneyaktlingit.tree.0357
JicarillaApache_jica1244,tree,athabaskaneyaktlingit.tree.0362
Kaska_kask1239,tree,athabaskaneyaktlingit.tree.0358
Kato_kato1244,tree,athabaskaneyaktlingit.tree.0351
Koyukon_koyu1237,tree,?
LipanApache_lipa1241,tree,athabaskaneyaktlingit.tree.0351
LowerTanana_lowe1425,tree,athabaskaneyaktlingit.tree.0359
Mattole-BearRiver_matt1238,tree,athabaskaneyaktlingit.tree.0351
Mescalero-ChiricahuaApache_mesc1238,tree,athabaskaneyaktlingit.tree.0352
Navajo_nava1243,tree,athabaskaneyaktlingit.tree.0352
Navajo_nava1243,tree,athabaskaneyaktlingit.tree.0352
NorthSlavey_nort2942,tree,athabaskaneyaktlingit.tree.0351
Sarsi_sars1236,tree,athabaskaneyaktlingit.tree.0351
SouthSlavey_sout2959,tree,?
Tanacross_tana1290,tree,athabaskaneyaktlingit.tree.0354
Tlingit_tlin1245,tree,athabaskaneyaktlingit.tree.0361
UpperKuskokwim_uppe1438,tree,?
UpperTanana_uppe1437,tree,athabaskaneyaktlingit.tree.0354
WesternApache_west2615,tree,athabaskaneyaktlingit.tree.0360
Ahtena_ahte1237,two,athabaskaneyaktlingit.two.0363
Ahtena_ahte1237,two,athabaskaneyaktlingit.two.0363
Beaver_beav1236,two,athabaskaneyaktlingit.two.0363
CentralCarrier_carr1249,two,athabaskaneyaktlingit.two.0363
CentralCarrier_carr1249,two,athabaskaneyaktlingit.two.0363
Chilcotin-Nicola_chil1280,two,athabaskaneyaktlingit.two.0363
Chipewyan_chip1261,two,athabaskaneyaktlingit.two.0363
Denaina_tana1289,two,athabaskaneyaktlingit.two.0363
Denaina_tana1289,two,athabaskaneyaktlingit.two.0363
Denaina_tana1289,two,athabaskaneyaktlingit.two.0363
Denaina_tana1289,two,athabaskaneyaktlingit.two.0363
Denaina_tana1289,two,athabaskaneyaktlingit.two.0363
Denaina_tana1289,two,athabaskaneyaktlingit.two.0363
Dogrib_dogr1252,two,athabaskaneyaktlingit.two.0363
Eyak_eyak1241,two,athabaskaneyaktlingit.two.0364
Galice_gali1261,two,athabaskaneyaktlingit.two.0363
Gwichin_gwic1235,two,athabaskaneyaktlingit.two.0363
Han_hann1241,two,athabaskaneyaktlingit.two.0363
Hupa-Chilula_hupa1239,two,?
JicarillaApache_jica1244,two,athabaskaneyaktlingit.two.0363
JicarillaApache_jica1244,two,athabaskaneyaktlingit.two.0363
Kaska_kask1239,two,athabaskaneyaktlingit.two.0365
Kato_kato1244,two,athabaskaneyaktlingit.two.0363
Koyukon_koyu1237,two,athabaskaneyaktlingit.two.0363
LipanApache_lipa1241,two,athabaskaneyaktlingit.two.0363
LowerTanana_lowe1425,two,athabaskaneyaktlingit.two.0363
LowerTanana_lowe1425,two,athabaskaneyaktlingit.two.0363
LowerTanana_lowe1425,two,athabaskaneyaktlingit.two.0363
LowerTanana_lowe1425,two,athabaskaneyaktlingit.two.0366
Mattole-BearRiver_matt1238,two,athabaskaneyaktlingit.two.0363
Mescalero-ChiricahuaApache_mesc1238,two,athabaskaneyaktlingit.two.0363
Navajo_nava1243,two,athabaskaneyaktlingit.two.0363
Navajo_nava1243,two,athabaskaneyaktlingit.two.0363
NorthSlavey_nort2942,two,athabaskaneyaktlingit.two.0363
Sarsi_sars1236,two,athabaskaneyaktlingit.two.0363
SouthSlavey_sout2959,two,athabaskaneyaktlingit.two.0363
Tanacross_tana1290,two,athabaskaneyaktlingit.two.0367
Tlingit_tlin1245,two,athabaskaneyaktlingit.two.0368
UpperKuskokwim_uppe1438,two,athabaskaneyaktlingit.two.0363
UpperTanana_uppe1437,two,athabaskaneyaktlingit.two.0367
WesternApache_west2615,two,athabaskaneyaktlingit.two.0363
Ahtena_ahte1237,water,athabaskaneyaktlingit.water.0369
Ahtena_ahte1237,water,athabaskaneyaktlingit.water.0369
Beaver_beav1236,water,athabaskaneyaktlingit.water.0369
CentralCarrier_carr1249,water,athabaskaneyaktlingit.water.0369
CentralCarrier_carr1249,water,athabaskaneyaktlingit.water.0369
Chilcotin-Nicola_chil1280,water,athabaskaneyaktlingit.water.0369
Chipewyan_chip1261,water,athabaskaneyaktlingit.water.0369
Denaina_tana1289,water,athabaskaneyaktlingit.water.0371
Denaina_tana1289,water,athabaskaneyaktlingit.water.0371
Denaina_tana1289,water,athabaskaneyaktlingit.water.0371
Denaina_tana1289,water,athabaskaneyaktlingit.water.0371
Denaina_tana1289,water,athabaskaneyaktlingit.water.0371
Denaina_tana1289,water,athabaskaneyaktlingit.water.0371
Dogrib_dogr1252,water,athabaskaneyaktlingit.water.0369
Eyak_eyak1241,water,athabaskaneyaktlingit.water.0370
Galice_gali1261,water,athabaskaneyaktlingit.water.0369
Gwichin_gwic1235,water,athabaskaneyaktlingit.water.0369
Han_hann1241,water,athabaskaneyaktlingit.water.0369
Hupa-Chilula_hupa1239,water,athabaskaneyaktlingit.water.0369
JicarillaApache_jica1244,water,athabaskaneyaktlingit.water.0369
JicarillaApache_jica1244,water,athabaskaneyaktlingit.water.0372
JicarillaApache_jica1244,water,athabaskaneyaktlingit.water.0372
Kaska_kask1239,water,athabaskaneyaktlingit.water.0369
Kato_kato1244,water,athabaskaneyaktlingit.water.0369
Koyukon_koyu1237,water,athabaskaneyaktlingit.water.0369
LipanApache_lipa1241,water,athabaskaneyaktlingit.water.0372
LowerTanana_lowe1425,water,athabaskaneyaktlingit.water.0369
Mattole-BearRiver_matt1238,water,athabaskaneyaktlingit.water.0369
Mescalero-ChiricahuaApache_mesc1238,water,athabaskaneyaktlingit.water.0369
Navajo_nava1243,water,athabaskaneyaktlingit.water.0369
Navajo_nava1243,water,athabaskaneyaktlingit.water.0369
NorthSlavey_nort2942,water,athabaskaneyaktlingit.water.0369
Sarsi_sars1236,water,athabaskaneyaktlingit.water.0369
SouthSlavey_sout2959,water,athabaskaneyaktlingit.water.0369
Tanacross_tana1290,water,athabaskaneyaktlingit.water.0369
Tlingit_tlin1245,water,athabaskaneyaktlingit.water.0373
UpperKuskokwim_uppe1438,water,athabaskaneyaktlingit.water.0369
UpperTanana_uppe1437,water,athabaskaneyaktlingit.water.0369
WesternApache_west2615,water,athabaskaneyaktlingit.water.0369
