Language_ID,Feature_ID,Value
CentralAymara_cent2142,1pl,aymaran.1pl.0001
CentralAymara_cent2142,1pl,aymaran.1pl.0002
CentralAymara_cent2142,1pl,aymaran.1pl.0002
CentralAymara_cent2142,1pl,aymaran.1pl.0002
Jaqaru_jaqa1244,1pl,aymaran.1pl.0002
Jaqaru_jaqa1244,1pl,aymaran.1pl.0002
SouthernAymara_sout2996,1pl,aymaran.1pl.0002
SouthernAymara_sout2996,1pl,aymaran.1pl.0002
CentralAymara_cent2142,1sg,aymaran.1sg.0003
Jaqaru_jaqa1244,1sg,aymaran.1sg.0003
SouthernAymara_sout2996,1sg,aymaran.1sg.0003
CentralAymara_cent2142,2sg,aymaran.2sg.0004
CentralAymara_cent2142,2sg,aymaran.2sg.0004
CentralAymara_cent2142,2sg,aymaran.2sg.0004
Jaqaru_jaqa1244,2sg,aymaran.2sg.0004
Jaqaru_jaqa1244,2sg,aymaran.2sg.0004
SouthernAymara_sout2996,2sg,aymaran.2sg.0004
SouthernAymara_sout2996,2sg,aymaran.2sg.0004
CentralAymara_cent2142,blood,aymaran.blood.0005
CentralAymara_cent2142,blood,aymaran.blood.0005
CentralAymara_cent2142,blood,aymaran.blood.0005
Jaqaru_jaqa1244,blood,aymaran.blood.0005
Jaqaru_jaqa1244,blood,aymaran.blood.0005
SouthernAymara_sout2996,blood,aymaran.blood.0005
SouthernAymara_sout2996,blood,aymaran.blood.0005
CentralAymara_cent2142,bone,aymaran.bone.0006
CentralAymara_cent2142,bone,aymaran.bone.0006
CentralAymara_cent2142,bone,aymaran.bone.0006
Jaqaru_jaqa1244,bone,aymaran.bone.0006
Jaqaru_jaqa1244,bone,aymaran.bone.0006
SouthernAymara_sout2996,bone,aymaran.bone.0006
SouthernAymara_sout2996,bone,aymaran.bone.0006
CentralAymara_cent2142,breast,aymaran.breast.0007
CentralAymara_cent2142,breast,aymaran.breast.0007
CentralAymara_cent2142,breast,aymaran.breast.0007
Jaqaru_jaqa1244,breast,aymaran.breast.0007
Jaqaru_jaqa1244,breast,aymaran.breast.0007
SouthernAymara_sout2996,breast,aymaran.breast.0007
CentralAymara_cent2142,come,aymaran.come.0008
CentralAymara_cent2142,come,aymaran.come.0008
CentralAymara_cent2142,come,aymaran.come.0008
Jaqaru_jaqa1244,come,aymaran.come.0009
Jaqaru_jaqa1244,come,aymaran.come.0009
Jaqaru_jaqa1244,come,aymaran.come.0009
SouthernAymara_sout2996,come,aymaran.come.0008
SouthernAymara_sout2996,come,aymaran.come.0008
CentralAymara_cent2142,die,aymaran.die.0010
CentralAymara_cent2142,die,aymaran.die.0010
CentralAymara_cent2142,die,aymaran.die.0010
Jaqaru_jaqa1244,die,aymaran.die.0010
Jaqaru_jaqa1244,die,aymaran.die.0010
Jaqaru_jaqa1244,die,aymaran.die.0011
SouthernAymara_sout2996,die,aymaran.die.0010
SouthernAymara_sout2996,die,aymaran.die.0010
CentralAymara_cent2142,dog,aymaran.dog.0012
CentralAymara_cent2142,dog,aymaran.dog.0012
CentralAymara_cent2142,dog,aymaran.dog.0012
CentralAymara_cent2142,dog,aymaran.dog.0013
Jaqaru_jaqa1244,dog,aymaran.dog.0014
Jaqaru_jaqa1244,dog,aymaran.dog.0015
SouthernAymara_sout2996,dog,aymaran.dog.0013
CentralAymara_cent2142,drink,aymaran.drink.0016
CentralAymara_cent2142,drink,aymaran.drink.0016
CentralAymara_cent2142,drink,aymaran.drink.0016
Jaqaru_jaqa1244,drink,aymaran.drink.0016
Jaqaru_jaqa1244,drink,aymaran.drink.0016
Jaqaru_jaqa1244,drink,aymaran.drink.0017
SouthernAymara_sout2996,drink,aymaran.drink.0016
SouthernAymara_sout2996,drink,aymaran.drink.0016
CentralAymara_cent2142,ear,aymaran.ear.0018
CentralAymara_cent2142,ear,aymaran.ear.0019
CentralAymara_cent2142,ear,aymaran.ear.0019
CentralAymara_cent2142,ear,aymaran.ear.0019
Jaqaru_jaqa1244,ear,aymaran.ear.0019
Jaqaru_jaqa1244,ear,aymaran.ear.0019
SouthernAymara_sout2996,ear,aymaran.ear.0019
SouthernAymara_sout2996,ear,aymaran.ear.0019
CentralAymara_cent2142,eye,aymaran.eye.0020
CentralAymara_cent2142,eye,aymaran.eye.0020
CentralAymara_cent2142,eye,aymaran.eye.0020
Jaqaru_jaqa1244,eye,aymaran.eye.0020
Jaqaru_jaqa1244,eye,aymaran.eye.0020
SouthernAymara_sout2996,eye,aymaran.eye.0020
SouthernAymara_sout2996,eye,aymaran.eye.0020
CentralAymara_cent2142,fire,aymaran.fire.0021
CentralAymara_cent2142,fire,aymaran.fire.0021
CentralAymara_cent2142,fire,aymaran.fire.0021
CentralAymara_cent2142,fire,aymaran.fire.0022
Jaqaru_jaqa1244,fire,aymaran.fire.0021
Jaqaru_jaqa1244,fire,aymaran.fire.0021
SouthernAymara_sout2996,fire,aymaran.fire.0021
SouthernAymara_sout2996,fire,aymaran.fire.0021
CentralAymara_cent2142,fish,aymaran.fish.0023
Jaqaru_jaqa1244,fish,aymaran.fish.0023
SouthernAymara_sout2996,fish,aymaran.fish.0023
CentralAymara_cent2142,full,aymaran.full.0024
CentralAymara_cent2142,full,aymaran.full.0024
CentralAymara_cent2142,full,aymaran.full.0024
Jaqaru_jaqa1244,full,aymaran.full.0024
Jaqaru_jaqa1244,full,aymaran.full.0024
SouthernAymara_sout2996,full,aymaran.full.0024
CentralAymara_cent2142,hand,aymaran.hand.0025
CentralAymara_cent2142,hand,aymaran.hand.0025
CentralAymara_cent2142,hand,aymaran.hand.0025
Jaqaru_jaqa1244,hand,aymaran.hand.0025
Jaqaru_jaqa1244,hand,aymaran.hand.0025
SouthernAymara_sout2996,hand,aymaran.hand.0025
SouthernAymara_sout2996,hand,aymaran.hand.0025
CentralAymara_cent2142,hear,aymaran.hear.0026
CentralAymara_cent2142,hear,aymaran.hear.0027
CentralAymara_cent2142,hear,aymaran.hear.0027
Jaqaru_jaqa1244,hear,aymaran.hear.0028
Jaqaru_jaqa1244,hear,aymaran.hear.0028
Jaqaru_jaqa1244,hear,aymaran.hear.0028
SouthernAymara_sout2996,hear,aymaran.hear.0027
SouthernAymara_sout2996,hear,aymaran.hear.0027
CentralAymara_cent2142,horn,aymaran.horn.0029
CentralAymara_cent2142,horn,aymaran.horn.0029
CentralAymara_cent2142,horn,aymaran.horn.0029
Jaqaru_jaqa1244,horn,aymaran.horn.0029
Jaqaru_jaqa1244,horn,aymaran.horn.0029
SouthernAymara_sout2996,horn,aymaran.horn.0029
SouthernAymara_sout2996,horn,aymaran.horn.0029
CentralAymara_cent2142,knee,aymaran.knee.0030
CentralAymara_cent2142,knee,aymaran.knee.0030
CentralAymara_cent2142,knee,aymaran.knee.0030
Jaqaru_jaqa1244,knee,aymaran.knee.0030
Jaqaru_jaqa1244,knee,aymaran.knee.0030
Jaqaru_jaqa1244,knee,aymaran.knee.0031
SouthernAymara_sout2996,knee,aymaran.knee.0030
SouthernAymara_sout2996,knee,aymaran.knee.0030
CentralAymara_cent2142,leaf,aymaran.leaf.0032
CentralAymara_cent2142,leaf,aymaran.leaf.0032
CentralAymara_cent2142,leaf,aymaran.leaf.0032
CentralAymara_cent2142,leaf,aymaran.leaf.0034
Jaqaru_jaqa1244,leaf,aymaran.leaf.0033
Jaqaru_jaqa1244,leaf,aymaran.leaf.0033
SouthernAymara_sout2996,leaf,aymaran.leaf.0032
SouthernAymara_sout2996,leaf,aymaran.leaf.0032
CentralAymara_cent2142,liver,aymaran.liver.0035
Jaqaru_jaqa1244,liver,aymaran.liver.0035
Jaqaru_jaqa1244,liver,aymaran.liver.0035
SouthernAymara_sout2996,liver,aymaran.liver.0035
CentralAymara_cent2142,louse,aymaran.louse.0036
CentralAymara_cent2142,louse,aymaran.louse.0036
CentralAymara_cent2142,louse,aymaran.louse.0036
Jaqaru_jaqa1244,louse,aymaran.louse.0036
Jaqaru_jaqa1244,louse,aymaran.louse.0036
SouthernAymara_sout2996,louse,aymaran.louse.0036
CentralAymara_cent2142,mountain,aymaran.mountain.0037
CentralAymara_cent2142,mountain,aymaran.mountain.0037
CentralAymara_cent2142,mountain,aymaran.mountain.0037
CentralAymara_cent2142,mountain,aymaran.mountain.0040
Jaqaru_jaqa1244,mountain,aymaran.mountain.0038
Jaqaru_jaqa1244,mountain,aymaran.mountain.0039
Jaqaru_jaqa1244,mountain,aymaran.mountain.0039
SouthernAymara_sout2996,mountain,aymaran.mountain.0037
CentralAymara_cent2142,name,aymaran.name.0041
CentralAymara_cent2142,name,aymaran.name.0042
CentralAymara_cent2142,name,aymaran.name.0042
Jaqaru_jaqa1244,name,aymaran.name.0042
Jaqaru_jaqa1244,name,aymaran.name.0042
SouthernAymara_sout2996,name,aymaran.name.0042
SouthernAymara_sout2996,name,aymaran.name.0042
CentralAymara_cent2142,new,aymaran.new.0043
CentralAymara_cent2142,new,aymaran.new.0043
CentralAymara_cent2142,new,aymaran.new.0043
Jaqaru_jaqa1244,new,aymaran.new.0043
Jaqaru_jaqa1244,new,aymaran.new.0043
SouthernAymara_sout2996,new,aymaran.new.0043
SouthernAymara_sout2996,new,aymaran.new.0043
CentralAymara_cent2142,night,aymaran.night.0044
CentralAymara_cent2142,night,aymaran.night.0044
CentralAymara_cent2142,night,aymaran.night.0044
Jaqaru_jaqa1244,night,aymaran.night.0044
Jaqaru_jaqa1244,night,aymaran.night.0044
Jaqaru_jaqa1244,night,aymaran.night.0045
Jaqaru_jaqa1244,night,aymaran.night.0045
SouthernAymara_sout2996,night,aymaran.night.0044
SouthernAymara_sout2996,night,aymaran.night.0044
CentralAymara_cent2142,nose,aymaran.nose.0046
CentralAymara_cent2142,nose,aymaran.nose.0046
CentralAymara_cent2142,nose,aymaran.nose.0046
Jaqaru_jaqa1244,nose,aymaran.nose.0046
Jaqaru_jaqa1244,nose,aymaran.nose.0046
SouthernAymara_sout2996,nose,aymaran.nose.0046
SouthernAymara_sout2996,nose,aymaran.nose.0046
CentralAymara_cent2142,one,aymaran.one.0047
CentralAymara_cent2142,one,aymaran.one.0047
CentralAymara_cent2142,one,aymaran.one.0047
Jaqaru_jaqa1244,one,aymaran.one.0047
Jaqaru_jaqa1244,one,aymaran.one.0047
SouthernAymara_sout2996,one,aymaran.one.0047
SouthernAymara_sout2996,one,aymaran.one.0047
CentralAymara_cent2142,path,aymaran.path.0048
CentralAymara_cent2142,path,aymaran.path.0048
CentralAymara_cent2142,path,aymaran.path.0050
Jaqaru_jaqa1244,path,aymaran.path.0048
Jaqaru_jaqa1244,path,aymaran.path.0048
SouthernAymara_sout2996,path,aymaran.path.0048
SouthernAymara_sout2996,path,aymaran.path.0049
CentralAymara_cent2142,person,aymaran.person.0051
CentralAymara_cent2142,person,aymaran.person.0051
CentralAymara_cent2142,person,aymaran.person.0051
Jaqaru_jaqa1244,person,aymaran.person.0051
Jaqaru_jaqa1244,person,aymaran.person.0051
SouthernAymara_sout2996,person,aymaran.person.0051
SouthernAymara_sout2996,person,aymaran.person.0051
CentralAymara_cent2142,see,aymaran.see.0052
CentralAymara_cent2142,see,aymaran.see.0052
CentralAymara_cent2142,see,aymaran.see.0052
CentralAymara_cent2142,see,aymaran.see.0052
CentralAymara_cent2142,see,aymaran.see.0053
Jaqaru_jaqa1244,see,aymaran.see.0054
Jaqaru_jaqa1244,see,aymaran.see.0054
SouthernAymara_sout2996,see,aymaran.see.0052
SouthernAymara_sout2996,see,aymaran.see.0052
SouthernAymara_sout2996,see,aymaran.see.0053
CentralAymara_cent2142,skin,aymaran.skin.0055
CentralAymara_cent2142,skin,aymaran.skin.0055
CentralAymara_cent2142,skin,aymaran.skin.0055
Jaqaru_jaqa1244,skin,aymaran.skin.0056
Jaqaru_jaqa1244,skin,aymaran.skin.0056
SouthernAymara_sout2996,skin,aymaran.skin.0055
SouthernAymara_sout2996,skin,aymaran.skin.0055
CentralAymara_cent2142,star,aymaran.star.0057
CentralAymara_cent2142,star,aymaran.star.0057
CentralAymara_cent2142,star,aymaran.star.0057
Jaqaru_jaqa1244,star,aymaran.star.0057
Jaqaru_jaqa1244,star,aymaran.star.0057
SouthernAymara_sout2996,star,aymaran.star.0057
SouthernAymara_sout2996,star,aymaran.star.0057
CentralAymara_cent2142,stone,aymaran.stone.0058
CentralAymara_cent2142,stone,aymaran.stone.0058
CentralAymara_cent2142,stone,aymaran.stone.0058
Jaqaru_jaqa1244,stone,aymaran.stone.0058
Jaqaru_jaqa1244,stone,aymaran.stone.0058
SouthernAymara_sout2996,stone,aymaran.stone.0058
SouthernAymara_sout2996,stone,aymaran.stone.0058
CentralAymara_cent2142,sun,aymaran.sun.0059
CentralAymara_cent2142,sun,aymaran.sun.0059
CentralAymara_cent2142,sun,aymaran.sun.0059
CentralAymara_cent2142,sun,aymaran.sun.0060
CentralAymara_cent2142,sun,aymaran.sun.0061
Jaqaru_jaqa1244,sun,aymaran.sun.0059
Jaqaru_jaqa1244,sun,aymaran.sun.0059
Jaqaru_jaqa1244,sun,aymaran.sun.0060
SouthernAymara_sout2996,sun,aymaran.sun.0059
SouthernAymara_sout2996,sun,aymaran.sun.0060
CentralAymara_cent2142,tongue,aymaran.tongue.0062
CentralAymara_cent2142,tongue,aymaran.tongue.0062
CentralAymara_cent2142,tongue,aymaran.tongue.0062
Jaqaru_jaqa1244,tongue,aymaran.tongue.0062
Jaqaru_jaqa1244,tongue,aymaran.tongue.0062
SouthernAymara_sout2996,tongue,aymaran.tongue.0062
SouthernAymara_sout2996,tongue,aymaran.tongue.0062
CentralAymara_cent2142,tooth,aymaran.tooth.0063
CentralAymara_cent2142,tooth,aymaran.tooth.0063
CentralAymara_cent2142,tooth,aymaran.tooth.0063
CentralAymara_cent2142,tooth,aymaran.tooth.0063
CentralAymara_cent2142,tooth,aymaran.tooth.0063
Jaqaru_jaqa1244,tooth,aymaran.tooth.0064
Jaqaru_jaqa1244,tooth,aymaran.tooth.0064
Jaqaru_jaqa1244,tooth,aymaran.tooth.0065
SouthernAymara_sout2996,tooth,aymaran.tooth.0063
SouthernAymara_sout2996,tooth,aymaran.tooth.0063
SouthernAymara_sout2996,tooth,aymaran.tooth.0063
CentralAymara_cent2142,tree,aymaran.tree.0066
CentralAymara_cent2142,tree,aymaran.tree.0066
CentralAymara_cent2142,tree,aymaran.tree.0066
Jaqaru_jaqa1244,tree,aymaran.tree.0067
Jaqaru_jaqa1244,tree,aymaran.tree.0067
Jaqaru_jaqa1244,tree,aymaran.tree.0068
SouthernAymara_sout2996,tree,aymaran.tree.0066
SouthernAymara_sout2996,tree,aymaran.tree.0066
CentralAymara_cent2142,two,aymaran.two.0069
CentralAymara_cent2142,two,aymaran.two.0069
CentralAymara_cent2142,two,aymaran.two.0069
Jaqaru_jaqa1244,two,aymaran.two.0069
Jaqaru_jaqa1244,two,aymaran.two.0069
Jaqaru_jaqa1244,two,aymaran.two.0070
SouthernAymara_sout2996,two,aymaran.two.0069
SouthernAymara_sout2996,two,aymaran.two.0069
CentralAymara_cent2142,water,aymaran.water.0071
CentralAymara_cent2142,water,aymaran.water.0071
CentralAymara_cent2142,water,aymaran.water.0071
Jaqaru_jaqa1244,water,aymaran.water.0071
Jaqaru_jaqa1244,water,aymaran.water.0071
SouthernAymara_sout2996,water,aymaran.water.0071
SouthernAymara_sout2996,water,aymaran.water.0071
