Language_ID,Feature_ID,Value
Akawaio-Ingariko_akaw1239,1pl,cariban.1pl.0001
Apalai_apal1257,1pl,cariban.1pl.0001
Bakairi_baka1277,1pl,cariban.1pl.0001
Carijona_cari1279,1pl,cariban.1pl.0001
GalibiCarib_gali1262,1pl,cariban.1pl.0004
Hixkaryana_hixk1239,1pl,cariban.1pl.0001
Ikpeng_ikpe1245,1pl,cariban.1pl.0001
Kaxuiana_kaxu1237,1pl,cariban.1pl.0001
Kuikuro-Kalapalo_kuik1246,1pl,cariban.1pl.0005
Macushi_macu1259,1pl,cariban.1pl.0001
Macushi_macu1259,1pl,cariban.1pl.0001
Mapoyo_mapo1246,1pl,cariban.1pl.0006
Panare_enap1235,1pl,cariban.1pl.0001
Panare_enap1235,1pl,cariban.1pl.0003
Panare_enap1235,1pl,cariban.1pl.0010
Panare_enap1235,1pl,cariban.1pl.0010
ParaArara_para1310,1pl,cariban.1pl.0002
Pemon_pemo1248,1pl,cariban.1pl.0001
Trio_trio1238,1pl,cariban.1pl.0001
Waimiri-Atroari_waim1253,1pl,cariban.1pl.0004
Waiwai_waiw1244,1pl,cariban.1pl.0004
Waiwai_waiw1244,1pl,cariban.1pl.0007
Wayana_waya1269,1pl,cariban.1pl.0001
Yabarana_yaba1248,1pl,cariban.1pl.0008
Yekwana_maqu1238,1pl,cariban.1pl.0004
Yekwana_maqu1238,1pl,cariban.1pl.0004
Yukpa_yukp1241,1pl,cariban.1pl.0001
Yukpa_yukp1241,1pl,cariban.1pl.0009
Akawaio-Ingariko_akaw1239,1sg,cariban.1sg.0011
Apalai_apal1257,1sg,cariban.1sg.0012
Bakairi_baka1277,1sg,cariban.1sg.0011
Carijona_cari1279,1sg,cariban.1sg.0013
GalibiCarib_gali1262,1sg,cariban.1sg.0012
Hixkaryana_hixk1239,1sg,cariban.1sg.0011
Ikpeng_ikpe1245,1sg,cariban.1sg.0011
Kaxuiana_kaxu1237,1sg,cariban.1sg.0012
Kuikuro-Kalapalo_kuik1246,1sg,cariban.1sg.0011
Macushi_macu1259,1sg,cariban.1sg.0011
Macushi_macu1259,1sg,cariban.1sg.0011
Mapoyo_mapo1246,1sg,cariban.1sg.0015
Panare_enap1235,1sg,cariban.1sg.0014
Panare_enap1235,1sg,cariban.1sg.0014
ParaArara_para1310,1sg,cariban.1sg.0011
Pemon_pemo1248,1sg,cariban.1sg.0011
Pemon_pemo1248,1sg,cariban.1sg.0011
Trio_trio1238,1sg,cariban.1sg.0012
Waimiri-Atroari_waim1253,1sg,cariban.1sg.0012
Waiwai_waiw1244,1sg,cariban.1sg.0012
Wayana_waya1269,1sg,cariban.1sg.0012
Yabarana_yaba1248,1sg,cariban.1sg.0011
Yekwana_maqu1238,1sg,cariban.1sg.0012
Yukpa_yukp1241,1sg,cariban.1sg.0012
Akawaio-Ingariko_akaw1239,2sg,cariban.2sg.0016
Apalai_apal1257,2sg,cariban.2sg.0017
Bakairi_baka1277,2sg,cariban.2sg.0017
Carijona_cari1279,2sg,cariban.2sg.0017
Carijona_cari1279,2sg,cariban.2sg.0017
GalibiCarib_gali1262,2sg,cariban.2sg.0017
Hixkaryana_hixk1239,2sg,cariban.2sg.0017
Ikpeng_ikpe1245,2sg,cariban.2sg.0017
Kaxuiana_kaxu1237,2sg,cariban.2sg.0017
Kuikuro-Kalapalo_kuik1246,2sg,cariban.2sg.0018
Macushi_macu1259,2sg,cariban.2sg.0017
Macushi_macu1259,2sg,cariban.2sg.0017
Mapoyo_mapo1246,2sg,cariban.2sg.0017
Panare_enap1235,2sg,cariban.2sg.0017
Panare_enap1235,2sg,cariban.2sg.0017
ParaArara_para1310,2sg,cariban.2sg.0017
Pemon_pemo1248,2sg,cariban.2sg.0016
Pemon_pemo1248,2sg,cariban.2sg.0017
Pemon_pemo1248,2sg,cariban.2sg.0019
Trio_trio1238,2sg,cariban.2sg.0017
Waimiri-Atroari_waim1253,2sg,cariban.2sg.0017
Waiwai_waiw1244,2sg,cariban.2sg.0017
Wayana_waya1269,2sg,cariban.2sg.0017
Yabarana_yaba1248,2sg,cariban.2sg.0017
Yekwana_maqu1238,2sg,cariban.2sg.0017
Yukpa_yukp1241,2sg,cariban.2sg.0017
Yukpa_yukp1241,2sg,cariban.2sg.0017
Akawaio-Ingariko_akaw1239,blood,cariban.blood.0020
Apalai_apal1257,blood,cariban.blood.0020
Bakairi_baka1277,blood,cariban.blood.0020
Carijona_cari1279,blood,cariban.blood.0020
GalibiCarib_gali1262,blood,cariban.blood.0020
Hixkaryana_hixk1239,blood,cariban.blood.0022
Ikpeng_ikpe1245,blood,cariban.blood.0020
Kaxuiana_kaxu1237,blood,cariban.blood.0023
Kuikuro-Kalapalo_kuik1246,blood,cariban.blood.0020
Macushi_macu1259,blood,cariban.blood.0020
Macushi_macu1259,blood,cariban.blood.0024
Mapoyo_mapo1246,blood,cariban.blood.0025
Panare_enap1235,blood,cariban.blood.0021
Panare_enap1235,blood,cariban.blood.0021
ParaArara_para1310,blood,cariban.blood.0020
Pemon_pemo1248,blood,cariban.blood.0020
Pemon_pemo1248,blood,cariban.blood.0020
Pemon_pemo1248,blood,cariban.blood.0020
Trio_trio1238,blood,cariban.blood.0020
Waimiri-Atroari_waim1253,blood,cariban.blood.0020
Waiwai_waiw1244,blood,cariban.blood.0022
Wayana_waya1269,blood,cariban.blood.0020
Yabarana_yaba1248,blood,cariban.blood.0027
Yekwana_maqu1238,blood,cariban.blood.0020
Yekwana_maqu1238,blood,cariban.blood.0026
Yukpa_yukp1241,blood,cariban.blood.0028
Akawaio-Ingariko_akaw1239,bone,cariban.bone.0029
Apalai_apal1257,bone,cariban.bone.0029
Bakairi_baka1277,bone,cariban.bone.0030
Carijona_cari1279,bone,cariban.bone.0029
GalibiCarib_gali1262,bone,cariban.bone.0029
Hixkaryana_hixk1239,bone,cariban.bone.0029
Hixkaryana_hixk1239,bone,cariban.bone.0029
Ikpeng_ikpe1245,bone,cariban.bone.0031
Kaxuiana_kaxu1237,bone,cariban.bone.0032
Kuikuro-Kalapalo_kuik1246,bone,cariban.bone.0029
Macushi_macu1259,bone,cariban.bone.0029
Macushi_macu1259,bone,cariban.bone.0029
Mapoyo_mapo1246,bone,cariban.bone.0029
Panare_enap1235,bone,cariban.bone.0029
Panare_enap1235,bone,cariban.bone.0029
ParaArara_para1310,bone,cariban.bone.0029
Pemon_pemo1248,bone,cariban.bone.0029
Pemon_pemo1248,bone,cariban.bone.0029
Pemon_pemo1248,bone,cariban.bone.0029
Trio_trio1238,bone,cariban.bone.0029
Waimiri-Atroari_waim1253,bone,cariban.bone.0033
Waiwai_waiw1244,bone,cariban.bone.0029
Wayana_waya1269,bone,cariban.bone.0029
Yabarana_yaba1248,bone,cariban.bone.0034
Yekwana_maqu1238,bone,cariban.bone.0029
Yukpa_yukp1241,bone,cariban.bone.0029
Akawaio-Ingariko_akaw1239,breast,cariban.breast.0035
Apalai_apal1257,breast,cariban.breast.0035
Bakairi_baka1277,breast,cariban.breast.0036
Carijona_cari1279,breast,cariban.breast.0035
Carijona_cari1279,breast,cariban.breast.0037
GalibiCarib_gali1262,breast,cariban.breast.0035
Hixkaryana_hixk1239,breast,cariban.breast.0035
Ikpeng_ikpe1245,breast,cariban.breast.0035
Ikpeng_ikpe1245,breast,cariban.breast.0035
Kaxuiana_kaxu1237,breast,?
Kuikuro-Kalapalo_kuik1246,breast,cariban.breast.0038
Macushi_macu1259,breast,cariban.breast.0035
Macushi_macu1259,breast,cariban.breast.0035
Mapoyo_mapo1246,breast,cariban.breast.0035
Panare_enap1235,breast,cariban.breast.0035
Panare_enap1235,breast,cariban.breast.0035
ParaArara_para1310,breast,cariban.breast.0035
Pemon_pemo1248,breast,cariban.breast.0035
Pemon_pemo1248,breast,cariban.breast.0035
Pemon_pemo1248,breast,cariban.breast.0040
Trio_trio1238,breast,cariban.breast.0035
Waimiri-Atroari_waim1253,breast,cariban.breast.0035
Waiwai_waiw1244,breast,cariban.breast.0035
Wayana_waya1269,breast,cariban.breast.0035
Yabarana_yaba1248,breast,cariban.breast.0041
Yekwana_maqu1238,breast,cariban.breast.0039
Yukpa_yukp1241,breast,cariban.breast.0037
Akawaio-Ingariko_akaw1239,come,cariban.come.0042
Apalai_apal1257,come,cariban.come.0043
Bakairi_baka1277,come,cariban.come.0045
Carijona_cari1279,come,cariban.come.0043
GalibiCarib_gali1262,come,cariban.come.0043
Hixkaryana_hixk1239,come,cariban.come.0047
Ikpeng_ikpe1245,come,cariban.come.0048
Kaxuiana_kaxu1237,come,cariban.come.0043
Kuikuro-Kalapalo_kuik1246,come,cariban.come.0049
Macushi_macu1259,come,cariban.come.0043
Macushi_macu1259,come,cariban.come.0043
Mapoyo_mapo1246,come,cariban.come.0043
Panare_enap1235,come,cariban.come.0043
Panare_enap1235,come,cariban.come.0043
Panare_enap1235,come,cariban.come.0046
Panare_enap1235,come,cariban.come.0054
ParaArara_para1310,come,cariban.come.0044
Pemon_pemo1248,come,cariban.come.0043
Pemon_pemo1248,come,cariban.come.0043
Trio_trio1238,come,cariban.come.0043
Waimiri-Atroari_waim1253,come,?
Waiwai_waiw1244,come,cariban.come.0051
Wayana_waya1269,come,cariban.come.0052
Yabarana_yaba1248,come,cariban.come.0043
Yekwana_maqu1238,come,cariban.come.0042
Yekwana_maqu1238,come,cariban.come.0050
Yukpa_yukp1241,come,cariban.come.0053
Akawaio-Ingariko_akaw1239,die,cariban.die.0055
Apalai_apal1257,die,cariban.die.0056
Bakairi_baka1277,die,cariban.die.0057
Carijona_cari1279,die,cariban.die.0058
GalibiCarib_gali1262,die,cariban.die.0062
Hixkaryana_hixk1239,die,cariban.die.0060
Ikpeng_ikpe1245,die,cariban.die.0061
Kaxuiana_kaxu1237,die,cariban.die.0063
Kuikuro-Kalapalo_kuik1246,die,cariban.die.0064
Macushi_macu1259,die,cariban.die.0065
Macushi_macu1259,die,cariban.die.0065
Mapoyo_mapo1246,die,cariban.die.0066
Panare_enap1235,die,cariban.die.0059
Panare_enap1235,die,cariban.die.0059
ParaArara_para1310,die,?
Pemon_pemo1248,die,cariban.die.0068
Pemon_pemo1248,die,cariban.die.0069
Trio_trio1238,die,cariban.die.0070
Waimiri-Atroari_waim1253,die,cariban.die.0071
Waiwai_waiw1244,die,cariban.die.0072
Wayana_waya1269,die,cariban.die.0062
Yabarana_yaba1248,die,cariban.die.0073
Yekwana_maqu1238,die,cariban.die.0067
Yukpa_yukp1241,die,cariban.die.0068
Akawaio-Ingariko_akaw1239,dog,cariban.dog.0074
Akawaio-Ingariko_akaw1239,dog,cariban.dog.0080
Apalai_apal1257,dog,cariban.dog.0075
Bakairi_baka1277,dog,cariban.dog.0077
Carijona_cari1279,dog,cariban.dog.0075
GalibiCarib_gali1262,dog,cariban.dog.0080
Hixkaryana_hixk1239,dog,cariban.dog.0079
Ikpeng_ikpe1245,dog,cariban.dog.0076
Kaxuiana_kaxu1237,dog,cariban.dog.0081
Kuikuro-Kalapalo_kuik1246,dog,cariban.dog.0082
Macushi_macu1259,dog,cariban.dog.0075
Macushi_macu1259,dog,cariban.dog.0079
Mapoyo_mapo1246,dog,cariban.dog.0083
Panare_enap1235,dog,cariban.dog.0078
Panare_enap1235,dog,cariban.dog.0078
ParaArara_para1310,dog,cariban.dog.0076
Pemon_pemo1248,dog,cariban.dog.0079
Pemon_pemo1248,dog,cariban.dog.0079
Pemon_pemo1248,dog,cariban.dog.0079
Pemon_pemo1248,dog,cariban.dog.0080
Trio_trio1238,dog,cariban.dog.0075
Waimiri-Atroari_waim1253,dog,cariban.dog.0085
Waiwai_waiw1244,dog,cariban.dog.0080
Wayana_waya1269,dog,cariban.dog.0075
Yabarana_yaba1248,dog,cariban.dog.0083
Yekwana_maqu1238,dog,cariban.dog.0084
Yukpa_yukp1241,dog,?
Akawaio-Ingariko_akaw1239,drink,cariban.drink.0086
Apalai_apal1257,drink,cariban.drink.0087
Bakairi_baka1277,drink,cariban.drink.0087
Carijona_cari1279,drink,cariban.drink.0088
GalibiCarib_gali1262,drink,cariban.drink.0090
Hixkaryana_hixk1239,drink,cariban.drink.0090
Ikpeng_ikpe1245,drink,cariban.drink.0087
Kaxuiana_kaxu1237,drink,?
Kuikuro-Kalapalo_kuik1246,drink,cariban.drink.0091
Macushi_macu1259,drink,cariban.drink.0090
Macushi_macu1259,drink,cariban.drink.0090
Mapoyo_mapo1246,drink,cariban.drink.0086
Panare_enap1235,drink,cariban.drink.0089
ParaArara_para1310,drink,?
Pemon_pemo1248,drink,cariban.drink.0086
Pemon_pemo1248,drink,cariban.drink.0090
Trio_trio1238,drink,cariban.drink.0090
Waimiri-Atroari_waim1253,drink,cariban.drink.0092
Waiwai_waiw1244,drink,cariban.drink.0090
Wayana_waya1269,drink,cariban.drink.0090
Yabarana_yaba1248,drink,cariban.drink.0090
Yekwana_maqu1238,drink,cariban.drink.0086
Yekwana_maqu1238,drink,cariban.drink.0086
Yukpa_yukp1241,drink,cariban.drink.0087
Akawaio-Ingariko_akaw1239,ear,cariban.ear.0093
Apalai_apal1257,ear,cariban.ear.0093
Bakairi_baka1277,ear,cariban.ear.0094
Carijona_cari1279,ear,cariban.ear.0093
GalibiCarib_gali1262,ear,cariban.ear.0093
Hixkaryana_hixk1239,ear,cariban.ear.0093
Ikpeng_ikpe1245,ear,cariban.ear.0093
Kaxuiana_kaxu1237,ear,cariban.ear.0093
Kuikuro-Kalapalo_kuik1246,ear,cariban.ear.0093
Macushi_macu1259,ear,cariban.ear.0093
Macushi_macu1259,ear,cariban.ear.0093
Mapoyo_mapo1246,ear,cariban.ear.0093
Panare_enap1235,ear,cariban.ear.0093
Panare_enap1235,ear,cariban.ear.0093
ParaArara_para1310,ear,cariban.ear.0093
Pemon_pemo1248,ear,cariban.ear.0093
Pemon_pemo1248,ear,cariban.ear.0093
Trio_trio1238,ear,cariban.ear.0093
Waimiri-Atroari_waim1253,ear,cariban.ear.0093
Waiwai_waiw1244,ear,cariban.ear.0093
Wayana_waya1269,ear,cariban.ear.0093
Yabarana_yaba1248,ear,cariban.ear.0093
Yekwana_maqu1238,ear,cariban.ear.0093
Yukpa_yukp1241,ear,cariban.ear.0093
Akawaio-Ingariko_akaw1239,eye,cariban.eye.0095
Apalai_apal1257,eye,cariban.eye.0095
Bakairi_baka1277,eye,cariban.eye.0095
Carijona_cari1279,eye,cariban.eye.0096
GalibiCarib_gali1262,eye,cariban.eye.0095
Hixkaryana_hixk1239,eye,cariban.eye.0095
Ikpeng_ikpe1245,eye,cariban.eye.0095
Kaxuiana_kaxu1237,eye,cariban.eye.0095
Kuikuro-Kalapalo_kuik1246,eye,cariban.eye.0095
Macushi_macu1259,eye,cariban.eye.0095
Macushi_macu1259,eye,cariban.eye.0095
Mapoyo_mapo1246,eye,cariban.eye.0098
Panare_enap1235,eye,cariban.eye.0095
Panare_enap1235,eye,cariban.eye.0095
Panare_enap1235,eye,cariban.eye.0097
ParaArara_para1310,eye,cariban.eye.0095
Pemon_pemo1248,eye,cariban.eye.0095
Pemon_pemo1248,eye,cariban.eye.0095
Trio_trio1238,eye,cariban.eye.0095
Waimiri-Atroari_waim1253,eye,cariban.eye.0099
Waiwai_waiw1244,eye,cariban.eye.0100
Wayana_waya1269,eye,cariban.eye.0095
Yabarana_yaba1248,eye,cariban.eye.0095
Yekwana_maqu1238,eye,cariban.eye.0095
Yukpa_yukp1241,eye,cariban.eye.0095
Akawaio-Ingariko_akaw1239,fire,cariban.fire.0101
Apalai_apal1257,fire,cariban.fire.0102
Bakairi_baka1277,fire,cariban.fire.0104
Carijona_cari1279,fire,cariban.fire.0102
GalibiCarib_gali1262,fire,cariban.fire.0102
Hixkaryana_hixk1239,fire,cariban.fire.0102
Ikpeng_ikpe1245,fire,cariban.fire.0104
Kaxuiana_kaxu1237,fire,cariban.fire.0102
Kuikuro-Kalapalo_kuik1246,fire,cariban.fire.0104
Macushi_macu1259,fire,cariban.fire.0101
Macushi_macu1259,fire,cariban.fire.0101
Mapoyo_mapo1246,fire,cariban.fire.0102
Panare_enap1235,fire,cariban.fire.0102
Panare_enap1235,fire,cariban.fire.0102
ParaArara_para1310,fire,cariban.fire.0103
Pemon_pemo1248,fire,cariban.fire.0101
Pemon_pemo1248,fire,cariban.fire.0101
Trio_trio1238,fire,cariban.fire.0102
Waimiri-Atroari_waim1253,fire,cariban.fire.0102
Waiwai_waiw1244,fire,cariban.fire.0102
Wayana_waya1269,fire,cariban.fire.0102
Yabarana_yaba1248,fire,cariban.fire.0102
Yekwana_maqu1238,fire,cariban.fire.0102
Yukpa_yukp1241,fire,cariban.fire.0105
Akawaio-Ingariko_akaw1239,fish,cariban.fish.0106
Apalai_apal1257,fish,cariban.fish.0107
Bakairi_baka1277,fish,cariban.fish.0107
Carijona_cari1279,fish,cariban.fish.0107
GalibiCarib_gali1262,fish,cariban.fish.0109
GalibiCarib_gali1262,fish,cariban.fish.0112
Hixkaryana_hixk1239,fish,cariban.fish.0107
Ikpeng_ikpe1245,fish,cariban.fish.0108
Kaxuiana_kaxu1237,fish,cariban.fish.0107
Kuikuro-Kalapalo_kuik1246,fish,cariban.fish.0107
Macushi_macu1259,fish,cariban.fish.0106
Macushi_macu1259,fish,cariban.fish.0106
Mapoyo_mapo1246,fish,cariban.fish.0106
Panare_enap1235,fish,cariban.fish.0107
Panare_enap1235,fish,cariban.fish.0107
Panare_enap1235,fish,cariban.fish.0107
ParaArara_para1310,fish,cariban.fish.0108
Pemon_pemo1248,fish,cariban.fish.0106
Pemon_pemo1248,fish,cariban.fish.0106
Trio_trio1238,fish,cariban.fish.0107
Waimiri-Atroari_waim1253,fish,cariban.fish.0111
Waiwai_waiw1244,fish,cariban.fish.0109
Wayana_waya1269,fish,cariban.fish.0107
Yabarana_yaba1248,fish,?
Yekwana_maqu1238,fish,cariban.fish.0110
Yekwana_maqu1238,fish,cariban.fish.0113
Yukpa_yukp1241,fish,cariban.fish.0109
Akawaio-Ingariko_akaw1239,full,?
Apalai_apal1257,full,cariban.full.0114
Bakairi_baka1277,full,cariban.full.0115
Carijona_cari1279,full,cariban.full.0116
GalibiCarib_gali1262,full,cariban.full.0118
Hixkaryana_hixk1239,full,cariban.full.0115
Ikpeng_ikpe1245,full,cariban.full.0117
Kaxuiana_kaxu1237,full,?
Kuikuro-Kalapalo_kuik1246,full,cariban.full.0117
Macushi_macu1259,full,cariban.full.0119
Mapoyo_mapo1246,full,?
Panare_enap1235,full,cariban.full.0115
ParaArara_para1310,full,cariban.full.0115
Pemon_pemo1248,full,?
Trio_trio1238,full,cariban.full.0118
Waimiri-Atroari_waim1253,full,cariban.full.0120
Waiwai_waiw1244,full,?
Wayana_waya1269,full,cariban.full.0116
Yabarana_yaba1248,full,?
Yekwana_maqu1238,full,?
Yukpa_yukp1241,full,cariban.full.0115
Yukpa_yukp1241,full,cariban.full.0115
Akawaio-Ingariko_akaw1239,hand,cariban.hand.0121
Apalai_apal1257,hand,cariban.hand.0121
Bakairi_baka1277,hand,cariban.hand.0121
Carijona_cari1279,hand,cariban.hand.0122
GalibiCarib_gali1262,hand,cariban.hand.0123
Hixkaryana_hixk1239,hand,cariban.hand.0121
Ikpeng_ikpe1245,hand,cariban.hand.0123
Kaxuiana_kaxu1237,hand,cariban.hand.0121
Kuikuro-Kalapalo_kuik1246,hand,cariban.hand.0124
Kuikuro-Kalapalo_kuik1246,hand,cariban.hand.0126
Macushi_macu1259,hand,cariban.hand.0121
Macushi_macu1259,hand,cariban.hand.0122
Mapoyo_mapo1246,hand,cariban.hand.0125
Panare_enap1235,hand,cariban.hand.0122
Panare_enap1235,hand,cariban.hand.0122
ParaArara_para1310,hand,cariban.hand.0121
Pemon_pemo1248,hand,cariban.hand.0122
Pemon_pemo1248,hand,cariban.hand.0122
Pemon_pemo1248,hand,cariban.hand.0122
Trio_trio1238,hand,cariban.hand.0122
Waimiri-Atroari_waim1253,hand,cariban.hand.0121
Waiwai_waiw1244,hand,cariban.hand.0121
Wayana_waya1269,hand,cariban.hand.0121
Yabarana_yaba1248,hand,cariban.hand.0125
Yabarana_yaba1248,hand,cariban.hand.0127
Yekwana_maqu1238,hand,cariban.hand.0121
Yukpa_yukp1241,hand,cariban.hand.0121
Akawaio-Ingariko_akaw1239,hear,cariban.hear.0128
Apalai_apal1257,hear,cariban.hear.0128
Bakairi_baka1277,hear,cariban.hear.0129
Carijona_cari1279,hear,cariban.hear.0128
GalibiCarib_gali1262,hear,cariban.hear.0128
Hixkaryana_hixk1239,hear,cariban.hear.0128
Ikpeng_ikpe1245,hear,cariban.hear.0130
Kaxuiana_kaxu1237,hear,cariban.hear.0128
Kuikuro-Kalapalo_kuik1246,hear,cariban.hear.0131
Macushi_macu1259,hear,cariban.hear.0128
Macushi_macu1259,hear,cariban.hear.0132
Mapoyo_mapo1246,hear,cariban.hear.0128
Panare_enap1235,hear,cariban.hear.0128
Panare_enap1235,hear,cariban.hear.0128
ParaArara_para1310,hear,cariban.hear.0128
Pemon_pemo1248,hear,cariban.hear.0128
Pemon_pemo1248,hear,cariban.hear.0133
Trio_trio1238,hear,cariban.hear.0128
Waimiri-Atroari_waim1253,hear,cariban.hear.0128
Waiwai_waiw1244,hear,cariban.hear.0128
Wayana_waya1269,hear,cariban.hear.0130
Yabarana_yaba1248,hear,cariban.hear.0128
Yekwana_maqu1238,hear,?
Yukpa_yukp1241,hear,cariban.hear.0128
Akawaio-Ingariko_akaw1239,horn,?
Apalai_apal1257,horn,cariban.horn.0134
Bakairi_baka1277,horn,cariban.horn.0135
Carijona_cari1279,horn,cariban.horn.0136
GalibiCarib_gali1262,horn,cariban.horn.0134
Hixkaryana_hixk1239,horn,cariban.horn.0137
Ikpeng_ikpe1245,horn,cariban.horn.0138
Kaxuiana_kaxu1237,horn,?
Kuikuro-Kalapalo_kuik1246,horn,cariban.horn.0139
Kuikuro-Kalapalo_kuik1246,horn,cariban.horn.0139
Macushi_macu1259,horn,cariban.horn.0134
Macushi_macu1259,horn,cariban.horn.0134
Mapoyo_mapo1246,horn,?
Panare_enap1235,horn,cariban.horn.0140
ParaArara_para1310,horn,?
Pemon_pemo1248,horn,cariban.horn.0136
Trio_trio1238,horn,cariban.horn.0134
Waimiri-Atroari_waim1253,horn,cariban.horn.0141
Waiwai_waiw1244,horn,?
Wayana_waya1269,horn,cariban.horn.0142
Yabarana_yaba1248,horn,?
Yekwana_maqu1238,horn,?
Yukpa_yukp1241,horn,cariban.horn.0143
Akawaio-Ingariko_akaw1239,knee,?
Apalai_apal1257,knee,cariban.knee.0144
Bakairi_baka1277,knee,cariban.knee.0146
Carijona_cari1279,knee,cariban.knee.0146
GalibiCarib_gali1262,knee,cariban.knee.0149
Hixkaryana_hixk1239,knee,cariban.knee.0147
Ikpeng_ikpe1245,knee,cariban.knee.0148
Kaxuiana_kaxu1237,knee,cariban.knee.0145
Kuikuro-Kalapalo_kuik1246,knee,cariban.knee.0150
Macushi_macu1259,knee,cariban.knee.0148
Macushi_macu1259,knee,cariban.knee.0148
Mapoyo_mapo1246,knee,?
Panare_enap1235,knee,cariban.knee.0144
ParaArara_para1310,knee,cariban.knee.0145
Pemon_pemo1248,knee,cariban.knee.0148
Trio_trio1238,knee,cariban.knee.0151
Waimiri-Atroari_waim1253,knee,cariban.knee.0152
Waiwai_waiw1244,knee,?
Wayana_waya1269,knee,cariban.knee.0144
Yabarana_yaba1248,knee,?
Yekwana_maqu1238,knee,cariban.knee.0144
Yukpa_yukp1241,knee,cariban.knee.0153
Akawaio-Ingariko_akaw1239,leaf,cariban.leaf.0154
Apalai_apal1257,leaf,cariban.leaf.0154
Bakairi_baka1277,leaf,cariban.leaf.0154
Carijona_cari1279,leaf,cariban.leaf.0154
GalibiCarib_gali1262,leaf,cariban.leaf.0154
Hixkaryana_hixk1239,leaf,cariban.leaf.0154
Ikpeng_ikpe1245,leaf,cariban.leaf.0157
Ikpeng_ikpe1245,leaf,cariban.leaf.0157
Kaxuiana_kaxu1237,leaf,?
Kuikuro-Kalapalo_kuik1246,leaf,cariban.leaf.0154
Macushi_macu1259,leaf,cariban.leaf.0154
Macushi_macu1259,leaf,cariban.leaf.0154
Mapoyo_mapo1246,leaf,cariban.leaf.0154
Panare_enap1235,leaf,cariban.leaf.0154
Panare_enap1235,leaf,cariban.leaf.0154
Panare_enap1235,leaf,cariban.leaf.0154
Panare_enap1235,leaf,cariban.leaf.0156
ParaArara_para1310,leaf,cariban.leaf.0155
Pemon_pemo1248,leaf,cariban.leaf.0154
Pemon_pemo1248,leaf,cariban.leaf.0154
Trio_trio1238,leaf,cariban.leaf.0155
Waimiri-Atroari_waim1253,leaf,cariban.leaf.0158
Waiwai_waiw1244,leaf,cariban.leaf.0154
Wayana_waya1269,leaf,cariban.leaf.0154
Yabarana_yaba1248,leaf,cariban.leaf.0159
Yekwana_maqu1238,leaf,cariban.leaf.0154
Yukpa_yukp1241,leaf,cariban.leaf.0154
Akawaio-Ingariko_akaw1239,liver,cariban.liver.0160
Apalai_apal1257,liver,cariban.liver.0160
Bakairi_baka1277,liver,cariban.liver.0160
Carijona_cari1279,liver,cariban.liver.0160
GalibiCarib_gali1262,liver,cariban.liver.0160
Hixkaryana_hixk1239,liver,cariban.liver.0160
Ikpeng_ikpe1245,liver,cariban.liver.0160
Kaxuiana_kaxu1237,liver,?
Kuikuro-Kalapalo_kuik1246,liver,cariban.liver.0160
Macushi_macu1259,liver,cariban.liver.0160
Macushi_macu1259,liver,cariban.liver.0160
Macushi_macu1259,liver,cariban.liver.0160
Mapoyo_mapo1246,liver,cariban.liver.0160
Panare_enap1235,liver,cariban.liver.0161
Panare_enap1235,liver,cariban.liver.0161
ParaArara_para1310,liver,?
Pemon_pemo1248,liver,cariban.liver.0160
Pemon_pemo1248,liver,cariban.liver.0160
Trio_trio1238,liver,cariban.liver.0160
Waimiri-Atroari_waim1253,liver,cariban.liver.0160
Waiwai_waiw1244,liver,cariban.liver.0160
Wayana_waya1269,liver,cariban.liver.0160
Yabarana_yaba1248,liver,cariban.liver.0160
Yekwana_maqu1238,liver,?
Yukpa_yukp1241,liver,cariban.liver.0160
Akawaio-Ingariko_akaw1239,louse,cariban.louse.0162
Apalai_apal1257,louse,cariban.louse.0163
Bakairi_baka1277,louse,cariban.louse.0163
Carijona_cari1279,louse,cariban.louse.0163
GalibiCarib_gali1262,louse,cariban.louse.0163
Hixkaryana_hixk1239,louse,cariban.louse.0163
Ikpeng_ikpe1245,louse,cariban.louse.0162
Kaxuiana_kaxu1237,louse,cariban.louse.0163
Kuikuro-Kalapalo_kuik1246,louse,cariban.louse.0163
Macushi_macu1259,louse,cariban.louse.0162
Macushi_macu1259,louse,cariban.louse.0162
Mapoyo_mapo1246,louse,cariban.louse.0163
Panare_enap1235,louse,cariban.louse.0163
Panare_enap1235,louse,cariban.louse.0164
Panare_enap1235,louse,cariban.louse.0164
ParaArara_para1310,louse,cariban.louse.0163
Pemon_pemo1248,louse,cariban.louse.0162
Pemon_pemo1248,louse,cariban.louse.0162
Pemon_pemo1248,louse,cariban.louse.0162
Trio_trio1238,louse,cariban.louse.0163
Waimiri-Atroari_waim1253,louse,cariban.louse.0163
Waiwai_waiw1244,louse,cariban.louse.0163
Wayana_waya1269,louse,?
Yabarana_yaba1248,louse,cariban.louse.0163
Yekwana_maqu1238,louse,cariban.louse.0163
Yukpa_yukp1241,louse,cariban.louse.0165
Yukpa_yukp1241,louse,cariban.louse.0166
Akawaio-Ingariko_akaw1239,mountain,?
Apalai_apal1257,mountain,cariban.mountain.0167
Bakairi_baka1277,mountain,cariban.mountain.0169
Carijona_cari1279,mountain,cariban.mountain.0170
GalibiCarib_gali1262,mountain,cariban.mountain.0172
Hixkaryana_hixk1239,mountain,cariban.mountain.0167
Ikpeng_ikpe1245,mountain,cariban.mountain.0171
Kaxuiana_kaxu1237,mountain,cariban.mountain.0167
Kuikuro-Kalapalo_kuik1246,mountain,cariban.mountain.0173
Kuikuro-Kalapalo_kuik1246,mountain,cariban.mountain.0173
Macushi_macu1259,mountain,cariban.mountain.0172
Mapoyo_mapo1246,mountain,?
Panare_enap1235,mountain,?
ParaArara_para1310,mountain,cariban.mountain.0168
Pemon_pemo1248,mountain,cariban.mountain.0172
Trio_trio1238,mountain,cariban.mountain.0167
Waimiri-Atroari_waim1253,mountain,cariban.mountain.0172
Waiwai_waiw1244,mountain,?
Wayana_waya1269,mountain,cariban.mountain.0167
Yabarana_yaba1248,mountain,?
Yekwana_maqu1238,mountain,cariban.mountain.0167
Yukpa_yukp1241,mountain,cariban.mountain.0169
Yukpa_yukp1241,mountain,cariban.mountain.0174
Akawaio-Ingariko_akaw1239,name,cariban.name.0175
Apalai_apal1257,name,cariban.name.0175
Bakairi_baka1277,name,cariban.name.0175
Carijona_cari1279,name,cariban.name.0175
GalibiCarib_gali1262,name,cariban.name.0175
Hixkaryana_hixk1239,name,cariban.name.0175
Ikpeng_ikpe1245,name,cariban.name.0175
Kaxuiana_kaxu1237,name,cariban.name.0175
Kuikuro-Kalapalo_kuik1246,name,cariban.name.0175
Macushi_macu1259,name,cariban.name.0177
Macushi_macu1259,name,cariban.name.0178
Mapoyo_mapo1246,name,cariban.name.0175
Panare_enap1235,name,cariban.name.0176
Panare_enap1235,name,cariban.name.0179
ParaArara_para1310,name,?
Pemon_pemo1248,name,cariban.name.0175
Pemon_pemo1248,name,cariban.name.0177
Trio_trio1238,name,cariban.name.0180
Waimiri-Atroari_waim1253,name,cariban.name.0175
Waiwai_waiw1244,name,cariban.name.0175
Wayana_waya1269,name,cariban.name.0175
Yabarana_yaba1248,name,cariban.name.0175
Yekwana_maqu1238,name,?
Yukpa_yukp1241,name,cariban.name.0177
Akawaio-Ingariko_akaw1239,new,cariban.new.0181
Apalai_apal1257,new,cariban.new.0182
Bakairi_baka1277,new,cariban.new.0183
Carijona_cari1279,new,cariban.new.0184
GalibiCarib_gali1262,new,cariban.new.0187
Hixkaryana_hixk1239,new,cariban.new.0184
Ikpeng_ikpe1245,new,cariban.new.0186
Kaxuiana_kaxu1237,new,?
Kuikuro-Kalapalo_kuik1246,new,cariban.new.0184
Macushi_macu1259,new,cariban.new.0181
Macushi_macu1259,new,cariban.new.0181
Mapoyo_mapo1246,new,cariban.new.0188
Panare_enap1235,new,cariban.new.0185
Panare_enap1235,new,cariban.new.0185
Panare_enap1235,new,cariban.new.0194
ParaArara_para1310,new,?
Pemon_pemo1248,new,cariban.new.0181
Pemon_pemo1248,new,cariban.new.0181
Pemon_pemo1248,new,cariban.new.0181
Trio_trio1238,new,cariban.new.0184
Waimiri-Atroari_waim1253,new,cariban.new.0189
Waiwai_waiw1244,new,cariban.new.0190
Wayana_waya1269,new,cariban.new.0191
Yabarana_yaba1248,new,cariban.new.0192
Yekwana_maqu1238,new,?
Yukpa_yukp1241,new,cariban.new.0193
Akawaio-Ingariko_akaw1239,night,cariban.night.0195
Apalai_apal1257,night,cariban.night.0196
Bakairi_baka1277,night,cariban.night.0197
Carijona_cari1279,night,cariban.night.0196
GalibiCarib_gali1262,night,cariban.night.0196
Hixkaryana_hixk1239,night,cariban.night.0198
Ikpeng_ikpe1245,night,cariban.night.0196
Kaxuiana_kaxu1237,night,cariban.night.0196
Kuikuro-Kalapalo_kuik1246,night,cariban.night.0196
Macushi_macu1259,night,cariban.night.0199
Macushi_macu1259,night,cariban.night.0199
Mapoyo_mapo1246,night,cariban.night.0197
Panare_enap1235,night,cariban.night.0197
Panare_enap1235,night,cariban.night.0197
ParaArara_para1310,night,cariban.night.0196
Pemon_pemo1248,night,cariban.night.0201
Pemon_pemo1248,night,cariban.night.0201
Trio_trio1238,night,cariban.night.0196
Waimiri-Atroari_waim1253,night,cariban.night.0197
Waiwai_waiw1244,night,cariban.night.0197
Wayana_waya1269,night,cariban.night.0196
Yabarana_yaba1248,night,cariban.night.0197
Yekwana_maqu1238,night,cariban.night.0200
Yukpa_yukp1241,night,cariban.night.0196
Akawaio-Ingariko_akaw1239,nose,cariban.nose.0202
Apalai_apal1257,nose,cariban.nose.0202
Bakairi_baka1277,nose,cariban.nose.0203
Carijona_cari1279,nose,cariban.nose.0203
GalibiCarib_gali1262,nose,cariban.nose.0206
GalibiCarib_gali1262,nose,cariban.nose.0207
Hixkaryana_hixk1239,nose,cariban.nose.0202
Ikpeng_ikpe1245,nose,cariban.nose.0205
Kaxuiana_kaxu1237,nose,cariban.nose.0202
Kuikuro-Kalapalo_kuik1246,nose,cariban.nose.0207
Macushi_macu1259,nose,cariban.nose.0202
Macushi_macu1259,nose,cariban.nose.0202
Mapoyo_mapo1246,nose,cariban.nose.0208
Panare_enap1235,nose,cariban.nose.0204
Panare_enap1235,nose,cariban.nose.0204
ParaArara_para1310,nose,cariban.nose.0202
Pemon_pemo1248,nose,cariban.nose.0202
Pemon_pemo1248,nose,cariban.nose.0202
Pemon_pemo1248,nose,cariban.nose.0202
Trio_trio1238,nose,cariban.nose.0203
Waimiri-Atroari_waim1253,nose,cariban.nose.0207
Waiwai_waiw1244,nose,cariban.nose.0202
Wayana_waya1269,nose,cariban.nose.0202
Yabarana_yaba1248,nose,cariban.nose.0203
Yekwana_maqu1238,nose,cariban.nose.0202
Yukpa_yukp1241,nose,cariban.nose.0202
Akawaio-Ingariko_akaw1239,one,cariban.one.0209
Apalai_apal1257,one,cariban.one.0210
Bakairi_baka1277,one,cariban.one.0210
Carijona_cari1279,one,cariban.one.0212
GalibiCarib_gali1262,one,cariban.one.0209
Hixkaryana_hixk1239,one,cariban.one.0209
Ikpeng_ikpe1245,one,cariban.one.0211
Kaxuiana_kaxu1237,one,cariban.one.0209
Kuikuro-Kalapalo_kuik1246,one,cariban.one.0214
Macushi_macu1259,one,cariban.one.0209
Macushi_macu1259,one,cariban.one.0209
Mapoyo_mapo1246,one,cariban.one.0209
Panare_enap1235,one,cariban.one.0213
Panare_enap1235,one,cariban.one.0213
ParaArara_para1310,one,cariban.one.0211
Pemon_pemo1248,one,cariban.one.0209
Pemon_pemo1248,one,cariban.one.0209
Pemon_pemo1248,one,cariban.one.0209
Trio_trio1238,one,cariban.one.0209
Waimiri-Atroari_waim1253,one,cariban.one.0212
Waiwai_waiw1244,one,cariban.one.0212
Wayana_waya1269,one,cariban.one.0209
Wayana_waya1269,one,cariban.one.0209
Yabarana_yaba1248,one,cariban.one.0215
Yekwana_maqu1238,one,cariban.one.0212
Yukpa_yukp1241,one,cariban.one.0209
Akawaio-Ingariko_akaw1239,path,?
Apalai_apal1257,path,cariban.path.0216
Bakairi_baka1277,path,cariban.path.0217
Carijona_cari1279,path,cariban.path.0216
GalibiCarib_gali1262,path,cariban.path.0216
Hixkaryana_hixk1239,path,cariban.path.0216
Ikpeng_ikpe1245,path,cariban.path.0216
Kaxuiana_kaxu1237,path,cariban.path.0216
Kuikuro-Kalapalo_kuik1246,path,cariban.path.0218
Macushi_macu1259,path,cariban.path.0219
Macushi_macu1259,path,cariban.path.0220
Mapoyo_mapo1246,path,cariban.path.0216
Panare_enap1235,path,cariban.path.0216
Panare_enap1235,path,cariban.path.0216
ParaArara_para1310,path,cariban.path.0216
Pemon_pemo1248,path,cariban.path.0216
Pemon_pemo1248,path,cariban.path.0220
Trio_trio1238,path,cariban.path.0216
Waimiri-Atroari_waim1253,path,cariban.path.0221
Waiwai_waiw1244,path,cariban.path.0216
Wayana_waya1269,path,cariban.path.0216
Yabarana_yaba1248,path,cariban.path.0216
Yekwana_maqu1238,path,cariban.path.0216
Yukpa_yukp1241,path,cariban.path.0216
Akawaio-Ingariko_akaw1239,person,cariban.person.0222
Apalai_apal1257,person,?
Bakairi_baka1277,person,?
Carijona_cari1279,person,cariban.person.0224
GalibiCarib_gali1262,person,?
Hixkaryana_hixk1239,person,?
Ikpeng_ikpe1245,person,?
Kaxuiana_kaxu1237,person,?
Kuikuro-Kalapalo_kuik1246,person,?
Macushi_macu1259,person,cariban.person.0226
Mapoyo_mapo1246,person,cariban.person.0227
Panare_enap1235,person,cariban.person.0225
Panare_enap1235,person,cariban.person.0225
ParaArara_para1310,person,cariban.person.0223
Pemon_pemo1248,person,?
Trio_trio1238,person,?
Waimiri-Atroari_waim1253,person,?
Waiwai_waiw1244,person,cariban.person.0229
Wayana_waya1269,person,?
Yabarana_yaba1248,person,?
Yekwana_maqu1238,person,cariban.person.0228
Yukpa_yukp1241,person,?
Akawaio-Ingariko_akaw1239,see,?
Apalai_apal1257,see,cariban.see.0230
Bakairi_baka1277,see,cariban.see.0231
Carijona_cari1279,see,cariban.see.0231
GalibiCarib_gali1262,see,cariban.see.0230
Hixkaryana_hixk1239,see,cariban.see.0230
Ikpeng_ikpe1245,see,cariban.see.0230
Kaxuiana_kaxu1237,see,cariban.see.0230
Kuikuro-Kalapalo_kuik1246,see,cariban.see.0232
Macushi_macu1259,see,cariban.see.0233
Macushi_macu1259,see,cariban.see.0233
Mapoyo_mapo1246,see,cariban.see.0230
Panare_enap1235,see,cariban.see.0230
Panare_enap1235,see,cariban.see.0230
ParaArara_para1310,see,cariban.see.0230
Pemon_pemo1248,see,cariban.see.0233
Trio_trio1238,see,cariban.see.0230
Waimiri-Atroari_waim1253,see,cariban.see.0234
Waiwai_waiw1244,see,cariban.see.0230
Wayana_waya1269,see,cariban.see.0230
Yabarana_yaba1248,see,cariban.see.0230
Yekwana_maqu1238,see,cariban.see.0230
Yukpa_yukp1241,see,cariban.see.0230
Akawaio-Ingariko_akaw1239,skin,cariban.skin.0235
Apalai_apal1257,skin,cariban.skin.0235
Bakairi_baka1277,skin,cariban.skin.0235
Carijona_cari1279,skin,cariban.skin.0235
GalibiCarib_gali1262,skin,cariban.skin.0235
Hixkaryana_hixk1239,skin,cariban.skin.0235
Ikpeng_ikpe1245,skin,cariban.skin.0235
Ikpeng_ikpe1245,skin,cariban.skin.0236
Kaxuiana_kaxu1237,skin,cariban.skin.0235
Kuikuro-Kalapalo_kuik1246,skin,cariban.skin.0235
Macushi_macu1259,skin,cariban.skin.0235
Macushi_macu1259,skin,cariban.skin.0235
Mapoyo_mapo1246,skin,cariban.skin.0235
Panare_enap1235,skin,cariban.skin.0235
Panare_enap1235,skin,cariban.skin.0235
ParaArara_para1310,skin,?
Pemon_pemo1248,skin,cariban.skin.0235
Pemon_pemo1248,skin,cariban.skin.0235
Pemon_pemo1248,skin,cariban.skin.0235
Pemon_pemo1248,skin,cariban.skin.0235
Trio_trio1238,skin,cariban.skin.0235
Waimiri-Atroari_waim1253,skin,cariban.skin.0235
Waiwai_waiw1244,skin,cariban.skin.0235
Waiwai_waiw1244,skin,cariban.skin.0235
Wayana_waya1269,skin,cariban.skin.0235
Yabarana_yaba1248,skin,cariban.skin.0235
Yabarana_yaba1248,skin,cariban.skin.0235
Yekwana_maqu1238,skin,cariban.skin.0235
Yukpa_yukp1241,skin,cariban.skin.0237
Akawaio-Ingariko_akaw1239,star,cariban.star.0238
Apalai_apal1257,star,cariban.star.0238
Bakairi_baka1277,star,cariban.star.0238
Carijona_cari1279,star,cariban.star.0238
GalibiCarib_gali1262,star,cariban.star.0238
Hixkaryana_hixk1239,star,cariban.star.0240
Ikpeng_ikpe1245,star,cariban.star.0238
Kaxuiana_kaxu1237,star,cariban.star.0238
Kuikuro-Kalapalo_kuik1246,star,cariban.star.0241
Kuikuro-Kalapalo_kuik1246,star,cariban.star.0241
Macushi_macu1259,star,cariban.star.0238
Macushi_macu1259,star,cariban.star.0238
Mapoyo_mapo1246,star,cariban.star.0238
Panare_enap1235,star,cariban.star.0239
Panare_enap1235,star,cariban.star.0239
ParaArara_para1310,star,cariban.star.0238
Pemon_pemo1248,star,cariban.star.0238
Pemon_pemo1248,star,cariban.star.0238
Pemon_pemo1248,star,cariban.star.0238
Trio_trio1238,star,cariban.star.0238
Waimiri-Atroari_waim1253,star,cariban.star.0238
Waiwai_waiw1244,star,cariban.star.0238
Wayana_waya1269,star,cariban.star.0238
Yabarana_yaba1248,star,cariban.star.0238
Yekwana_maqu1238,star,cariban.star.0238
Yukpa_yukp1241,star,cariban.star.0238
Akawaio-Ingariko_akaw1239,stone,cariban.stone.0242
Apalai_apal1257,stone,cariban.stone.0242
Bakairi_baka1277,stone,cariban.stone.0243
Carijona_cari1279,stone,cariban.stone.0242
GalibiCarib_gali1262,stone,cariban.stone.0242
Hixkaryana_hixk1239,stone,cariban.stone.0242
Ikpeng_ikpe1245,stone,cariban.stone.0242
Kaxuiana_kaxu1237,stone,cariban.stone.0242
Kuikuro-Kalapalo_kuik1246,stone,cariban.stone.0242
Macushi_macu1259,stone,cariban.stone.0242
Macushi_macu1259,stone,cariban.stone.0242
Mapoyo_mapo1246,stone,cariban.stone.0242
Panare_enap1235,stone,cariban.stone.0242
Panare_enap1235,stone,cariban.stone.0242
ParaArara_para1310,stone,cariban.stone.0242
Pemon_pemo1248,stone,cariban.stone.0242
Pemon_pemo1248,stone,cariban.stone.0242
Pemon_pemo1248,stone,cariban.stone.0242
Trio_trio1238,stone,cariban.stone.0242
Waimiri-Atroari_waim1253,stone,cariban.stone.0242
Waiwai_waiw1244,stone,cariban.stone.0242
Wayana_waya1269,stone,cariban.stone.0242
Yabarana_yaba1248,stone,cariban.stone.0242
Yekwana_maqu1238,stone,cariban.stone.0242
Yukpa_yukp1241,stone,cariban.stone.0242
Akawaio-Ingariko_akaw1239,sun,?
Apalai_apal1257,sun,cariban.sun.0244
Bakairi_baka1277,sun,cariban.sun.0244
Carijona_cari1279,sun,cariban.sun.0245
GalibiCarib_gali1262,sun,cariban.sun.0247
Hixkaryana_hixk1239,sun,cariban.sun.0246
Ikpeng_ikpe1245,sun,cariban.sun.0244
Kaxuiana_kaxu1237,sun,cariban.sun.0244
Kuikuro-Kalapalo_kuik1246,sun,cariban.sun.0244
Macushi_macu1259,sun,cariban.sun.0245
Mapoyo_mapo1246,sun,?
Panare_enap1235,sun,cariban.sun.0248
ParaArara_para1310,sun,cariban.sun.0244
Pemon_pemo1248,sun,cariban.sun.0249
Trio_trio1238,sun,cariban.sun.0245
Waimiri-Atroari_waim1253,sun,cariban.sun.0245
Waiwai_waiw1244,sun,?
Wayana_waya1269,sun,cariban.sun.0244
Yabarana_yaba1248,sun,?
Yekwana_maqu1238,sun,cariban.sun.0244
Yukpa_yukp1241,sun,cariban.sun.0250
Akawaio-Ingariko_akaw1239,tongue,cariban.tongue.0251
Apalai_apal1257,tongue,cariban.tongue.0252
Bakairi_baka1277,tongue,cariban.tongue.0254
Carijona_cari1279,tongue,cariban.tongue.0255
GalibiCarib_gali1262,tongue,cariban.tongue.0252
Hixkaryana_hixk1239,tongue,cariban.tongue.0252
Ikpeng_ikpe1245,tongue,cariban.tongue.0257
Kaxuiana_kaxu1237,tongue,cariban.tongue.0252
Kuikuro-Kalapalo_kuik1246,tongue,cariban.tongue.0258
Macushi_macu1259,tongue,cariban.tongue.0252
Macushi_macu1259,tongue,cariban.tongue.0252
Mapoyo_mapo1246,tongue,cariban.tongue.0252
Panare_enap1235,tongue,cariban.tongue.0256
Panare_enap1235,tongue,cariban.tongue.0256
ParaArara_para1310,tongue,cariban.tongue.0253
Pemon_pemo1248,tongue,cariban.tongue.0251
Pemon_pemo1248,tongue,cariban.tongue.0251
Trio_trio1238,tongue,cariban.tongue.0251
Waimiri-Atroari_waim1253,tongue,cariban.tongue.0251
Waiwai_waiw1244,tongue,cariban.tongue.0252
Wayana_waya1269,tongue,cariban.tongue.0252
Yabarana_yaba1248,tongue,cariban.tongue.0252
Yekwana_maqu1238,tongue,cariban.tongue.0252
Yukpa_yukp1241,tongue,cariban.tongue.0259
Akawaio-Ingariko_akaw1239,tooth,cariban.tooth.0260
Apalai_apal1257,tooth,cariban.tooth.0261
Bakairi_baka1277,tooth,cariban.tooth.0262
Carijona_cari1279,tooth,cariban.tooth.0262
GalibiCarib_gali1262,tooth,cariban.tooth.0261
Hixkaryana_hixk1239,tooth,cariban.tooth.0261
Ikpeng_ikpe1245,tooth,cariban.tooth.0263
Kaxuiana_kaxu1237,tooth,cariban.tooth.0262
Kuikuro-Kalapalo_kuik1246,tooth,cariban.tooth.0264
Macushi_macu1259,tooth,cariban.tooth.0261
Macushi_macu1259,tooth,cariban.tooth.0261
Mapoyo_mapo1246,tooth,cariban.tooth.0261
Panare_enap1235,tooth,cariban.tooth.0261
Panare_enap1235,tooth,cariban.tooth.0261
ParaArara_para1310,tooth,?
Pemon_pemo1248,tooth,cariban.tooth.0261
Pemon_pemo1248,tooth,cariban.tooth.0261
Trio_trio1238,tooth,cariban.tooth.0261
Waimiri-Atroari_waim1253,tooth,cariban.tooth.0266
Waiwai_waiw1244,tooth,cariban.tooth.0261
Wayana_waya1269,tooth,cariban.tooth.0261
Yabarana_yaba1248,tooth,cariban.tooth.0267
Yekwana_maqu1238,tooth,cariban.tooth.0265
Yukpa_yukp1241,tooth,cariban.tooth.0261
Akawaio-Ingariko_akaw1239,tree,?
Apalai_apal1257,tree,cariban.tree.0268
Bakairi_baka1277,tree,cariban.tree.0270
Carijona_cari1279,tree,cariban.tree.0268
GalibiCarib_gali1262,tree,cariban.tree.0268
GalibiCarib_gali1262,tree,cariban.tree.0272
GalibiCarib_gali1262,tree,cariban.tree.0272
Hixkaryana_hixk1239,tree,cariban.tree.0268
Ikpeng_ikpe1245,tree,cariban.tree.0271
Kaxuiana_kaxu1237,tree,cariban.tree.0268
Kaxuiana_kaxu1237,tree,cariban.tree.0278
Kuikuro-Kalapalo_kuik1246,tree,?
Macushi_macu1259,tree,cariban.tree.0273
Mapoyo_mapo1246,tree,?
Panare_enap1235,tree,cariban.tree.0275
Panare_enap1235,tree,cariban.tree.0279
ParaArara_para1310,tree,cariban.tree.0269
Pemon_pemo1248,tree,cariban.tree.0276
Trio_trio1238,tree,cariban.tree.0268
Waimiri-Atroari_waim1253,tree,cariban.tree.0277
Waiwai_waiw1244,tree,?
Wayana_waya1269,tree,cariban.tree.0268
Yabarana_yaba1248,tree,?
Yekwana_maqu1238,tree,cariban.tree.0274
Yukpa_yukp1241,tree,cariban.tree.0268
Akawaio-Ingariko_akaw1239,two,cariban.two.0280
Apalai_apal1257,two,cariban.two.0280
Bakairi_baka1277,two,cariban.two.0280
Carijona_cari1279,two,cariban.two.0280
GalibiCarib_gali1262,two,cariban.two.0280
Hixkaryana_hixk1239,two,cariban.two.0280
Ikpeng_ikpe1245,two,cariban.two.0281
Kaxuiana_kaxu1237,two,cariban.two.0280
Kuikuro-Kalapalo_kuik1246,two,cariban.two.0280
Macushi_macu1259,two,cariban.two.0280
Macushi_macu1259,two,cariban.two.0280
Macushi_macu1259,two,cariban.two.0280
Mapoyo_mapo1246,two,cariban.two.0280
Panare_enap1235,two,cariban.two.0280
Panare_enap1235,two,cariban.two.0280
ParaArara_para1310,two,cariban.two.0281
Pemon_pemo1248,two,cariban.two.0280
Pemon_pemo1248,two,cariban.two.0280
Pemon_pemo1248,two,cariban.two.0280
Pemon_pemo1248,two,cariban.two.0280
Pemon_pemo1248,two,cariban.two.0280
Trio_trio1238,two,cariban.two.0280
Waimiri-Atroari_waim1253,two,cariban.two.0282
Waiwai_waiw1244,two,?
Wayana_waya1269,two,cariban.two.0280
Yabarana_yaba1248,two,cariban.two.0280
Yekwana_maqu1238,two,cariban.two.0280
Yukpa_yukp1241,two,cariban.two.0283
Akawaio-Ingariko_akaw1239,water,cariban.water.0284
Apalai_apal1257,water,cariban.water.0284
Bakairi_baka1277,water,cariban.water.0285
Carijona_cari1279,water,cariban.water.0284
GalibiCarib_gali1262,water,cariban.water.0284
Hixkaryana_hixk1239,water,cariban.water.0284
Ikpeng_ikpe1245,water,cariban.water.0286
Kaxuiana_kaxu1237,water,cariban.water.0284
Kuikuro-Kalapalo_kuik1246,water,cariban.water.0284
Macushi_macu1259,water,cariban.water.0284
Macushi_macu1259,water,cariban.water.0284
Mapoyo_mapo1246,water,cariban.water.0284
Panare_enap1235,water,cariban.water.0284
Panare_enap1235,water,cariban.water.0284
ParaArara_para1310,water,cariban.water.0285
Pemon_pemo1248,water,cariban.water.0284
Pemon_pemo1248,water,cariban.water.0284
Trio_trio1238,water,cariban.water.0284
Waimiri-Atroari_waim1253,water,cariban.water.0284
Waiwai_waiw1244,water,cariban.water.0284
Wayana_waya1269,water,cariban.water.0284
Yabarana_yaba1248,water,cariban.water.0284
Yekwana_maqu1238,water,cariban.water.0284
Yukpa_yukp1241,water,cariban.water.0284
