Language_ID,Feature_ID,Value
Badaga_bada1257,1pl,dravidian.1pl.0002
Badaga_bada1257,1pl,dravidian.1pl.0002
Badaga_bada1257,1pl,dravidian.1pl.0002
BettaKurumba_bett1235,1pl,dravidian.1pl.0002
BettaKurumba_bett1235,1pl,dravidian.1pl.0002
Brahui_brah1256,1pl,dravidian.1pl.0002
DandamiMaria_dand1238,1pl,dravidian.1pl.0001
Duruwa_duru1236,1pl,dravidian.1pl.0004
IndianKurux_kuru1302,1pl,dravidian.1pl.0003
Kannada_nucl1305,1pl,dravidian.1pl.0002
Kannada_nucl1305,1pl,dravidian.1pl.0002
Kodava_koda1255,1pl,dravidian.1pl.0002
KorraKoraga_korr1238,1pl,dravidian.1pl.0002
KotaIndia_kota1263,1pl,dravidian.1pl.0004
Koya_koya1251,1pl,dravidian.1pl.0001
Koya_koya1251,1pl,dravidian.1pl.0001
Kuvi_kuvi1243,1pl,dravidian.1pl.0001
Kuvi_kuvi1243,1pl,dravidian.1pl.0001
Malayalam_mala1464,1pl,dravidian.1pl.0003
Malayalam_mala1464,1pl,dravidian.1pl.0004
MandaIndia_mand1413,1pl,dravidian.1pl.0003
MariaIndia_mari1414,1pl,dravidian.1pl.0001
MariaIndia_mari1414,1pl,dravidian.1pl.0001
Muthuvan_muth1236,1pl,dravidian.1pl.0004
NorthernGondi_nort2702,1pl,dravidian.1pl.0001
NorthernGondi_nort2702,1pl,dravidian.1pl.0001
NorthernGondi_nort2702,1pl,dravidian.1pl.0001
NorthwesternKolami_nort2699,1pl,dravidian.1pl.0003
NorthwesternKolami_nort2699,1pl,dravidian.1pl.0003
Pengo_peng1244,1pl,dravidian.1pl.0005
Pengo_peng1244,1pl,dravidian.1pl.0006
PottangiOllarGadaba_pott1240,1pl,dravidian.1pl.0003
Ravula_ravu1237,1pl,dravidian.1pl.0002
Ravula_ravu1237,1pl,dravidian.1pl.0004
SauriaPaharia_saur1249,1pl,dravidian.1pl.0004
Tamil_tami1289,1pl,dravidian.1pl.0002
Tamil_tami1289,1pl,dravidian.1pl.0003
Telugu_telu1262,1pl,dravidian.1pl.0001
Telugu_telu1262,1pl,dravidian.1pl.0001
Toda_toda1252,1pl,dravidian.1pl.0003
Tulu_tulu1258,1pl,dravidian.1pl.0002
Tulu_tulu1258,1pl,dravidian.1pl.0004
WesternMuria_west2408,1pl,dravidian.1pl.0001
Yerukula_yeru1240,1pl,dravidian.1pl.0002
Badaga_bada1257,1sg,dravidian.1sg.0007
Badaga_bada1257,1sg,dravidian.1sg.0007
BettaKurumba_bett1235,1sg,dravidian.1sg.0007
Brahui_brah1256,1sg,dravidian.1sg.0008
DandamiMaria_dand1238,1sg,dravidian.1sg.0007
DandamiMaria_dand1238,1sg,dravidian.1sg.0007
Duruwa_duru1236,1sg,dravidian.1sg.0007
IndianKurux_kuru1302,1sg,dravidian.1sg.0007
Kannada_nucl1305,1sg,dravidian.1sg.0007
Kodava_koda1255,1sg,dravidian.1sg.0007
KorraKoraga_korr1238,1sg,dravidian.1sg.0007
KotaIndia_kota1263,1sg,dravidian.1sg.0007
Koya_koya1251,1sg,dravidian.1sg.0007
Koya_koya1251,1sg,dravidian.1sg.0007
Kuvi_kuvi1243,1sg,dravidian.1sg.0007
Malayalam_mala1464,1sg,dravidian.1sg.0007
MandaIndia_mand1413,1sg,dravidian.1sg.0007
MandaIndia_mand1413,1sg,dravidian.1sg.0007
MariaIndia_mari1414,1sg,dravidian.1sg.0007
MariaIndia_mari1414,1sg,dravidian.1sg.0007
MariaIndia_mari1414,1sg,dravidian.1sg.0007
MariaIndia_mari1414,1sg,dravidian.1sg.0007
Muthuvan_muth1236,1sg,dravidian.1sg.0007
NorthernGondi_nort2702,1sg,dravidian.1sg.0007
NorthernGondi_nort2702,1sg,dravidian.1sg.0007
NorthernGondi_nort2702,1sg,dravidian.1sg.0007
NorthernGondi_nort2702,1sg,dravidian.1sg.0007
NorthwesternKolami_nort2699,1sg,dravidian.1sg.0007
NorthwesternKolami_nort2699,1sg,dravidian.1sg.0007
Pengo_peng1244,1sg,dravidian.1sg.0007
PottangiOllarGadaba_pott1240,1sg,dravidian.1sg.0007
Ravula_ravu1237,1sg,dravidian.1sg.0007
Ravula_ravu1237,1sg,dravidian.1sg.0007
SauriaPaharia_saur1249,1sg,dravidian.1sg.0007
Tamil_tami1289,1sg,dravidian.1sg.0007
Telugu_telu1262,1sg,dravidian.1sg.0007
Toda_toda1252,1sg,dravidian.1sg.0007
Tulu_tulu1258,1sg,dravidian.1sg.0007
WesternMuria_west2408,1sg,dravidian.1sg.0007
Yerukula_yeru1240,1sg,dravidian.1sg.0007
Badaga_bada1257,2sg,dravidian.2sg.0009
Badaga_bada1257,2sg,dravidian.2sg.0009
Badaga_bada1257,2sg,dravidian.2sg.0009
BettaKurumba_bett1235,2sg,dravidian.2sg.0009
Brahui_brah1256,2sg,dravidian.2sg.0009
DandamiMaria_dand1238,2sg,dravidian.2sg.0009
Duruwa_duru1236,2sg,dravidian.2sg.0009
IndianKurux_kuru1302,2sg,dravidian.2sg.0009
Kannada_nucl1305,2sg,dravidian.2sg.0009
Kannada_nucl1305,2sg,dravidian.2sg.0009
Kodava_koda1255,2sg,dravidian.2sg.0009
KorraKoraga_korr1238,2sg,dravidian.2sg.0010
KotaIndia_kota1263,2sg,dravidian.2sg.0009
Koya_koya1251,2sg,dravidian.2sg.0009
Kuvi_kuvi1243,2sg,dravidian.2sg.0009
Malayalam_mala1464,2sg,dravidian.2sg.0009
MandaIndia_mand1413,2sg,dravidian.2sg.0009
MandaIndia_mand1413,2sg,dravidian.2sg.0009
MariaIndia_mari1414,2sg,dravidian.2sg.0009
MariaIndia_mari1414,2sg,dravidian.2sg.0009
MariaIndia_mari1414,2sg,dravidian.2sg.0009
MariaIndia_mari1414,2sg,dravidian.2sg.0009
Muthuvan_muth1236,2sg,dravidian.2sg.0009
NorthernGondi_nort2702,2sg,dravidian.2sg.0009
NorthernGondi_nort2702,2sg,dravidian.2sg.0009
NorthernGondi_nort2702,2sg,dravidian.2sg.0009
NorthwesternKolami_nort2699,2sg,dravidian.2sg.0009
NorthwesternKolami_nort2699,2sg,dravidian.2sg.0009
Pengo_peng1244,2sg,dravidian.2sg.0009
PottangiOllarGadaba_pott1240,2sg,dravidian.2sg.0009
Ravula_ravu1237,2sg,dravidian.2sg.0009
Ravula_ravu1237,2sg,dravidian.2sg.0009
SauriaPaharia_saur1249,2sg,dravidian.2sg.0009
SauriaPaharia_saur1249,2sg,dravidian.2sg.0009
Tamil_tami1289,2sg,dravidian.2sg.0009
Telugu_telu1262,2sg,dravidian.2sg.0009
Telugu_telu1262,2sg,dravidian.2sg.0009
Toda_toda1252,2sg,dravidian.2sg.0009
Tulu_tulu1258,2sg,dravidian.2sg.0009
WesternMuria_west2408,2sg,dravidian.2sg.0009
Yerukula_yeru1240,2sg,dravidian.2sg.0009
Badaga_bada1257,blood,dravidian.blood.0011
Badaga_bada1257,blood,dravidian.blood.0011
Badaga_bada1257,blood,dravidian.blood.0013
Badaga_bada1257,blood,dravidian.blood.0013
BettaKurumba_bett1235,blood,dravidian.blood.0011
Brahui_brah1256,blood,dravidian.blood.0011
DandamiMaria_dand1238,blood,dravidian.blood.0011
Duruwa_duru1236,blood,dravidian.blood.0011
IndianKurux_kuru1302,blood,dravidian.blood.0012
Kannada_nucl1305,blood,dravidian.blood.0011
Kannada_nucl1305,blood,dravidian.blood.0013
Kodava_koda1255,blood,dravidian.blood.0011
KorraKoraga_korr1238,blood,dravidian.blood.0011
KorraKoraga_korr1238,blood,dravidian.blood.0013
KotaIndia_kota1263,blood,dravidian.blood.0011
Koya_koya1251,blood,dravidian.blood.0011
Koya_koya1251,blood,dravidian.blood.0011
Kuvi_kuvi1243,blood,dravidian.blood.0011
Kuvi_kuvi1243,blood,dravidian.blood.0011
Malayalam_mala1464,blood,dravidian.blood.0011
Malayalam_mala1464,blood,dravidian.blood.0013
MandaIndia_mand1413,blood,dravidian.blood.0011
MariaIndia_mari1414,blood,dravidian.blood.0011
MariaIndia_mari1414,blood,dravidian.blood.0011
MariaIndia_mari1414,blood,dravidian.blood.0011
Muthuvan_muth1236,blood,dravidian.blood.0011
Muthuvan_muth1236,blood,dravidian.blood.0014
NorthernGondi_nort2702,blood,dravidian.blood.0011
NorthernGondi_nort2702,blood,dravidian.blood.0011
NorthernGondi_nort2702,blood,dravidian.blood.0011
NorthwesternKolami_nort2699,blood,dravidian.blood.0011
NorthwesternKolami_nort2699,blood,dravidian.blood.0011
Pengo_peng1244,blood,dravidian.blood.0011
PottangiOllarGadaba_pott1240,blood,dravidian.blood.0011
Ravula_ravu1237,blood,dravidian.blood.0011
Ravula_ravu1237,blood,dravidian.blood.0011
SauriaPaharia_saur1249,blood,dravidian.blood.0013
Tamil_tami1289,blood,dravidian.blood.0013
Telugu_telu1262,blood,dravidian.blood.0011
Telugu_telu1262,blood,dravidian.blood.0013
Toda_toda1252,blood,dravidian.blood.0015
Tulu_tulu1258,blood,dravidian.blood.0011
WesternMuria_west2408,blood,dravidian.blood.0011
Yerukula_yeru1240,blood,dravidian.blood.0016
Badaga_bada1257,bone,dravidian.bone.0018
Badaga_bada1257,bone,dravidian.bone.0018
Badaga_bada1257,bone,dravidian.bone.0018
BettaKurumba_bett1235,bone,dravidian.bone.0019
Brahui_brah1256,bone,dravidian.bone.0020
Brahui_brah1256,bone,dravidian.bone.0020
DandamiMaria_dand1238,bone,dravidian.bone.0021
Duruwa_duru1236,bone,dravidian.bone.0021
IndianKurux_kuru1302,bone,dravidian.bone.0022
Kannada_nucl1305,bone,dravidian.bone.0018
Kannada_nucl1305,bone,dravidian.bone.0019
Kodava_koda1255,bone,dravidian.bone.0021
KorraKoraga_korr1238,bone,dravidian.bone.0018
KotaIndia_kota1263,bone,dravidian.bone.0019
Koya_koya1251,bone,dravidian.bone.0017
Koya_koya1251,bone,dravidian.bone.0021
Koya_koya1251,bone,dravidian.bone.0029
Kuvi_kuvi1243,bone,dravidian.bone.0019
Kuvi_kuvi1243,bone,dravidian.bone.0023
Kuvi_kuvi1243,bone,dravidian.bone.0028
Malayalam_mala1464,bone,dravidian.bone.0018
Malayalam_mala1464,bone,dravidian.bone.0024
MandaIndia_mand1413,bone,dravidian.bone.0023
MariaIndia_mari1414,bone,dravidian.bone.0017
Muthuvan_muth1236,bone,dravidian.bone.0019
NorthernGondi_nort2702,bone,dravidian.bone.0017
NorthernGondi_nort2702,bone,dravidian.bone.0017
NorthernGondi_nort2702,bone,dravidian.bone.0017
NorthwesternKolami_nort2699,bone,dravidian.bone.0017
NorthwesternKolami_nort2699,bone,dravidian.bone.0017
Pengo_peng1244,bone,dravidian.bone.0023
PottangiOllarGadaba_pott1240,bone,?
Ravula_ravu1237,bone,dravidian.bone.0018
Ravula_ravu1237,bone,dravidian.bone.0021
Ravula_ravu1237,bone,dravidian.bone.0021
SauriaPaharia_saur1249,bone,dravidian.bone.0025
Tamil_tami1289,bone,dravidian.bone.0019
Telugu_telu1262,bone,dravidian.bone.0017
Telugu_telu1262,bone,dravidian.bone.0028
Toda_toda1252,bone,dravidian.bone.0026
Tulu_tulu1258,bone,dravidian.bone.0018
Tulu_tulu1258,bone,dravidian.bone.0027
WesternMuria_west2408,bone,dravidian.bone.0017
Yerukula_yeru1240,bone,dravidian.bone.0028
Badaga_bada1257,breast,dravidian.breast.0031
Badaga_bada1257,breast,dravidian.breast.0032
Badaga_bada1257,breast,dravidian.breast.0032
BettaKurumba_bett1235,breast,dravidian.breast.0033
Brahui_brah1256,breast,dravidian.breast.0034
Brahui_brah1256,breast,dravidian.breast.0035
Brahui_brah1256,breast,dravidian.breast.0046
Brahui_brah1256,breast,dravidian.breast.0049
DandamiMaria_dand1238,breast,?
Duruwa_duru1236,breast,?
IndianKurux_kuru1302,breast,dravidian.breast.0037
Kannada_nucl1305,breast,dravidian.breast.0031
Kannada_nucl1305,breast,dravidian.breast.0047
Kodava_koda1255,breast,dravidian.breast.0032
KorraKoraga_korr1238,breast,dravidian.breast.0036
KotaIndia_kota1263,breast,dravidian.breast.0032
Koya_koya1251,breast,dravidian.breast.0035
Kuvi_kuvi1243,breast,dravidian.breast.0038
Malayalam_mala1464,breast,dravidian.breast.0032
Malayalam_mala1464,breast,dravidian.breast.0032
Malayalam_mala1464,breast,dravidian.breast.0039
MandaIndia_mand1413,breast,dravidian.breast.0034
MandaIndia_mand1413,breast,dravidian.breast.0048
MariaIndia_mari1414,breast,dravidian.breast.0030
MariaIndia_mari1414,breast,dravidian.breast.0034
Muthuvan_muth1236,breast,dravidian.breast.0041
NorthernGondi_nort2702,breast,dravidian.breast.0034
NorthwesternKolami_nort2699,breast,dravidian.breast.0030
NorthwesternKolami_nort2699,breast,dravidian.breast.0035
Pengo_peng1244,breast,?
PottangiOllarGadaba_pott1240,breast,dravidian.breast.0042
Ravula_ravu1237,breast,dravidian.breast.0032
Ravula_ravu1237,breast,dravidian.breast.0032
SauriaPaharia_saur1249,breast,dravidian.breast.0040
Tamil_tami1289,breast,dravidian.breast.0032
Tamil_tami1289,breast,dravidian.breast.0032
Telugu_telu1262,breast,dravidian.breast.0039
Telugu_telu1262,breast,dravidian.breast.0043
Toda_toda1252,breast,dravidian.breast.0044
Tulu_tulu1258,breast,dravidian.breast.0032
WesternMuria_west2408,breast,dravidian.breast.0034
Yerukula_yeru1240,breast,dravidian.breast.0045
Badaga_bada1257,come,dravidian.come.0051
Badaga_bada1257,come,dravidian.come.0052
Badaga_bada1257,come,dravidian.come.0053
BettaKurumba_bett1235,come,dravidian.come.0050
BettaKurumba_bett1235,come,dravidian.come.0050
BettaKurumba_bett1235,come,dravidian.come.0054
Brahui_brah1256,come,dravidian.come.0050
DandamiMaria_dand1238,come,dravidian.come.0050
DandamiMaria_dand1238,come,dravidian.come.0050
Duruwa_duru1236,come,dravidian.come.0050
Duruwa_duru1236,come,dravidian.come.0054
IndianKurux_kuru1302,come,dravidian.come.0054
Kannada_nucl1305,come,dravidian.come.0053
Kannada_nucl1305,come,dravidian.come.0054
Kodava_koda1255,come,dravidian.come.0050
KorraKoraga_korr1238,come,dravidian.come.0050
KotaIndia_kota1263,come,?
Koya_koya1251,come,dravidian.come.0050
Koya_koya1251,come,dravidian.come.0050
Koya_koya1251,come,dravidian.come.0050
Koya_koya1251,come,dravidian.come.0058
Kuvi_kuvi1243,come,dravidian.come.0055
Kuvi_kuvi1243,come,dravidian.come.0055
Kuvi_kuvi1243,come,dravidian.come.0059
Malayalam_mala1464,come,dravidian.come.0054
MandaIndia_mand1413,come,dravidian.come.0050
MariaIndia_mari1414,come,dravidian.come.0050
MariaIndia_mari1414,come,dravidian.come.0050
MariaIndia_mari1414,come,dravidian.come.0050
MariaIndia_mari1414,come,dravidian.come.0050
Muthuvan_muth1236,come,dravidian.come.0050
Muthuvan_muth1236,come,dravidian.come.0054
NorthernGondi_nort2702,come,dravidian.come.0050
NorthernGondi_nort2702,come,dravidian.come.0050
NorthernGondi_nort2702,come,dravidian.come.0050
NorthernGondi_nort2702,come,dravidian.come.0050
NorthernGondi_nort2702,come,dravidian.come.0050
NorthwesternKolami_nort2699,come,dravidian.come.0050
NorthwesternKolami_nort2699,come,dravidian.come.0050
Pengo_peng1244,come,dravidian.come.0050
Pengo_peng1244,come,dravidian.come.0050
Pengo_peng1244,come,dravidian.come.0060
PottangiOllarGadaba_pott1240,come,dravidian.come.0050
Ravula_ravu1237,come,dravidian.come.0050
Ravula_ravu1237,come,dravidian.come.0050
SauriaPaharia_saur1249,come,dravidian.come.0054
Tamil_tami1289,come,dravidian.come.0050
Telugu_telu1262,come,dravidian.come.0056
Telugu_telu1262,come,dravidian.come.0058
Toda_toda1252,come,dravidian.come.0057
Tulu_tulu1258,come,?
WesternMuria_west2408,come,dravidian.come.0050
Yerukula_yeru1240,come,dravidian.come.0050
Badaga_bada1257,die,dravidian.die.0062
Badaga_bada1257,die,dravidian.die.0063
BettaKurumba_bett1235,die,dravidian.die.0064
Brahui_brah1256,die,dravidian.die.0065
DandamiMaria_dand1238,die,dravidian.die.0061
Duruwa_duru1236,die,dravidian.die.0062
Duruwa_duru1236,die,dravidian.die.0066
IndianKurux_kuru1302,die,dravidian.die.0070
Kannada_nucl1305,die,dravidian.die.0062
Kannada_nucl1305,die,dravidian.die.0066
Kodava_koda1255,die,dravidian.die.0066
KorraKoraga_korr1238,die,?
KotaIndia_kota1263,die,dravidian.die.0068
Koya_koya1251,die,dravidian.die.0061
Koya_koya1251,die,dravidian.die.0069
Kuvi_kuvi1243,die,dravidian.die.0062
Kuvi_kuvi1243,die,dravidian.die.0077
Malayalam_mala1464,die,dravidian.die.0071
MandaIndia_mand1413,die,dravidian.die.0062
MandaIndia_mand1413,die,dravidian.die.0078
MariaIndia_mari1414,die,dravidian.die.0061
MariaIndia_mari1414,die,dravidian.die.0062
MariaIndia_mari1414,die,dravidian.die.0062
MariaIndia_mari1414,die,dravidian.die.0076
Muthuvan_muth1236,die,dravidian.die.0073
NorthernGondi_nort2702,die,dravidian.die.0062
NorthernGondi_nort2702,die,dravidian.die.0062
NorthernGondi_nort2702,die,dravidian.die.0062
NorthernGondi_nort2702,die,dravidian.die.0062
NorthernGondi_nort2702,die,dravidian.die.0062
NorthwesternKolami_nort2699,die,dravidian.die.0067
Pengo_peng1244,die,dravidian.die.0062
Pengo_peng1244,die,dravidian.die.0062
Pengo_peng1244,die,dravidian.die.0063
PottangiOllarGadaba_pott1240,die,?
Ravula_ravu1237,die,dravidian.die.0062
Ravula_ravu1237,die,dravidian.die.0066
SauriaPaharia_saur1249,die,dravidian.die.0072
Tamil_tami1289,die,dravidian.die.0066
Tamil_tami1289,die,dravidian.die.0074
Telugu_telu1262,die,dravidian.die.0074
Toda_toda1252,die,dravidian.die.0075
Tulu_tulu1258,die,dravidian.die.0062
Tulu_tulu1258,die,dravidian.die.0079
WesternMuria_west2408,die,dravidian.die.0062
Yerukula_yeru1240,die,dravidian.die.0062
Badaga_bada1257,dog,dravidian.dog.0080
Badaga_bada1257,dog,dravidian.dog.0080
Badaga_bada1257,dog,dravidian.dog.0080
BettaKurumba_bett1235,dog,dravidian.dog.0080
Brahui_brah1256,dog,dravidian.dog.0081
Brahui_brah1256,dog,dravidian.dog.0088
DandamiMaria_dand1238,dog,dravidian.dog.0080
DandamiMaria_dand1238,dog,dravidian.dog.0080
DandamiMaria_dand1238,dog,dravidian.dog.0080
Duruwa_duru1236,dog,dravidian.dog.0082
IndianKurux_kuru1302,dog,dravidian.dog.0084
Kannada_nucl1305,dog,dravidian.dog.0080
Kannada_nucl1305,dog,dravidian.dog.0080
Kodava_koda1255,dog,dravidian.dog.0080
KorraKoraga_korr1238,dog,dravidian.dog.0083
KotaIndia_kota1263,dog,dravidian.dog.0080
Koya_koya1251,dog,dravidian.dog.0080
Koya_koya1251,dog,dravidian.dog.0080
Koya_koya1251,dog,dravidian.dog.0080
Koya_koya1251,dog,dravidian.dog.0080
Kuvi_kuvi1243,dog,dravidian.dog.0080
Kuvi_kuvi1243,dog,dravidian.dog.0080
Malayalam_mala1464,dog,dravidian.dog.0080
Malayalam_mala1464,dog,dravidian.dog.0081
MandaIndia_mand1413,dog,dravidian.dog.0086
MariaIndia_mari1414,dog,dravidian.dog.0080
MariaIndia_mari1414,dog,dravidian.dog.0080
MariaIndia_mari1414,dog,dravidian.dog.0080
MariaIndia_mari1414,dog,dravidian.dog.0080
Muthuvan_muth1236,dog,dravidian.dog.0080
NorthernGondi_nort2702,dog,dravidian.dog.0080
NorthernGondi_nort2702,dog,dravidian.dog.0080
NorthernGondi_nort2702,dog,dravidian.dog.0080
NorthernGondi_nort2702,dog,dravidian.dog.0080
NorthernGondi_nort2702,dog,dravidian.dog.0080
NorthwesternKolami_nort2699,dog,dravidian.dog.0082
NorthwesternKolami_nort2699,dog,dravidian.dog.0082
Pengo_peng1244,dog,dravidian.dog.0080
PottangiOllarGadaba_pott1240,dog,dravidian.dog.0080
Ravula_ravu1237,dog,dravidian.dog.0080
Ravula_ravu1237,dog,dravidian.dog.0080
SauriaPaharia_saur1249,dog,dravidian.dog.0085
Tamil_tami1289,dog,dravidian.dog.0080
Telugu_telu1262,dog,dravidian.dog.0087
Toda_toda1252,dog,dravidian.dog.0080
Tulu_tulu1258,dog,dravidian.dog.0080
WesternMuria_west2408,dog,dravidian.dog.0080
Yerukula_yeru1240,dog,dravidian.dog.0080
Badaga_bada1257,drink,dravidian.drink.0090
Badaga_bada1257,drink,dravidian.drink.0090
Badaga_bada1257,drink,dravidian.drink.0097
BettaKurumba_bett1235,drink,dravidian.drink.0090
BettaKurumba_bett1235,drink,dravidian.drink.0098
Brahui_brah1256,drink,?
DandamiMaria_dand1238,drink,dravidian.drink.0089
DandamiMaria_dand1238,drink,dravidian.drink.0089
Duruwa_duru1236,drink,dravidian.drink.0089
IndianKurux_kuru1302,drink,dravidian.drink.0089
Kannada_nucl1305,drink,dravidian.drink.0090
Kannada_nucl1305,drink,dravidian.drink.0097
Kodava_koda1255,drink,dravidian.drink.0090
KorraKoraga_korr1238,drink,dravidian.drink.0092
KotaIndia_kota1263,drink,dravidian.drink.0093
Koya_koya1251,drink,dravidian.drink.0089
Koya_koya1251,drink,dravidian.drink.0089
Koya_koya1251,drink,dravidian.drink.0089
Kuvi_kuvi1243,drink,dravidian.drink.0089
Kuvi_kuvi1243,drink,dravidian.drink.0099
Malayalam_mala1464,drink,dravidian.drink.0090
Malayalam_mala1464,drink,dravidian.drink.0094
MandaIndia_mand1413,drink,dravidian.drink.0089
MariaIndia_mari1414,drink,dravidian.drink.0089
MariaIndia_mari1414,drink,dravidian.drink.0089
MariaIndia_mari1414,drink,dravidian.drink.0089
Muthuvan_muth1236,drink,dravidian.drink.0090
NorthernGondi_nort2702,drink,dravidian.drink.0089
NorthernGondi_nort2702,drink,dravidian.drink.0089
NorthernGondi_nort2702,drink,dravidian.drink.0089
NorthernGondi_nort2702,drink,dravidian.drink.0089
NorthernGondi_nort2702,drink,dravidian.drink.0089
NorthwesternKolami_nort2699,drink,dravidian.drink.0089
NorthwesternKolami_nort2699,drink,dravidian.drink.0091
Pengo_peng1244,drink,dravidian.drink.0089
Pengo_peng1244,drink,dravidian.drink.0100
PottangiOllarGadaba_pott1240,drink,dravidian.drink.0089
Ravula_ravu1237,drink,dravidian.drink.0090
Ravula_ravu1237,drink,dravidian.drink.0090
SauriaPaharia_saur1249,drink,dravidian.drink.0089
Tamil_tami1289,drink,dravidian.drink.0090
Telugu_telu1262,drink,dravidian.drink.0095
Toda_toda1252,drink,dravidian.drink.0096
Tulu_tulu1258,drink,?
WesternMuria_west2408,drink,dravidian.drink.0090
Yerukula_yeru1240,drink,dravidian.drink.0090
Badaga_bada1257,ear,dravidian.ear.0102
Badaga_bada1257,ear,dravidian.ear.0102
BettaKurumba_bett1235,ear,dravidian.ear.0102
Brahui_brah1256,ear,dravidian.ear.0102
DandamiMaria_dand1238,ear,dravidian.ear.0102
Duruwa_duru1236,ear,dravidian.ear.0105
IndianKurux_kuru1302,ear,dravidian.ear.0101
Kannada_nucl1305,ear,dravidian.ear.0102
Kodava_koda1255,ear,dravidian.ear.0103
KorraKoraga_korr1238,ear,dravidian.ear.0102
KotaIndia_kota1263,ear,dravidian.ear.0102
Koya_koya1251,ear,dravidian.ear.0102
Koya_koya1251,ear,dravidian.ear.0102
Koya_koya1251,ear,dravidian.ear.0102
Koya_koya1251,ear,dravidian.ear.0102
Kuvi_kuvi1243,ear,dravidian.ear.0101
Malayalam_mala1464,ear,dravidian.ear.0101
Malayalam_mala1464,ear,dravidian.ear.0102
MandaIndia_mand1413,ear,dravidian.ear.0101
MariaIndia_mari1414,ear,dravidian.ear.0101
MariaIndia_mari1414,ear,dravidian.ear.0102
MariaIndia_mari1414,ear,dravidian.ear.0102
MariaIndia_mari1414,ear,dravidian.ear.0102
Muthuvan_muth1236,ear,dravidian.ear.0101
NorthernGondi_nort2702,ear,dravidian.ear.0102
NorthernGondi_nort2702,ear,dravidian.ear.0102
NorthernGondi_nort2702,ear,dravidian.ear.0102
NorthernGondi_nort2702,ear,dravidian.ear.0102
NorthernGondi_nort2702,ear,dravidian.ear.0102
NorthwesternKolami_nort2699,ear,dravidian.ear.0102
NorthwesternKolami_nort2699,ear,dravidian.ear.0102
Pengo_peng1244,ear,dravidian.ear.0101
PottangiOllarGadaba_pott1240,ear,dravidian.ear.0105
Ravula_ravu1237,ear,dravidian.ear.0102
Ravula_ravu1237,ear,dravidian.ear.0103
SauriaPaharia_saur1249,ear,dravidian.ear.0104
Tamil_tami1289,ear,dravidian.ear.0101
Telugu_telu1262,ear,dravidian.ear.0102
Toda_toda1252,ear,dravidian.ear.0102
Tulu_tulu1258,ear,?
WesternMuria_west2408,ear,dravidian.ear.0102
Yerukula_yeru1240,ear,dravidian.ear.0106
Badaga_bada1257,eye,dravidian.eye.0107
Badaga_bada1257,eye,dravidian.eye.0107
Badaga_bada1257,eye,dravidian.eye.0107
BettaKurumba_bett1235,eye,dravidian.eye.0107
Brahui_brah1256,eye,dravidian.eye.0107
DandamiMaria_dand1238,eye,dravidian.eye.0107
Duruwa_duru1236,eye,dravidian.eye.0107
Duruwa_duru1236,eye,dravidian.eye.0109
IndianKurux_kuru1302,eye,dravidian.eye.0107
Kannada_nucl1305,eye,dravidian.eye.0107
Kodava_koda1255,eye,dravidian.eye.0107
KorraKoraga_korr1238,eye,dravidian.eye.0107
KotaIndia_kota1263,eye,dravidian.eye.0107
Koya_koya1251,eye,dravidian.eye.0107
Koya_koya1251,eye,dravidian.eye.0107
Kuvi_kuvi1243,eye,dravidian.eye.0107
Malayalam_mala1464,eye,dravidian.eye.0107
Malayalam_mala1464,eye,dravidian.eye.0108
MandaIndia_mand1413,eye,dravidian.eye.0107
MandaIndia_mand1413,eye,dravidian.eye.0107
MariaIndia_mari1414,eye,dravidian.eye.0107
MariaIndia_mari1414,eye,dravidian.eye.0107
Muthuvan_muth1236,eye,dravidian.eye.0107
NorthernGondi_nort2702,eye,dravidian.eye.0107
NorthernGondi_nort2702,eye,dravidian.eye.0107
NorthernGondi_nort2702,eye,dravidian.eye.0107
NorthwesternKolami_nort2699,eye,dravidian.eye.0107
NorthwesternKolami_nort2699,eye,dravidian.eye.0107
Pengo_peng1244,eye,?
PottangiOllarGadaba_pott1240,eye,dravidian.eye.0107
Ravula_ravu1237,eye,dravidian.eye.0107
Ravula_ravu1237,eye,dravidian.eye.0107
SauriaPaharia_saur1249,eye,dravidian.eye.0107
Tamil_tami1289,eye,dravidian.eye.0107
Telugu_telu1262,eye,dravidian.eye.0107
Toda_toda1252,eye,dravidian.eye.0107
Tulu_tulu1258,eye,dravidian.eye.0107
WesternMuria_west2408,eye,dravidian.eye.0107
Yerukula_yeru1240,eye,dravidian.eye.0107
Badaga_bada1257,fire,dravidian.fire.0112
Badaga_bada1257,fire,dravidian.fire.0112
BettaKurumba_bett1235,fire,dravidian.fire.0112
BettaKurumba_bett1235,fire,dravidian.fire.0113
Brahui_brah1256,fire,dravidian.fire.0114
DandamiMaria_dand1238,fire,dravidian.fire.0111
Duruwa_duru1236,fire,dravidian.fire.0112
IndianKurux_kuru1302,fire,dravidian.fire.0112
Kannada_nucl1305,fire,dravidian.fire.0112
Kannada_nucl1305,fire,dravidian.fire.0122
Kodava_koda1255,fire,dravidian.fire.0112
KorraKoraga_korr1238,fire,dravidian.fire.0115
KotaIndia_kota1263,fire,dravidian.fire.0116
Koya_koya1251,fire,dravidian.fire.0111
Koya_koya1251,fire,dravidian.fire.0111
Koya_koya1251,fire,dravidian.fire.0123
Kuvi_kuvi1243,fire,?
Malayalam_mala1464,fire,dravidian.fire.0115
Malayalam_mala1464,fire,dravidian.fire.0117
MandaIndia_mand1413,fire,dravidian.fire.0118
MandaIndia_mand1413,fire,dravidian.fire.0121
MariaIndia_mari1414,fire,dravidian.fire.0111
MariaIndia_mari1414,fire,dravidian.fire.0111
Muthuvan_muth1236,fire,dravidian.fire.0115
NorthernGondi_nort2702,fire,dravidian.fire.0111
NorthernGondi_nort2702,fire,dravidian.fire.0111
NorthernGondi_nort2702,fire,dravidian.fire.0112
NorthwesternKolami_nort2699,fire,dravidian.fire.0111
NorthwesternKolami_nort2699,fire,dravidian.fire.0119
Pengo_peng1244,fire,?
PottangiOllarGadaba_pott1240,fire,?
Ravula_ravu1237,fire,dravidian.fire.0115
Ravula_ravu1237,fire,dravidian.fire.0115
SauriaPaharia_saur1249,fire,dravidian.fire.0112
Tamil_tami1289,fire,dravidian.fire.0115
Tamil_tami1289,fire,dravidian.fire.0124
Telugu_telu1262,fire,dravidian.fire.0116
Telugu_telu1262,fire,dravidian.fire.0120
Telugu_telu1262,fire,dravidian.fire.0125
Toda_toda1252,fire,dravidian.fire.0112
Tulu_tulu1258,fire,dravidian.fire.0115
Tulu_tulu1258,fire,dravidian.fire.0115
WesternMuria_west2408,fire,dravidian.fire.0111
Yerukula_yeru1240,fire,dravidian.fire.0121
Yerukula_yeru1240,fire,dravidian.fire.0124
Badaga_bada1257,fish,dravidian.fish.0126
Badaga_bada1257,fish,dravidian.fish.0126
BettaKurumba_bett1235,fish,dravidian.fish.0126
Brahui_brah1256,fish,dravidian.fish.0126
DandamiMaria_dand1238,fish,dravidian.fish.0127
Duruwa_duru1236,fish,dravidian.fish.0126
IndianKurux_kuru1302,fish,dravidian.fish.0126
Kannada_nucl1305,fish,dravidian.fish.0126
Kannada_nucl1305,fish,dravidian.fish.0131
Kodava_koda1255,fish,dravidian.fish.0126
KorraKoraga_korr1238,fish,?
KotaIndia_kota1263,fish,dravidian.fish.0126
Koya_koya1251,fish,dravidian.fish.0127
Koya_koya1251,fish,dravidian.fish.0127
Kuvi_kuvi1243,fish,dravidian.fish.0126
Malayalam_mala1464,fish,dravidian.fish.0126
Malayalam_mala1464,fish,dravidian.fish.0132
MandaIndia_mand1413,fish,dravidian.fish.0126
MariaIndia_mari1414,fish,dravidian.fish.0126
MariaIndia_mari1414,fish,dravidian.fish.0127
MariaIndia_mari1414,fish,dravidian.fish.0127
Muthuvan_muth1236,fish,dravidian.fish.0126
Muthuvan_muth1236,fish,dravidian.fish.0133
NorthernGondi_nort2702,fish,dravidian.fish.0126
NorthernGondi_nort2702,fish,dravidian.fish.0126
NorthernGondi_nort2702,fish,dravidian.fish.0126
NorthwesternKolami_nort2699,fish,dravidian.fish.0128
NorthwesternKolami_nort2699,fish,dravidian.fish.0129
Pengo_peng1244,fish,dravidian.fish.0126
PottangiOllarGadaba_pott1240,fish,dravidian.fish.0126
Ravula_ravu1237,fish,dravidian.fish.0126
SauriaPaharia_saur1249,fish,dravidian.fish.0126
Tamil_tami1289,fish,dravidian.fish.0126
Telugu_telu1262,fish,dravidian.fish.0130
Toda_toda1252,fish,dravidian.fish.0126
Tulu_tulu1258,fish,dravidian.fish.0126
Tulu_tulu1258,fish,dravidian.fish.0134
WesternMuria_west2408,fish,dravidian.fish.0126
Yerukula_yeru1240,fish,dravidian.fish.0126
Badaga_bada1257,full,dravidian.full.0136
Badaga_bada1257,full,dravidian.full.0136
Badaga_bada1257,full,dravidian.full.0137
BettaKurumba_bett1235,full,dravidian.full.0137
Brahui_brah1256,full,dravidian.full.0137
Brahui_brah1256,full,dravidian.full.0144
DandamiMaria_dand1238,full,dravidian.full.0135
Duruwa_duru1236,full,dravidian.full.0141
IndianKurux_kuru1302,full,dravidian.full.0138
Kannada_nucl1305,full,dravidian.full.0136
Kannada_nucl1305,full,dravidian.full.0137
Kodava_koda1255,full,dravidian.full.0136
KorraKoraga_korr1238,full,dravidian.full.0136
KorraKoraga_korr1238,full,dravidian.full.0145
KotaIndia_kota1263,full,?
Koya_koya1251,full,dravidian.full.0135
Koya_koya1251,full,dravidian.full.0138
Kuvi_kuvi1243,full,?
Malayalam_mala1464,full,dravidian.full.0138
MandaIndia_mand1413,full,dravidian.full.0139
MandaIndia_mand1413,full,dravidian.full.0146
MariaIndia_mari1414,full,dravidian.full.0135
Muthuvan_muth1236,full,?
NorthernGondi_nort2702,full,dravidian.full.0135
NorthernGondi_nort2702,full,dravidian.full.0135
NorthernGondi_nort2702,full,dravidian.full.0138
NorthwesternKolami_nort2699,full,dravidian.full.0138
NorthwesternKolami_nort2699,full,dravidian.full.0138
Pengo_peng1244,full,?
PottangiOllarGadaba_pott1240,full,dravidian.full.0140
Ravula_ravu1237,full,dravidian.full.0136
SauriaPaharia_saur1249,full,dravidian.full.0138
Tamil_tami1289,full,dravidian.full.0138
Tamil_tami1289,full,dravidian.full.0147
Telugu_telu1262,full,dravidian.full.0138
Toda_toda1252,full,dravidian.full.0142
Tulu_tulu1258,full,?
WesternMuria_west2408,full,?
Yerukula_yeru1240,full,dravidian.full.0143
Yerukula_yeru1240,full,dravidian.full.0148
Badaga_bada1257,hand,dravidian.hand.0149
Badaga_bada1257,hand,dravidian.hand.0149
BettaKurumba_bett1235,hand,dravidian.hand.0149
Brahui_brah1256,hand,dravidian.hand.0150
Brahui_brah1256,hand,dravidian.hand.0153
DandamiMaria_dand1238,hand,dravidian.hand.0149
Duruwa_duru1236,hand,dravidian.hand.0149
IndianKurux_kuru1302,hand,dravidian.hand.0151
Kannada_nucl1305,hand,dravidian.hand.0149
Kodava_koda1255,hand,dravidian.hand.0149
KorraKoraga_korr1238,hand,dravidian.hand.0149
KotaIndia_kota1263,hand,dravidian.hand.0149
Koya_koya1251,hand,dravidian.hand.0149
Koya_koya1251,hand,dravidian.hand.0149
Koya_koya1251,hand,dravidian.hand.0149
Kuvi_kuvi1243,hand,dravidian.hand.0149
Malayalam_mala1464,hand,dravidian.hand.0149
MandaIndia_mand1413,hand,dravidian.hand.0149
MandaIndia_mand1413,hand,dravidian.hand.0149
MariaIndia_mari1414,hand,dravidian.hand.0149
MariaIndia_mari1414,hand,dravidian.hand.0149
Muthuvan_muth1236,hand,dravidian.hand.0149
NorthernGondi_nort2702,hand,dravidian.hand.0149
NorthernGondi_nort2702,hand,dravidian.hand.0149
NorthernGondi_nort2702,hand,dravidian.hand.0149
NorthernGondi_nort2702,hand,dravidian.hand.0149
NorthernGondi_nort2702,hand,dravidian.hand.0149
NorthwesternKolami_nort2699,hand,dravidian.hand.0149
NorthwesternKolami_nort2699,hand,dravidian.hand.0149
Pengo_peng1244,hand,dravidian.hand.0149
PottangiOllarGadaba_pott1240,hand,dravidian.hand.0149
Ravula_ravu1237,hand,dravidian.hand.0149
SauriaPaharia_saur1249,hand,dravidian.hand.0152
Tamil_tami1289,hand,dravidian.hand.0149
Telugu_telu1262,hand,dravidian.hand.0149
Toda_toda1252,hand,dravidian.hand.0149
Tulu_tulu1258,hand,dravidian.hand.0149
WesternMuria_west2408,hand,dravidian.hand.0149
Yerukula_yeru1240,hand,dravidian.hand.0149
Badaga_bada1257,hear,dravidian.hear.0156
Badaga_bada1257,hear,dravidian.hear.0156
BettaKurumba_bett1235,hear,dravidian.hear.0156
Brahui_brah1256,hear,dravidian.hear.0157
DandamiMaria_dand1238,hear,dravidian.hear.0155
Duruwa_duru1236,hear,dravidian.hear.0157
Duruwa_duru1236,hear,dravidian.hear.0157
Duruwa_duru1236,hear,dravidian.hear.0157
IndianKurux_kuru1302,hear,dravidian.hear.0158
Kannada_nucl1305,hear,dravidian.hear.0156
Kannada_nucl1305,hear,dravidian.hear.0156
Kodava_koda1255,hear,dravidian.hear.0156
KorraKoraga_korr1238,hear,?
KotaIndia_kota1263,hear,dravidian.hear.0156
Koya_koya1251,hear,dravidian.hear.0155
Koya_koya1251,hear,dravidian.hear.0155
Kuvi_kuvi1243,hear,?
Malayalam_mala1464,hear,dravidian.hear.0156
MandaIndia_mand1413,hear,dravidian.hear.0157
MariaIndia_mari1414,hear,dravidian.hear.0154
MariaIndia_mari1414,hear,dravidian.hear.0155
Muthuvan_muth1236,hear,dravidian.hear.0156
NorthernGondi_nort2702,hear,dravidian.hear.0155
NorthernGondi_nort2702,hear,dravidian.hear.0155
NorthernGondi_nort2702,hear,dravidian.hear.0155
NorthwesternKolami_nort2699,hear,dravidian.hear.0157
NorthwesternKolami_nort2699,hear,dravidian.hear.0157
Pengo_peng1244,hear,?
PottangiOllarGadaba_pott1240,hear,?
Ravula_ravu1237,hear,dravidian.hear.0156
SauriaPaharia_saur1249,hear,dravidian.hear.0158
SauriaPaharia_saur1249,hear,dravidian.hear.0158
Tamil_tami1289,hear,dravidian.hear.0156
Telugu_telu1262,hear,dravidian.hear.0157
Toda_toda1252,hear,dravidian.hear.0156
Tulu_tulu1258,hear,?
WesternMuria_west2408,hear,?
Yerukula_yeru1240,hear,dravidian.hear.0156
Yerukula_yeru1240,hear,dravidian.hear.0156
Badaga_bada1257,horn,dravidian.horn.0160
Badaga_bada1257,horn,dravidian.horn.0160
BettaKurumba_bett1235,horn,dravidian.horn.0160
Brahui_brah1256,horn,dravidian.horn.0161
DandamiMaria_dand1238,horn,dravidian.horn.0159
Duruwa_duru1236,horn,dravidian.horn.0159
IndianKurux_kuru1302,horn,dravidian.horn.0159
Kannada_nucl1305,horn,dravidian.horn.0160
Kodava_koda1255,horn,dravidian.horn.0160
KorraKoraga_korr1238,horn,?
KotaIndia_kota1263,horn,?
Koya_koya1251,horn,dravidian.horn.0159
Koya_koya1251,horn,dravidian.horn.0159
Koya_koya1251,horn,dravidian.horn.0159
Koya_koya1251,horn,dravidian.horn.0162
Kuvi_kuvi1243,horn,dravidian.horn.0162
Malayalam_mala1464,horn,dravidian.horn.0160
MandaIndia_mand1413,horn,dravidian.horn.0162
MariaIndia_mari1414,horn,dravidian.horn.0159
Muthuvan_muth1236,horn,dravidian.horn.0160
NorthernGondi_nort2702,horn,dravidian.horn.0159
NorthernGondi_nort2702,horn,dravidian.horn.0159
NorthernGondi_nort2702,horn,dravidian.horn.0159
NorthernGondi_nort2702,horn,dravidian.horn.0159
NorthwesternKolami_nort2699,horn,dravidian.horn.0162
NorthwesternKolami_nort2699,horn,dravidian.horn.0162
Pengo_peng1244,horn,dravidian.horn.0162
Pengo_peng1244,horn,dravidian.horn.0162
PottangiOllarGadaba_pott1240,horn,dravidian.horn.0159
Ravula_ravu1237,horn,dravidian.horn.0160
SauriaPaharia_saur1249,horn,dravidian.horn.0163
Tamil_tami1289,horn,dravidian.horn.0160
Telugu_telu1262,horn,dravidian.horn.0162
Toda_toda1252,horn,dravidian.horn.0159
Tulu_tulu1258,horn,?
WesternMuria_west2408,horn,dravidian.horn.0159
Yerukula_yeru1240,horn,dravidian.horn.0162
Badaga_bada1257,knee,dravidian.knee.0164
Badaga_bada1257,knee,dravidian.knee.0165
Badaga_bada1257,knee,dravidian.knee.0169
BettaKurumba_bett1235,knee,dravidian.knee.0164
Brahui_brah1256,knee,dravidian.knee.0166
Brahui_brah1256,knee,dravidian.knee.0170
Brahui_brah1256,knee,dravidian.knee.0171
DandamiMaria_dand1238,knee,?
Duruwa_duru1236,knee,dravidian.knee.0165
IndianKurux_kuru1302,knee,dravidian.knee.0164
Kannada_nucl1305,knee,dravidian.knee.0164
Kodava_koda1255,knee,dravidian.knee.0165
KorraKoraga_korr1238,knee,?
KotaIndia_kota1263,knee,dravidian.knee.0164
Koya_koya1251,knee,dravidian.knee.0164
Koya_koya1251,knee,dravidian.knee.0165
Kuvi_kuvi1243,knee,dravidian.knee.0165
Malayalam_mala1464,knee,dravidian.knee.0164
Malayalam_mala1464,knee,dravidian.knee.0165
MandaIndia_mand1413,knee,dravidian.knee.0165
MariaIndia_mari1414,knee,dravidian.knee.0164
Muthuvan_muth1236,knee,?
NorthernGondi_nort2702,knee,dravidian.knee.0167
NorthwesternKolami_nort2699,knee,dravidian.knee.0165
Pengo_peng1244,knee,?
PottangiOllarGadaba_pott1240,knee,dravidian.knee.0168
Ravula_ravu1237,knee,dravidian.knee.0164
Ravula_ravu1237,knee,dravidian.knee.0165
SauriaPaharia_saur1249,knee,dravidian.knee.0164
Tamil_tami1289,knee,dravidian.knee.0164
Tamil_tami1289,knee,dravidian.knee.0165
Tamil_tami1289,knee,dravidian.knee.0165
Telugu_telu1262,knee,dravidian.knee.0164
Toda_toda1252,knee,dravidian.knee.0165
Tulu_tulu1258,knee,dravidian.knee.0165
WesternMuria_west2408,knee,dravidian.knee.0165
Yerukula_yeru1240,knee,?
Badaga_bada1257,leaf,dravidian.leaf.0173
Badaga_bada1257,leaf,dravidian.leaf.0174
Badaga_bada1257,leaf,dravidian.leaf.0174
BettaKurumba_bett1235,leaf,dravidian.leaf.0174
Brahui_brah1256,leaf,dravidian.leaf.0175
DandamiMaria_dand1238,leaf,dravidian.leaf.0172
DandamiMaria_dand1238,leaf,dravidian.leaf.0172
Duruwa_duru1236,leaf,dravidian.leaf.0178
IndianKurux_kuru1302,leaf,dravidian.leaf.0172
Kannada_nucl1305,leaf,dravidian.leaf.0173
Kannada_nucl1305,leaf,dravidian.leaf.0174
Kodava_koda1255,leaf,dravidian.leaf.0176
KorraKoraga_korr1238,leaf,dravidian.leaf.0174
KorraKoraga_korr1238,leaf,dravidian.leaf.0180
KotaIndia_kota1263,leaf,dravidian.leaf.0174
Koya_koya1251,leaf,dravidian.leaf.0172
Koya_koya1251,leaf,dravidian.leaf.0172
Kuvi_kuvi1243,leaf,dravidian.leaf.0172
Kuvi_kuvi1243,leaf,dravidian.leaf.0172
Malayalam_mala1464,leaf,dravidian.leaf.0174
MandaIndia_mand1413,leaf,dravidian.leaf.0172
MariaIndia_mari1414,leaf,dravidian.leaf.0172
MariaIndia_mari1414,leaf,dravidian.leaf.0172
MariaIndia_mari1414,leaf,dravidian.leaf.0172
MariaIndia_mari1414,leaf,dravidian.leaf.0172
Muthuvan_muth1236,leaf,dravidian.leaf.0174
NorthernGondi_nort2702,leaf,dravidian.leaf.0172
NorthernGondi_nort2702,leaf,dravidian.leaf.0172
NorthernGondi_nort2702,leaf,dravidian.leaf.0172
NorthwesternKolami_nort2699,leaf,dravidian.leaf.0172
NorthwesternKolami_nort2699,leaf,dravidian.leaf.0172
Pengo_peng1244,leaf,dravidian.leaf.0173
Pengo_peng1244,leaf,dravidian.leaf.0173
PottangiOllarGadaba_pott1240,leaf,dravidian.leaf.0177
Ravula_ravu1237,leaf,dravidian.leaf.0174
Ravula_ravu1237,leaf,dravidian.leaf.0174
Ravula_ravu1237,leaf,dravidian.leaf.0174
SauriaPaharia_saur1249,leaf,dravidian.leaf.0172
Tamil_tami1289,leaf,dravidian.leaf.0174
Telugu_telu1262,leaf,dravidian.leaf.0172
Toda_toda1252,leaf,dravidian.leaf.0179
Tulu_tulu1258,leaf,dravidian.leaf.0173
WesternMuria_west2408,leaf,dravidian.leaf.0172
Yerukula_yeru1240,leaf,dravidian.leaf.0174
Yerukula_yeru1240,leaf,dravidian.leaf.0174
Badaga_bada1257,liver,dravidian.liver.0182
Badaga_bada1257,liver,dravidian.liver.0185
BettaKurumba_bett1235,liver,dravidian.liver.0182
Brahui_brah1256,liver,dravidian.liver.0181
DandamiMaria_dand1238,liver,dravidian.liver.0181
DandamiMaria_dand1238,liver,dravidian.liver.0181
Duruwa_duru1236,liver,dravidian.liver.0181
IndianKurux_kuru1302,liver,dravidian.liver.0187
Kannada_nucl1305,liver,dravidian.liver.0181
Kannada_nucl1305,liver,dravidian.liver.0185
Kodava_koda1255,liver,dravidian.liver.0183
KorraKoraga_korr1238,liver,dravidian.liver.0181
KotaIndia_kota1263,liver,dravidian.liver.0185
Koya_koya1251,liver,dravidian.liver.0181
Koya_koya1251,liver,dravidian.liver.0186
Kuvi_kuvi1243,liver,dravidian.liver.0181
Malayalam_mala1464,liver,dravidian.liver.0185
Malayalam_mala1464,liver,dravidian.liver.0185
MandaIndia_mand1413,liver,dravidian.liver.0181
MandaIndia_mand1413,liver,dravidian.liver.0181
MariaIndia_mari1414,liver,dravidian.liver.0181
MariaIndia_mari1414,liver,dravidian.liver.0181
MariaIndia_mari1414,liver,dravidian.liver.0181
Muthuvan_muth1236,liver,?
NorthernGondi_nort2702,liver,dravidian.liver.0181
NorthernGondi_nort2702,liver,dravidian.liver.0181
NorthernGondi_nort2702,liver,dravidian.liver.0181
NorthwesternKolami_nort2699,liver,dravidian.liver.0181
NorthwesternKolami_nort2699,liver,dravidian.liver.0184
Pengo_peng1244,liver,dravidian.liver.0181
PottangiOllarGadaba_pott1240,liver,dravidian.liver.0181
Ravula_ravu1237,liver,dravidian.liver.0183
SauriaPaharia_saur1249,liver,dravidian.liver.0188
Tamil_tami1289,liver,dravidian.liver.0185
Telugu_telu1262,liver,dravidian.liver.0189
Toda_toda1252,liver,dravidian.liver.0182
Tulu_tulu1258,liver,?
WesternMuria_west2408,liver,dravidian.liver.0181
Yerukula_yeru1240,liver,dravidian.liver.0190
Badaga_bada1257,louse,dravidian.louse.0192
Badaga_bada1257,louse,dravidian.louse.0193
Badaga_bada1257,louse,dravidian.louse.0193
Badaga_bada1257,louse,dravidian.louse.0195
BettaKurumba_bett1235,louse,dravidian.louse.0192
Brahui_brah1256,louse,dravidian.louse.0192
Brahui_brah1256,louse,dravidian.louse.0194
DandamiMaria_dand1238,louse,?
Duruwa_duru1236,louse,?
IndianKurux_kuru1302,louse,dravidian.louse.0192
Kannada_nucl1305,louse,dravidian.louse.0192
Kannada_nucl1305,louse,dravidian.louse.0196
Kodava_koda1255,louse,dravidian.louse.0192
KorraKoraga_korr1238,louse,?
KotaIndia_kota1263,louse,dravidian.louse.0192
Koya_koya1251,louse,dravidian.louse.0194
Kuvi_kuvi1243,louse,dravidian.louse.0192
Malayalam_mala1464,louse,dravidian.louse.0192
MandaIndia_mand1413,louse,dravidian.louse.0192
MariaIndia_mari1414,louse,dravidian.louse.0191
Muthuvan_muth1236,louse,?
NorthernGondi_nort2702,louse,dravidian.louse.0194
NorthwesternKolami_nort2699,louse,dravidian.louse.0192
NorthwesternKolami_nort2699,louse,dravidian.louse.0192
Pengo_peng1244,louse,dravidian.louse.0192
PottangiOllarGadaba_pott1240,louse,?
Ravula_ravu1237,louse,dravidian.louse.0192
Ravula_ravu1237,louse,dravidian.louse.0192
SauriaPaharia_saur1249,louse,?
Tamil_tami1289,louse,dravidian.louse.0192
Telugu_telu1262,louse,dravidian.louse.0192
Toda_toda1252,louse,dravidian.louse.0191
Tulu_tulu1258,louse,dravidian.louse.0192
WesternMuria_west2408,louse,dravidian.louse.0194
Yerukula_yeru1240,louse,?
Badaga_bada1257,mountain,dravidian.mountain.0198
Badaga_bada1257,mountain,dravidian.mountain.0199
Badaga_bada1257,mountain,dravidian.mountain.0199
BettaKurumba_bett1235,mountain,dravidian.mountain.0197
Brahui_brah1256,mountain,dravidian.mountain.0198
Brahui_brah1256,mountain,dravidian.mountain.0198
Brahui_brah1256,mountain,dravidian.mountain.0198
Brahui_brah1256,mountain,dravidian.mountain.0199
Brahui_brah1256,mountain,dravidian.mountain.0208
DandamiMaria_dand1238,mountain,dravidian.mountain.0197
Duruwa_duru1236,mountain,?
IndianKurux_kuru1302,mountain,dravidian.mountain.0198
Kannada_nucl1305,mountain,dravidian.mountain.0197
Kannada_nucl1305,mountain,dravidian.mountain.0199
Kodava_koda1255,mountain,dravidian.mountain.0200
KorraKoraga_korr1238,mountain,dravidian.mountain.0202
KotaIndia_kota1263,mountain,dravidian.mountain.0202
Koya_koya1251,mountain,dravidian.mountain.0197
Koya_koya1251,mountain,dravidian.mountain.0197
Koya_koya1251,mountain,dravidian.mountain.0207
Kuvi_kuvi1243,mountain,?
Malayalam_mala1464,mountain,dravidian.mountain.0199
Malayalam_mala1464,mountain,dravidian.mountain.0202
MandaIndia_mand1413,mountain,dravidian.mountain.0198
MandaIndia_mand1413,mountain,dravidian.mountain.0199
MandaIndia_mand1413,mountain,dravidian.mountain.0204
MariaIndia_mari1414,mountain,dravidian.mountain.0197
MariaIndia_mari1414,mountain,dravidian.mountain.0197
Muthuvan_muth1236,mountain,dravidian.mountain.0199
NorthernGondi_nort2702,mountain,dravidian.mountain.0197
NorthernGondi_nort2702,mountain,dravidian.mountain.0197
NorthernGondi_nort2702,mountain,dravidian.mountain.0197
NorthwesternKolami_nort2699,mountain,dravidian.mountain.0199
NorthwesternKolami_nort2699,mountain,dravidian.mountain.0201
Pengo_peng1244,mountain,dravidian.mountain.0199
Pengo_peng1244,mountain,dravidian.mountain.0206
PottangiOllarGadaba_pott1240,mountain,dravidian.mountain.0205
Ravula_ravu1237,mountain,dravidian.mountain.0200
SauriaPaharia_saur1249,mountain,dravidian.mountain.0203
Tamil_tami1289,mountain,dravidian.mountain.0199
Telugu_telu1262,mountain,dravidian.mountain.0200
Telugu_telu1262,mountain,dravidian.mountain.0202
Toda_toda1252,mountain,dravidian.mountain.0200
Tulu_tulu1258,mountain,dravidian.mountain.0202
WesternMuria_west2408,mountain,?
Yerukula_yeru1240,mountain,?
Badaga_bada1257,name,dravidian.name.0209
Badaga_bada1257,name,dravidian.name.0209
Badaga_bada1257,name,dravidian.name.0209
BettaKurumba_bett1235,name,dravidian.name.0209
Brahui_brah1256,name,dravidian.name.0210
DandamiMaria_dand1238,name,dravidian.name.0209
DandamiMaria_dand1238,name,dravidian.name.0209
Duruwa_duru1236,name,dravidian.name.0209
IndianKurux_kuru1302,name,dravidian.name.0211
Kannada_nucl1305,name,dravidian.name.0209
Kannada_nucl1305,name,dravidian.name.0209
Kodava_koda1255,name,dravidian.name.0209
KorraKoraga_korr1238,name,dravidian.name.0209
KotaIndia_kota1263,name,dravidian.name.0209
Koya_koya1251,name,dravidian.name.0209
Koya_koya1251,name,dravidian.name.0209
Kuvi_kuvi1243,name,dravidian.name.0212
Malayalam_mala1464,name,dravidian.name.0209
MandaIndia_mand1413,name,dravidian.name.0212
MariaIndia_mari1414,name,dravidian.name.0209
MariaIndia_mari1414,name,dravidian.name.0209
Muthuvan_muth1236,name,?
NorthernGondi_nort2702,name,dravidian.name.0209
NorthernGondi_nort2702,name,dravidian.name.0209
NorthernGondi_nort2702,name,dravidian.name.0209
NorthernGondi_nort2702,name,dravidian.name.0209
NorthernGondi_nort2702,name,dravidian.name.0209
NorthwesternKolami_nort2699,name,dravidian.name.0209
NorthwesternKolami_nort2699,name,dravidian.name.0209
Pengo_peng1244,name,dravidian.name.0212
PottangiOllarGadaba_pott1240,name,?
Ravula_ravu1237,name,dravidian.name.0209
Ravula_ravu1237,name,dravidian.name.0209
SauriaPaharia_saur1249,name,dravidian.name.0211
Tamil_tami1289,name,dravidian.name.0209
Telugu_telu1262,name,dravidian.name.0209
Toda_toda1252,name,dravidian.name.0209
Tulu_tulu1258,name,dravidian.name.0209
WesternMuria_west2408,name,dravidian.name.0209
Yerukula_yeru1240,name,dravidian.name.0209
Badaga_bada1257,new,dravidian.new.0214
Badaga_bada1257,new,dravidian.new.0214
Badaga_bada1257,new,dravidian.new.0214
BettaKurumba_bett1235,new,dravidian.new.0215
Brahui_brah1256,new,dravidian.new.0216
DandamiMaria_dand1238,new,dravidian.new.0213
DandamiMaria_dand1238,new,dravidian.new.0213
Duruwa_duru1236,new,dravidian.new.0213
IndianKurux_kuru1302,new,dravidian.new.0213
Kannada_nucl1305,new,dravidian.new.0214
Kannada_nucl1305,new,dravidian.new.0214
Kodava_koda1255,new,dravidian.new.0217
KorraKoraga_korr1238,new,dravidian.new.0218
KotaIndia_kota1263,new,dravidian.new.0217
Koya_koya1251,new,dravidian.new.0218
Kuvi_kuvi1243,new,?
Malayalam_mala1464,new,dravidian.new.0217
MandaIndia_mand1413,new,dravidian.new.0213
MandaIndia_mand1413,new,dravidian.new.0220
MariaIndia_mari1414,new,dravidian.new.0213
MariaIndia_mari1414,new,dravidian.new.0213
Muthuvan_muth1236,new,dravidian.new.0217
NorthernGondi_nort2702,new,dravidian.new.0213
NorthernGondi_nort2702,new,dravidian.new.0213
NorthernGondi_nort2702,new,dravidian.new.0213
NorthernGondi_nort2702,new,dravidian.new.0213
NorthwesternKolami_nort2699,new,dravidian.new.0218
Pengo_peng1244,new,dravidian.new.0213
PottangiOllarGadaba_pott1240,new,dravidian.new.0219
Ravula_ravu1237,new,dravidian.new.0217
SauriaPaharia_saur1249,new,dravidian.new.0213
Tamil_tami1289,new,dravidian.new.0213
Tamil_tami1289,new,dravidian.new.0217
Telugu_telu1262,new,dravidian.new.0218
Toda_toda1252,new,dravidian.new.0213
Tulu_tulu1258,new,?
WesternMuria_west2408,new,?
Yerukula_yeru1240,new,dravidian.new.0213
Badaga_bada1257,night,dravidian.night.0222
Badaga_bada1257,night,dravidian.night.0222
Badaga_bada1257,night,dravidian.night.0223
BettaKurumba_bett1235,night,dravidian.night.0223
Brahui_brah1256,night,dravidian.night.0221
DandamiMaria_dand1238,night,dravidian.night.0221
Duruwa_duru1236,night,dravidian.night.0231
Duruwa_duru1236,night,dravidian.night.0233
IndianKurux_kuru1302,night,dravidian.night.0230
Kannada_nucl1305,night,dravidian.night.0222
Kannada_nucl1305,night,dravidian.night.0224
Kodava_koda1255,night,dravidian.night.0225
KorraKoraga_korr1238,night,dravidian.night.0227
KotaIndia_kota1263,night,dravidian.night.0228
Koya_koya1251,night,dravidian.night.0221
Koya_koya1251,night,dravidian.night.0229
Kuvi_kuvi1243,night,dravidian.night.0221
Malayalam_mala1464,night,dravidian.night.0224
MandaIndia_mand1413,night,dravidian.night.0221
MandaIndia_mand1413,night,dravidian.night.0221
MandaIndia_mand1413,night,dravidian.night.0221
MandaIndia_mand1413,night,dravidian.night.0224
MariaIndia_mari1414,night,dravidian.night.0221
MariaIndia_mari1414,night,dravidian.night.0221
MariaIndia_mari1414,night,dravidian.night.0221
Muthuvan_muth1236,night,dravidian.night.0227
NorthernGondi_nort2702,night,dravidian.night.0221
NorthernGondi_nort2702,night,dravidian.night.0221
NorthernGondi_nort2702,night,dravidian.night.0221
NorthwesternKolami_nort2699,night,dravidian.night.0226
Pengo_peng1244,night,dravidian.night.0221
Pengo_peng1244,night,dravidian.night.0224
PottangiOllarGadaba_pott1240,night,?
Ravula_ravu1237,night,dravidian.night.0224
Ravula_ravu1237,night,dravidian.night.0227
SauriaPaharia_saur1249,night,dravidian.night.0224
SauriaPaharia_saur1249,night,dravidian.night.0230
Tamil_tami1289,night,dravidian.night.0224
Tamil_tami1289,night,dravidian.night.0227
Tamil_tami1289,night,dravidian.night.0227
Telugu_telu1262,night,dravidian.night.0224
Toda_toda1252,night,dravidian.night.0232
Tulu_tulu1258,night,dravidian.night.0224
WesternMuria_west2408,night,dravidian.night.0221
Yerukula_yeru1240,night,dravidian.night.0221
Yerukula_yeru1240,night,dravidian.night.0221
Badaga_bada1257,nose,dravidian.nose.0235
Badaga_bada1257,nose,dravidian.nose.0235
BettaKurumba_bett1235,nose,dravidian.nose.0235
Brahui_brah1256,nose,dravidian.nose.0236
DandamiMaria_dand1238,nose,dravidian.nose.0234
Duruwa_duru1236,nose,dravidian.nose.0235
IndianKurux_kuru1302,nose,dravidian.nose.0235
Kannada_nucl1305,nose,dravidian.nose.0235
Kodava_koda1255,nose,dravidian.nose.0235
KorraKoraga_korr1238,nose,?
KotaIndia_kota1263,nose,dravidian.nose.0235
Koya_koya1251,nose,dravidian.nose.0234
Koya_koya1251,nose,dravidian.nose.0234
Kuvi_kuvi1243,nose,dravidian.nose.0235
Malayalam_mala1464,nose,dravidian.nose.0235
MandaIndia_mand1413,nose,dravidian.nose.0235
MariaIndia_mari1414,nose,dravidian.nose.0234
MariaIndia_mari1414,nose,dravidian.nose.0234
Muthuvan_muth1236,nose,?
NorthernGondi_nort2702,nose,dravidian.nose.0234
NorthernGondi_nort2702,nose,dravidian.nose.0234
NorthernGondi_nort2702,nose,dravidian.nose.0234
NorthwesternKolami_nort2699,nose,dravidian.nose.0235
NorthwesternKolami_nort2699,nose,dravidian.nose.0235
Pengo_peng1244,nose,dravidian.nose.0235
PottangiOllarGadaba_pott1240,nose,dravidian.nose.0235
Ravula_ravu1237,nose,dravidian.nose.0235
Ravula_ravu1237,nose,dravidian.nose.0235
SauriaPaharia_saur1249,nose,dravidian.nose.0237
Tamil_tami1289,nose,dravidian.nose.0235
Telugu_telu1262,nose,dravidian.nose.0235
Toda_toda1252,nose,dravidian.nose.0238
Tulu_tulu1258,nose,dravidian.nose.0235
WesternMuria_west2408,nose,dravidian.nose.0234
Yerukula_yeru1240,nose,dravidian.nose.0235
Badaga_bada1257,one,dravidian.one.0239
Badaga_bada1257,one,dravidian.one.0239
BettaKurumba_bett1235,one,dravidian.one.0239
Brahui_brah1256,one,dravidian.one.0239
DandamiMaria_dand1238,one,dravidian.one.0239
DandamiMaria_dand1238,one,dravidian.one.0239
Duruwa_duru1236,one,dravidian.one.0240
Duruwa_duru1236,one,dravidian.one.0243
Duruwa_duru1236,one,dravidian.one.0246
IndianKurux_kuru1302,one,dravidian.one.0239
Kannada_nucl1305,one,dravidian.one.0239
Kodava_koda1255,one,dravidian.one.0239
KorraKoraga_korr1238,one,dravidian.one.0239
KotaIndia_kota1263,one,dravidian.one.0241
Koya_koya1251,one,dravidian.one.0239
Koya_koya1251,one,dravidian.one.0242
Kuvi_kuvi1243,one,dravidian.one.0243
Malayalam_mala1464,one,dravidian.one.0239
MandaIndia_mand1413,one,dravidian.one.0244
MandaIndia_mand1413,one,dravidian.one.0247
MariaIndia_mari1414,one,dravidian.one.0239
MariaIndia_mari1414,one,dravidian.one.0239
MariaIndia_mari1414,one,dravidian.one.0239
MariaIndia_mari1414,one,dravidian.one.0239
Muthuvan_muth1236,one,dravidian.one.0239
NorthernGondi_nort2702,one,dravidian.one.0239
NorthernGondi_nort2702,one,dravidian.one.0239
NorthernGondi_nort2702,one,dravidian.one.0239
NorthernGondi_nort2702,one,dravidian.one.0239
NorthernGondi_nort2702,one,dravidian.one.0239
NorthwesternKolami_nort2699,one,dravidian.one.0240
NorthwesternKolami_nort2699,one,dravidian.one.0245
Pengo_peng1244,one,?
PottangiOllarGadaba_pott1240,one,dravidian.one.0239
Ravula_ravu1237,one,dravidian.one.0239
Ravula_ravu1237,one,dravidian.one.0239
SauriaPaharia_saur1249,one,dravidian.one.0239
Tamil_tami1289,one,dravidian.one.0239
Telugu_telu1262,one,dravidian.one.0239
Toda_toda1252,one,dravidian.one.0239
Tulu_tulu1258,one,dravidian.one.0239
WesternMuria_west2408,one,dravidian.one.0239
Yerukula_yeru1240,one,dravidian.one.0239
Badaga_bada1257,path,dravidian.path.0250
Badaga_bada1257,path,dravidian.path.0251
Badaga_bada1257,path,dravidian.path.0254
BettaKurumba_bett1235,path,dravidian.path.0252
Brahui_brah1256,path,dravidian.path.0250
Brahui_brah1256,path,dravidian.path.0253
DandamiMaria_dand1238,path,dravidian.path.0262
Duruwa_duru1236,path,dravidian.path.0259
Duruwa_duru1236,path,dravidian.path.0261
IndianKurux_kuru1302,path,dravidian.path.0250
Kannada_nucl1305,path,dravidian.path.0254
Kannada_nucl1305,path,dravidian.path.0265
Kodava_koda1255,path,dravidian.path.0252
Kodava_koda1255,path,dravidian.path.0260
KorraKoraga_korr1238,path,dravidian.path.0251
KotaIndia_kota1263,path,dravidian.path.0250
Koya_koya1251,path,dravidian.path.0250
Koya_koya1251,path,dravidian.path.0250
Kuvi_kuvi1243,path,dravidian.path.0250
Kuvi_kuvi1243,path,dravidian.path.0250
Kuvi_kuvi1243,path,dravidian.path.0255
Malayalam_mala1464,path,dravidian.path.0256
MandaIndia_mand1413,path,dravidian.path.0257
MandaIndia_mand1413,path,dravidian.path.0266
MariaIndia_mari1414,path,dravidian.path.0249
MariaIndia_mari1414,path,dravidian.path.0249
MariaIndia_mari1414,path,dravidian.path.0250
MariaIndia_mari1414,path,dravidian.path.0250
Muthuvan_muth1236,path,dravidian.path.0258
NorthernGondi_nort2702,path,dravidian.path.0250
NorthernGondi_nort2702,path,dravidian.path.0250
NorthernGondi_nort2702,path,dravidian.path.0250
NorthwesternKolami_nort2699,path,dravidian.path.0250
NorthwesternKolami_nort2699,path,dravidian.path.0250
NorthwesternKolami_nort2699,path,dravidian.path.0259
Pengo_peng1244,path,?
PottangiOllarGadaba_pott1240,path,dravidian.path.0260
Ravula_ravu1237,path,dravidian.path.0260
SauriaPaharia_saur1249,path,dravidian.path.0252
Tamil_tami1289,path,dravidian.path.0263
Telugu_telu1262,path,dravidian.path.0250
Telugu_telu1262,path,dravidian.path.0252
Telugu_telu1262,path,dravidian.path.0265
Toda_toda1252,path,dravidian.path.0264
Tulu_tulu1258,path,dravidian.path.0251
Tulu_tulu1258,path,dravidian.path.0260
Tulu_tulu1258,path,dravidian.path.0265
WesternMuria_west2408,path,dravidian.path.0250
Yerukula_yeru1240,path,dravidian.path.0250
Badaga_bada1257,person,dravidian.person.0267
Badaga_bada1257,person,dravidian.person.0268
Badaga_bada1257,person,dravidian.person.0268
BettaKurumba_bett1235,person,dravidian.person.0268
BettaKurumba_bett1235,person,dravidian.person.0268
Brahui_brah1256,person,dravidian.person.0268
Brahui_brah1256,person,dravidian.person.0269
Brahui_brah1256,person,dravidian.person.0269
DandamiMaria_dand1238,person,?
Duruwa_duru1236,person,dravidian.person.0267
IndianKurux_kuru1302,person,dravidian.person.0268
Kannada_nucl1305,person,dravidian.person.0267
Kannada_nucl1305,person,dravidian.person.0268
Kodava_koda1255,person,dravidian.person.0267
KorraKoraga_korr1238,person,?
KotaIndia_kota1263,person,?
Koya_koya1251,person,dravidian.person.0267
Kuvi_kuvi1243,person,dravidian.person.0267
Kuvi_kuvi1243,person,dravidian.person.0273
Malayalam_mala1464,person,dravidian.person.0267
MandaIndia_mand1413,person,dravidian.person.0272
MariaIndia_mari1414,person,dravidian.person.0267
Muthuvan_muth1236,person,dravidian.person.0267
Muthuvan_muth1236,person,dravidian.person.0268
NorthernGondi_nort2702,person,dravidian.person.0270
NorthwesternKolami_nort2699,person,dravidian.person.0267
Pengo_peng1244,person,dravidian.person.0267
PottangiOllarGadaba_pott1240,person,?
Ravula_ravu1237,person,dravidian.person.0267
Ravula_ravu1237,person,dravidian.person.0268
SauriaPaharia_saur1249,person,dravidian.person.0271
Tamil_tami1289,person,dravidian.person.0267
Tamil_tami1289,person,dravidian.person.0267
Telugu_telu1262,person,dravidian.person.0267
Toda_toda1252,person,dravidian.person.0267
Tulu_tulu1258,person,dravidian.person.0267
Tulu_tulu1258,person,dravidian.person.0267
Tulu_tulu1258,person,dravidian.person.0275
WesternMuria_west2408,person,dravidian.person.0267
Yerukula_yeru1240,person,dravidian.person.0268
Yerukula_yeru1240,person,dravidian.person.0274
Badaga_bada1257,see,dravidian.see.0277
Badaga_bada1257,see,dravidian.see.0278
Badaga_bada1257,see,dravidian.see.0278
BettaKurumba_bett1235,see,dravidian.see.0278
BettaKurumba_bett1235,see,dravidian.see.0279
Brahui_brah1256,see,dravidian.see.0277
Brahui_brah1256,see,dravidian.see.0280
DandamiMaria_dand1238,see,dravidian.see.0276
DandamiMaria_dand1238,see,dravidian.see.0276
Duruwa_duru1236,see,dravidian.see.0276
IndianKurux_kuru1302,see,dravidian.see.0284
Kannada_nucl1305,see,dravidian.see.0277
Kannada_nucl1305,see,dravidian.see.0278
Kodava_koda1255,see,dravidian.see.0278
KorraKoraga_korr1238,see,dravidian.see.0283
KotaIndia_kota1263,see,dravidian.see.0278
Koya_koya1251,see,dravidian.see.0281
Koya_koya1251,see,dravidian.see.0281
Kuvi_kuvi1243,see,dravidian.see.0285
Malayalam_mala1464,see,dravidian.see.0277
MandaIndia_mand1413,see,dravidian.see.0276
MandaIndia_mand1413,see,dravidian.see.0288
MariaIndia_mari1414,see,dravidian.see.0276
MariaIndia_mari1414,see,dravidian.see.0276
Muthuvan_muth1236,see,dravidian.see.0277
Muthuvan_muth1236,see,dravidian.see.0287
NorthernGondi_nort2702,see,dravidian.see.0276
NorthernGondi_nort2702,see,dravidian.see.0276
NorthernGondi_nort2702,see,dravidian.see.0281
NorthwesternKolami_nort2699,see,dravidian.see.0282
Pengo_peng1244,see,dravidian.see.0277
PottangiOllarGadaba_pott1240,see,dravidian.see.0283
Ravula_ravu1237,see,dravidian.see.0277
Ravula_ravu1237,see,dravidian.see.0278
SauriaPaharia_saur1249,see,dravidian.see.0286
Tamil_tami1289,see,dravidian.see.0277
Tamil_tami1289,see,dravidian.see.0287
Telugu_telu1262,see,dravidian.see.0281
Toda_toda1252,see,dravidian.see.0278
Tulu_tulu1258,see,dravidian.see.0276
Tulu_tulu1258,see,dravidian.see.0280
Tulu_tulu1258,see,dravidian.see.0283
WesternMuria_west2408,see,?
Yerukula_yeru1240,see,dravidian.see.0287
Badaga_bada1257,skin,dravidian.skin.0289
Badaga_bada1257,skin,dravidian.skin.0289
Badaga_bada1257,skin,dravidian.skin.0289
BettaKurumba_bett1235,skin,dravidian.skin.0289
Brahui_brah1256,skin,dravidian.skin.0289
DandamiMaria_dand1238,skin,dravidian.skin.0289
DandamiMaria_dand1238,skin,dravidian.skin.0289
Duruwa_duru1236,skin,dravidian.skin.0289
IndianKurux_kuru1302,skin,dravidian.skin.0289
Kannada_nucl1305,skin,dravidian.skin.0289
Kannada_nucl1305,skin,dravidian.skin.0289
Kodava_koda1255,skin,dravidian.skin.0289
KorraKoraga_korr1238,skin,dravidian.skin.0289
KotaIndia_kota1263,skin,dravidian.skin.0289
Koya_koya1251,skin,dravidian.skin.0289
Koya_koya1251,skin,dravidian.skin.0289
Koya_koya1251,skin,dravidian.skin.0289
Kuvi_kuvi1243,skin,dravidian.skin.0289
Malayalam_mala1464,skin,dravidian.skin.0289
Malayalam_mala1464,skin,dravidian.skin.0290
MandaIndia_mand1413,skin,dravidian.skin.0289
MariaIndia_mari1414,skin,dravidian.skin.0289
MariaIndia_mari1414,skin,dravidian.skin.0289
Muthuvan_muth1236,skin,?
NorthernGondi_nort2702,skin,dravidian.skin.0289
NorthernGondi_nort2702,skin,dravidian.skin.0289
NorthernGondi_nort2702,skin,dravidian.skin.0289
NorthernGondi_nort2702,skin,dravidian.skin.0289
NorthwesternKolami_nort2699,skin,dravidian.skin.0289
NorthwesternKolami_nort2699,skin,dravidian.skin.0289
Pengo_peng1244,skin,dravidian.skin.0289
PottangiOllarGadaba_pott1240,skin,dravidian.skin.0289
Ravula_ravu1237,skin,dravidian.skin.0289
Ravula_ravu1237,skin,dravidian.skin.0289
SauriaPaharia_saur1249,skin,dravidian.skin.0289
Tamil_tami1289,skin,dravidian.skin.0289
Telugu_telu1262,skin,dravidian.skin.0289
Telugu_telu1262,skin,dravidian.skin.0290
Toda_toda1252,skin,dravidian.skin.0289
Tulu_tulu1258,skin,dravidian.skin.0290
WesternMuria_west2408,skin,dravidian.skin.0289
Yerukula_yeru1240,skin,?
Badaga_bada1257,star,dravidian.star.0293
Badaga_bada1257,star,dravidian.star.0294
Badaga_bada1257,star,dravidian.star.0300
BettaKurumba_bett1235,star,dravidian.star.0293
Brahui_brah1256,star,?
DandamiMaria_dand1238,star,dravidian.star.0291
Duruwa_duru1236,star,dravidian.star.0291
IndianKurux_kuru1302,star,dravidian.star.0293
Kannada_nucl1305,star,dravidian.star.0293
Kannada_nucl1305,star,dravidian.star.0294
Kodava_koda1255,star,dravidian.star.0294
KorraKoraga_korr1238,star,dravidian.star.0295
KotaIndia_kota1263,star,dravidian.star.0294
Koya_koya1251,star,dravidian.star.0291
Koya_koya1251,star,dravidian.star.0291
Kuvi_kuvi1243,star,dravidian.star.0291
Malayalam_mala1464,star,dravidian.star.0294
MandaIndia_mand1413,star,dravidian.star.0291
MariaIndia_mari1414,star,dravidian.star.0291
MariaIndia_mari1414,star,dravidian.star.0291
MariaIndia_mari1414,star,dravidian.star.0291
Muthuvan_muth1236,star,dravidian.star.0296
NorthernGondi_nort2702,star,dravidian.star.0292
NorthernGondi_nort2702,star,dravidian.star.0292
NorthernGondi_nort2702,star,dravidian.star.0292
NorthwesternKolami_nort2699,star,dravidian.star.0291
NorthwesternKolami_nort2699,star,dravidian.star.0291
Pengo_peng1244,star,dravidian.star.0298
PottangiOllarGadaba_pott1240,star,dravidian.star.0297
Ravula_ravu1237,star,dravidian.star.0294
Ravula_ravu1237,star,dravidian.star.0299
SauriaPaharia_saur1249,star,dravidian.star.0293
Tamil_tami1289,star,dravidian.star.0293
Tamil_tami1289,star,dravidian.star.0294
Telugu_telu1262,star,dravidian.star.0291
Telugu_telu1262,star,dravidian.star.0294
Toda_toda1252,star,dravidian.star.0294
Tulu_tulu1258,star,dravidian.star.0294
WesternMuria_west2408,star,dravidian.star.0291
Yerukula_yeru1240,star,dravidian.star.0291
Badaga_bada1257,stone,dravidian.stone.0301
Badaga_bada1257,stone,dravidian.stone.0301
Badaga_bada1257,stone,dravidian.stone.0301
BettaKurumba_bett1235,stone,dravidian.stone.0301
Brahui_brah1256,stone,dravidian.stone.0301
DandamiMaria_dand1238,stone,?
Duruwa_duru1236,stone,dravidian.stone.0301
IndianKurux_kuru1302,stone,dravidian.stone.0302
Kannada_nucl1305,stone,dravidian.stone.0301
Kannada_nucl1305,stone,dravidian.stone.0305
Kodava_koda1255,stone,dravidian.stone.0301
KorraKoraga_korr1238,stone,dravidian.stone.0301
KotaIndia_kota1263,stone,dravidian.stone.0301
Koya_koya1251,stone,dravidian.stone.0303
Kuvi_kuvi1243,stone,dravidian.stone.0301
Kuvi_kuvi1243,stone,dravidian.stone.0303
Malayalam_mala1464,stone,dravidian.stone.0301
MandaIndia_mand1413,stone,dravidian.stone.0301
MandaIndia_mand1413,stone,dravidian.stone.0302
MandaIndia_mand1413,stone,dravidian.stone.0305
MariaIndia_mari1414,stone,dravidian.stone.0301
MariaIndia_mari1414,stone,dravidian.stone.0301
Muthuvan_muth1236,stone,dravidian.stone.0301
NorthernGondi_nort2702,stone,dravidian.stone.0302
NorthwesternKolami_nort2699,stone,dravidian.stone.0302
Pengo_peng1244,stone,dravidian.stone.0301
PottangiOllarGadaba_pott1240,stone,dravidian.stone.0301
Ravula_ravu1237,stone,dravidian.stone.0301
Ravula_ravu1237,stone,dravidian.stone.0301
SauriaPaharia_saur1249,stone,dravidian.stone.0304
Tamil_tami1289,stone,dravidian.stone.0301
Telugu_telu1262,stone,dravidian.stone.0303
Toda_toda1252,stone,dravidian.stone.0301
Tulu_tulu1258,stone,dravidian.stone.0301
WesternMuria_west2408,stone,?
Yerukula_yeru1240,stone,?
Badaga_bada1257,sun,dravidian.sun.0306
Badaga_bada1257,sun,dravidian.sun.0306
Badaga_bada1257,sun,dravidian.sun.0306
BettaKurumba_bett1235,sun,dravidian.sun.0306
Brahui_brah1256,sun,dravidian.sun.0307
DandamiMaria_dand1238,sun,dravidian.sun.0306
Duruwa_duru1236,sun,dravidian.sun.0312
IndianKurux_kuru1302,sun,dravidian.sun.0306
Kannada_nucl1305,sun,dravidian.sun.0306
Kannada_nucl1305,sun,dravidian.sun.0308
Kodava_koda1255,sun,dravidian.sun.0308
KorraKoraga_korr1238,sun,dravidian.sun.0308
KotaIndia_kota1263,sun,dravidian.sun.0308
Koya_koya1251,sun,dravidian.sun.0306
Koya_koya1251,sun,dravidian.sun.0306
Kuvi_kuvi1243,sun,dravidian.sun.0309
Malayalam_mala1464,sun,dravidian.sun.0306
MandaIndia_mand1413,sun,dravidian.sun.0311
MariaIndia_mari1414,sun,dravidian.sun.0306
MariaIndia_mari1414,sun,dravidian.sun.0306
Muthuvan_muth1236,sun,?
NorthernGondi_nort2702,sun,dravidian.sun.0306
NorthwesternKolami_nort2699,sun,dravidian.sun.0306
NorthwesternKolami_nort2699,sun,dravidian.sun.0306
NorthwesternKolami_nort2699,sun,dravidian.sun.0314
Pengo_peng1244,sun,dravidian.sun.0311
PottangiOllarGadaba_pott1240,sun,dravidian.sun.0306
Ravula_ravu1237,sun,dravidian.sun.0308
Ravula_ravu1237,sun,dravidian.sun.0313
SauriaPaharia_saur1249,sun,dravidian.sun.0310
Tamil_tami1289,sun,dravidian.sun.0308
Telugu_telu1262,sun,dravidian.sun.0306
Telugu_telu1262,sun,dravidian.sun.0308
Toda_toda1252,sun,dravidian.sun.0308
Tulu_tulu1258,sun,dravidian.sun.0306
Tulu_tulu1258,sun,dravidian.sun.0306
Tulu_tulu1258,sun,dravidian.sun.0306
WesternMuria_west2408,sun,dravidian.sun.0306
Yerukula_yeru1240,sun,dravidian.sun.0306
Badaga_bada1257,tongue,dravidian.tongue.0316
Badaga_bada1257,tongue,dravidian.tongue.0316
Badaga_bada1257,tongue,dravidian.tongue.0318
BettaKurumba_bett1235,tongue,dravidian.tongue.0316
Brahui_brah1256,tongue,dravidian.tongue.0317
Brahui_brah1256,tongue,dravidian.tongue.0317
DandamiMaria_dand1238,tongue,dravidian.tongue.0315
DandamiMaria_dand1238,tongue,dravidian.tongue.0315
Duruwa_duru1236,tongue,dravidian.tongue.0318
IndianKurux_kuru1302,tongue,dravidian.tongue.0319
Kannada_nucl1305,tongue,dravidian.tongue.0316
Kannada_nucl1305,tongue,dravidian.tongue.0318
Kodava_koda1255,tongue,dravidian.tongue.0318
KorraKoraga_korr1238,tongue,dravidian.tongue.0316
KotaIndia_kota1263,tongue,dravidian.tongue.0316
Koya_koya1251,tongue,dravidian.tongue.0315
Koya_koya1251,tongue,dravidian.tongue.0316
Kuvi_kuvi1243,tongue,?
Malayalam_mala1464,tongue,dravidian.tongue.0316
MandaIndia_mand1413,tongue,dravidian.tongue.0315
MariaIndia_mari1414,tongue,dravidian.tongue.0315
MariaIndia_mari1414,tongue,dravidian.tongue.0315
Muthuvan_muth1236,tongue,dravidian.tongue.0316
NorthernGondi_nort2702,tongue,dravidian.tongue.0315
NorthernGondi_nort2702,tongue,dravidian.tongue.0315
NorthernGondi_nort2702,tongue,dravidian.tongue.0315
NorthwesternKolami_nort2699,tongue,dravidian.tongue.0316
NorthwesternKolami_nort2699,tongue,dravidian.tongue.0316
Pengo_peng1244,tongue,dravidian.tongue.0315
PottangiOllarGadaba_pott1240,tongue,dravidian.tongue.0320
Ravula_ravu1237,tongue,dravidian.tongue.0318
Ravula_ravu1237,tongue,dravidian.tongue.0318
SauriaPaharia_saur1249,tongue,dravidian.tongue.0315
Tamil_tami1289,tongue,dravidian.tongue.0316
Telugu_telu1262,tongue,dravidian.tongue.0316
Toda_toda1252,tongue,dravidian.tongue.0321
Tulu_tulu1258,tongue,dravidian.tongue.0316
Tulu_tulu1258,tongue,dravidian.tongue.0322
WesternMuria_west2408,tongue,?
Yerukula_yeru1240,tongue,dravidian.tongue.0316
Badaga_bada1257,tooth,dravidian.tooth.0323
Badaga_bada1257,tooth,dravidian.tooth.0323
Badaga_bada1257,tooth,dravidian.tooth.0323
BettaKurumba_bett1235,tooth,dravidian.tooth.0323
Brahui_brah1256,tooth,dravidian.tooth.0324
DandamiMaria_dand1238,tooth,dravidian.tooth.0323
Duruwa_duru1236,tooth,dravidian.tooth.0323
IndianKurux_kuru1302,tooth,dravidian.tooth.0323
Kannada_nucl1305,tooth,dravidian.tooth.0323
Kannada_nucl1305,tooth,dravidian.tooth.0323
Kodava_koda1255,tooth,dravidian.tooth.0323
KorraKoraga_korr1238,tooth,dravidian.tooth.0323
KotaIndia_kota1263,tooth,dravidian.tooth.0323
Koya_koya1251,tooth,dravidian.tooth.0323
Koya_koya1251,tooth,dravidian.tooth.0323
Kuvi_kuvi1243,tooth,dravidian.tooth.0323
Kuvi_kuvi1243,tooth,dravidian.tooth.0323
Malayalam_mala1464,tooth,dravidian.tooth.0323
MandaIndia_mand1413,tooth,dravidian.tooth.0323
MariaIndia_mari1414,tooth,dravidian.tooth.0323
MariaIndia_mari1414,tooth,dravidian.tooth.0323
MariaIndia_mari1414,tooth,dravidian.tooth.0323
Muthuvan_muth1236,tooth,dravidian.tooth.0323
NorthernGondi_nort2702,tooth,dravidian.tooth.0323
NorthernGondi_nort2702,tooth,dravidian.tooth.0323
NorthernGondi_nort2702,tooth,dravidian.tooth.0323
NorthwesternKolami_nort2699,tooth,dravidian.tooth.0323
NorthwesternKolami_nort2699,tooth,dravidian.tooth.0323
Pengo_peng1244,tooth,dravidian.tooth.0324
PottangiOllarGadaba_pott1240,tooth,dravidian.tooth.0323
Ravula_ravu1237,tooth,dravidian.tooth.0323
Ravula_ravu1237,tooth,dravidian.tooth.0323
SauriaPaharia_saur1249,tooth,dravidian.tooth.0323
Tamil_tami1289,tooth,dravidian.tooth.0323
Telugu_telu1262,tooth,dravidian.tooth.0323
Toda_toda1252,tooth,dravidian.tooth.0323
Tulu_tulu1258,tooth,?
WesternMuria_west2408,tooth,dravidian.tooth.0323
Yerukula_yeru1240,tooth,dravidian.tooth.0323
Badaga_bada1257,tree,dravidian.tree.0325
Badaga_bada1257,tree,dravidian.tree.0325
BettaKurumba_bett1235,tree,dravidian.tree.0325
Brahui_brah1256,tree,dravidian.tree.0326
Brahui_brah1256,tree,dravidian.tree.0328
DandamiMaria_dand1238,tree,?
Duruwa_duru1236,tree,dravidian.tree.0325
Duruwa_duru1236,tree,dravidian.tree.0325
IndianKurux_kuru1302,tree,dravidian.tree.0325
Kannada_nucl1305,tree,dravidian.tree.0325
Kannada_nucl1305,tree,dravidian.tree.0325
Kodava_koda1255,tree,dravidian.tree.0325
KorraKoraga_korr1238,tree,?
KotaIndia_kota1263,tree,dravidian.tree.0325
Koya_koya1251,tree,dravidian.tree.0325
Kuvi_kuvi1243,tree,dravidian.tree.0325
Kuvi_kuvi1243,tree,dravidian.tree.0325
Malayalam_mala1464,tree,dravidian.tree.0325
Malayalam_mala1464,tree,dravidian.tree.0329
MandaIndia_mand1413,tree,dravidian.tree.0325
MariaIndia_mari1414,tree,dravidian.tree.0325
Muthuvan_muth1236,tree,dravidian.tree.0325
NorthernGondi_nort2702,tree,dravidian.tree.0325
NorthwesternKolami_nort2699,tree,dravidian.tree.0325
NorthwesternKolami_nort2699,tree,dravidian.tree.0325
Pengo_peng1244,tree,dravidian.tree.0325
PottangiOllarGadaba_pott1240,tree,?
Ravula_ravu1237,tree,dravidian.tree.0325
Ravula_ravu1237,tree,dravidian.tree.0325
SauriaPaharia_saur1249,tree,?
Tamil_tami1289,tree,dravidian.tree.0325
Telugu_telu1262,tree,dravidian.tree.0327
Toda_toda1252,tree,dravidian.tree.0325
Tulu_tulu1258,tree,dravidian.tree.0325
WesternMuria_west2408,tree,dravidian.tree.0325
Yerukula_yeru1240,tree,dravidian.tree.0325
Badaga_bada1257,two,dravidian.two.0330
Badaga_bada1257,two,dravidian.two.0330
BettaKurumba_bett1235,two,dravidian.two.0330
Brahui_brah1256,two,dravidian.two.0330
Brahui_brah1256,two,dravidian.two.0332
DandamiMaria_dand1238,two,dravidian.two.0330
DandamiMaria_dand1238,two,dravidian.two.0330
Duruwa_duru1236,two,dravidian.two.0330
Duruwa_duru1236,two,dravidian.two.0330
Duruwa_duru1236,two,dravidian.two.0330
IndianKurux_kuru1302,two,dravidian.two.0330
Kannada_nucl1305,two,dravidian.two.0330
Kodava_koda1255,two,dravidian.two.0330
KorraKoraga_korr1238,two,dravidian.two.0330
KotaIndia_kota1263,two,dravidian.two.0330
Koya_koya1251,two,dravidian.two.0330
Koya_koya1251,two,dravidian.two.0330
Kuvi_kuvi1243,two,dravidian.two.0330
Kuvi_kuvi1243,two,dravidian.two.0333
Malayalam_mala1464,two,dravidian.two.0330
MandaIndia_mand1413,two,dravidian.two.0330
MandaIndia_mand1413,two,dravidian.two.0331
MandaIndia_mand1413,two,dravidian.two.0333
MariaIndia_mari1414,two,dravidian.two.0330
MariaIndia_mari1414,two,dravidian.two.0330
MariaIndia_mari1414,two,dravidian.two.0330
Muthuvan_muth1236,two,dravidian.two.0330
NorthernGondi_nort2702,two,dravidian.two.0330
NorthernGondi_nort2702,two,dravidian.two.0330
NorthernGondi_nort2702,two,dravidian.two.0330
NorthwesternKolami_nort2699,two,dravidian.two.0330
NorthwesternKolami_nort2699,two,dravidian.two.0330
NorthwesternKolami_nort2699,two,dravidian.two.0335
Pengo_peng1244,two,dravidian.two.0330
Pengo_peng1244,two,dravidian.two.0331
PottangiOllarGadaba_pott1240,two,dravidian.two.0330
Ravula_ravu1237,two,dravidian.two.0330
Ravula_ravu1237,two,dravidian.two.0330
SauriaPaharia_saur1249,two,dravidian.two.0330
SauriaPaharia_saur1249,two,dravidian.two.0334
SauriaPaharia_saur1249,two,dravidian.two.0336
Tamil_tami1289,two,dravidian.two.0330
Telugu_telu1262,two,dravidian.two.0330
Toda_toda1252,two,dravidian.two.0330
Tulu_tulu1258,two,dravidian.two.0330
WesternMuria_west2408,two,dravidian.two.0330
Yerukula_yeru1240,two,dravidian.two.0330
Badaga_bada1257,water,dravidian.water.0338
Badaga_bada1257,water,dravidian.water.0339
Badaga_bada1257,water,dravidian.water.0339
BettaKurumba_bett1235,water,dravidian.water.0339
Brahui_brah1256,water,dravidian.water.0339
DandamiMaria_dand1238,water,dravidian.water.0337
Duruwa_duru1236,water,dravidian.water.0339
IndianKurux_kuru1302,water,dravidian.water.0340
Kannada_nucl1305,water,dravidian.water.0339
Kannada_nucl1305,water,dravidian.water.0346
Kodava_koda1255,water,dravidian.water.0339
KorraKoraga_korr1238,water,?
KotaIndia_kota1263,water,dravidian.water.0339
Koya_koya1251,water,dravidian.water.0337
Koya_koya1251,water,dravidian.water.0337
Kuvi_kuvi1243,water,?
Malayalam_mala1464,water,dravidian.water.0341
Malayalam_mala1464,water,dravidian.water.0347
MandaIndia_mand1413,water,?
MariaIndia_mari1414,water,dravidian.water.0337
MariaIndia_mari1414,water,dravidian.water.0337
Muthuvan_muth1236,water,dravidian.water.0343
NorthernGondi_nort2702,water,dravidian.water.0337
NorthernGondi_nort2702,water,dravidian.water.0337
NorthernGondi_nort2702,water,dravidian.water.0337
NorthernGondi_nort2702,water,dravidian.water.0337
NorthernGondi_nort2702,water,dravidian.water.0337
NorthernGondi_nort2702,water,dravidian.water.0339
NorthwesternKolami_nort2699,water,dravidian.water.0337
NorthwesternKolami_nort2699,water,dravidian.water.0337
Pengo_peng1244,water,dravidian.water.0344
PottangiOllarGadaba_pott1240,water,dravidian.water.0339
Ravula_ravu1237,water,dravidian.water.0339
Ravula_ravu1237,water,dravidian.water.0339
SauriaPaharia_saur1249,water,dravidian.water.0342
Tamil_tami1289,water,dravidian.water.0339
Tamil_tami1289,water,dravidian.water.0343
Telugu_telu1262,water,dravidian.water.0339
Telugu_telu1262,water,dravidian.water.0345
Toda_toda1252,water,dravidian.water.0339
Tulu_tulu1258,water,dravidian.water.0339
WesternMuria_west2408,water,dravidian.water.0337
Yerukula_yeru1240,water,dravidian.water.0343
