Language_ID,Feature_ID,Value
Biao-JiaoMien_biao1254,1pl,hmongmien.1pl.0004
BiaoMon_biao1256,1pl,hmongmien.1pl.0001
BiaoMon_biao1256,1pl,hmongmien.1pl.0001
Bu-NaoBunu_buna1273,1pl,hmongmien.1pl.0001
Bu-NaoBunu_buna1273,1pl,hmongmien.1pl.0001
Bu-NaoBunu_buna1273,1pl,hmongmien.1pl.0001
Bu-NaoBunu_buna1273,1pl,hmongmien.1pl.0001
DzaoMin_dzao1238,1pl,hmongmien.1pl.0001
HmongDaw_hmon1333,1pl,hmongmien.1pl.0001
HmongDaw_hmon1333,1pl,hmongmien.1pl.0001
HmongNjua_hmon1264,1pl,hmongmien.1pl.0001
HmongNjua_hmon1264,1pl,hmongmien.1pl.0001
IuMien_iumi1238,1pl,hmongmien.1pl.0001
IuMien_iumi1238,1pl,hmongmien.1pl.0001
IuMien_iumi1238,1pl,hmongmien.1pl.0001
JiongnaiBunu_jion1236,1pl,hmongmien.1pl.0001
JiongnaiBunu_jion1236,1pl,hmongmien.1pl.0002
JiongnaiBunu_jion1236,1pl,hmongmien.1pl.0003
JiongnaiBunu_jion1236,1pl,hmongmien.1pl.0006
KimMun_kimm1245,1pl,hmongmien.1pl.0001
NorthernQiandongMiao_nort2747,1pl,hmongmien.1pl.0001
NorthernQiandongMiao_nort2747,1pl,hmongmien.1pl.0001
NorthernQiandongMiao_nort2747,1pl,hmongmien.1pl.0001
Pa-Hng_pahn1237,1pl,hmongmien.1pl.0001
Pa-Hng_pahn1237,1pl,hmongmien.1pl.0001
She_shee1238,1pl,hmongmien.1pl.0001
She_shee1238,1pl,hmongmien.1pl.0001
She_shee1238,1pl,hmongmien.1pl.0001
She_shee1238,1pl,hmongmien.1pl.0001
She_shee1238,1pl,hmongmien.1pl.0001
WesternXiangxiMiao_west2430,1pl,hmongmien.1pl.0001
WesternXiangxiMiao_west2430,1pl,hmongmien.1pl.0001
WesternXiangxiMiao_west2430,1pl,hmongmien.1pl.0001
WesternXiangxiMiao_west2430,1pl,hmongmien.1pl.0001
YounuoBunu_youn1235,1pl,hmongmien.1pl.0001
YounuoBunu_youn1235,1pl,hmongmien.1pl.0005
Biao-JiaoMien_biao1254,1sg,hmongmien.1sg.0010
BiaoMon_biao1256,1sg,hmongmien.1sg.0008
BiaoMon_biao1256,1sg,hmongmien.1sg.0010
Bu-NaoBunu_buna1273,1sg,hmongmien.1sg.0007
Bu-NaoBunu_buna1273,1sg,hmongmien.1sg.0007
Bu-NaoBunu_buna1273,1sg,hmongmien.1sg.0007
Bu-NaoBunu_buna1273,1sg,hmongmien.1sg.0007
DzaoMin_dzao1238,1sg,hmongmien.1sg.0010
HmongDaw_hmon1333,1sg,hmongmien.1sg.0010
HmongDaw_hmon1333,1sg,hmongmien.1sg.0010
HmongNjua_hmon1264,1sg,hmongmien.1sg.0010
IuMien_iumi1238,1sg,hmongmien.1sg.0008
IuMien_iumi1238,1sg,hmongmien.1sg.0008
IuMien_iumi1238,1sg,hmongmien.1sg.0008
IuMien_iumi1238,1sg,hmongmien.1sg.0008
JiongnaiBunu_jion1236,1sg,hmongmien.1sg.0016
JiongnaiBunu_jion1236,1sg,hmongmien.1sg.0017
KimMun_kimm1245,1sg,hmongmien.1sg.0008
KimMun_kimm1245,1sg,hmongmien.1sg.0013
NorthernQiandongMiao_nort2747,1sg,hmongmien.1sg.0011
NorthernQiandongMiao_nort2747,1sg,hmongmien.1sg.0020
NorthernQiandongMiao_nort2747,1sg,hmongmien.1sg.0021
Pa-Hng_pahn1237,1sg,hmongmien.1sg.0011
Pa-Hng_pahn1237,1sg,hmongmien.1sg.0011
She_shee1238,1sg,hmongmien.1sg.0009
She_shee1238,1sg,hmongmien.1sg.0012
She_shee1238,1sg,hmongmien.1sg.0015
She_shee1238,1sg,hmongmien.1sg.0018
WesternXiangxiMiao_west2430,1sg,hmongmien.1sg.0008
WesternXiangxiMiao_west2430,1sg,hmongmien.1sg.0008
WesternXiangxiMiao_west2430,1sg,hmongmien.1sg.0014
WesternXiangxiMiao_west2430,1sg,hmongmien.1sg.0019
YounuoBunu_youn1235,1sg,hmongmien.1sg.0011
YounuoBunu_youn1235,1sg,hmongmien.1sg.0011
Biao-JiaoMien_biao1254,2sg,hmongmien.2sg.0023
BiaoMon_biao1256,2sg,hmongmien.2sg.0023
BiaoMon_biao1256,2sg,hmongmien.2sg.0023
Bu-NaoBunu_buna1273,2sg,hmongmien.2sg.0022
Bu-NaoBunu_buna1273,2sg,hmongmien.2sg.0022
Bu-NaoBunu_buna1273,2sg,hmongmien.2sg.0022
Bu-NaoBunu_buna1273,2sg,hmongmien.2sg.0022
DzaoMin_dzao1238,2sg,hmongmien.2sg.0023
HmongDaw_hmon1333,2sg,hmongmien.2sg.0022
HmongDaw_hmon1333,2sg,hmongmien.2sg.0022
HmongNjua_hmon1264,2sg,hmongmien.2sg.0022
IuMien_iumi1238,2sg,hmongmien.2sg.0023
IuMien_iumi1238,2sg,hmongmien.2sg.0023
IuMien_iumi1238,2sg,hmongmien.2sg.0023
IuMien_iumi1238,2sg,hmongmien.2sg.0023
JiongnaiBunu_jion1236,2sg,hmongmien.2sg.0023
JiongnaiBunu_jion1236,2sg,hmongmien.2sg.0023
KimMun_kimm1245,2sg,hmongmien.2sg.0023
KimMun_kimm1245,2sg,hmongmien.2sg.0023
NorthernQiandongMiao_nort2747,2sg,hmongmien.2sg.0023
NorthernQiandongMiao_nort2747,2sg,hmongmien.2sg.0023
Pa-Hng_pahn1237,2sg,hmongmien.2sg.0023
Pa-Hng_pahn1237,2sg,hmongmien.2sg.0023
She_shee1238,2sg,hmongmien.2sg.0023
She_shee1238,2sg,hmongmien.2sg.0023
She_shee1238,2sg,hmongmien.2sg.0023
She_shee1238,2sg,hmongmien.2sg.0023
WesternXiangxiMiao_west2430,2sg,hmongmien.2sg.0023
WesternXiangxiMiao_west2430,2sg,hmongmien.2sg.0023
WesternXiangxiMiao_west2430,2sg,hmongmien.2sg.0023
WesternXiangxiMiao_west2430,2sg,hmongmien.2sg.0023
YounuoBunu_youn1235,2sg,hmongmien.2sg.0024
YounuoBunu_youn1235,2sg,hmongmien.2sg.0024
Biao-JiaoMien_biao1254,blood,hmongmien.blood.0025
BiaoMon_biao1256,blood,hmongmien.blood.0025
BiaoMon_biao1256,blood,hmongmien.blood.0026
Bu-NaoBunu_buna1273,blood,hmongmien.blood.0025
Bu-NaoBunu_buna1273,blood,hmongmien.blood.0028
Bu-NaoBunu_buna1273,blood,hmongmien.blood.0029
Bu-NaoBunu_buna1273,blood,hmongmien.blood.0035
Bu-NaoBunu_buna1273,blood,hmongmien.blood.0036
DzaoMin_dzao1238,blood,hmongmien.blood.0030
HmongDaw_hmon1333,blood,hmongmien.blood.0029
HmongDaw_hmon1333,blood,hmongmien.blood.0032
HmongNjua_hmon1264,blood,hmongmien.blood.0025
HmongNjua_hmon1264,blood,hmongmien.blood.0029
IuMien_iumi1238,blood,hmongmien.blood.0026
IuMien_iumi1238,blood,hmongmien.blood.0026
IuMien_iumi1238,blood,hmongmien.blood.0026
IuMien_iumi1238,blood,hmongmien.blood.0026
JiongnaiBunu_jion1236,blood,hmongmien.blood.0027
JiongnaiBunu_jion1236,blood,hmongmien.blood.0027
KimMun_kimm1245,blood,hmongmien.blood.0025
KimMun_kimm1245,blood,hmongmien.blood.0025
NorthernQiandongMiao_nort2747,blood,hmongmien.blood.0025
NorthernQiandongMiao_nort2747,blood,hmongmien.blood.0033
NorthernQiandongMiao_nort2747,blood,hmongmien.blood.0034
Pa-Hng_pahn1237,blood,hmongmien.blood.0031
Pa-Hng_pahn1237,blood,hmongmien.blood.0032
She_shee1238,blood,hmongmien.blood.0027
She_shee1238,blood,hmongmien.blood.0027
She_shee1238,blood,hmongmien.blood.0027
She_shee1238,blood,hmongmien.blood.0027
WesternXiangxiMiao_west2430,blood,hmongmien.blood.0029
WesternXiangxiMiao_west2430,blood,hmongmien.blood.0029
WesternXiangxiMiao_west2430,blood,hmongmien.blood.0029
WesternXiangxiMiao_west2430,blood,hmongmien.blood.0032
YounuoBunu_youn1235,blood,hmongmien.blood.0034
YounuoBunu_youn1235,blood,hmongmien.blood.0037
Biao-JiaoMien_biao1254,bone,hmongmien.bone.0038
BiaoMon_biao1256,bone,hmongmien.bone.0038
BiaoMon_biao1256,bone,hmongmien.bone.0038
Bu-NaoBunu_buna1273,bone,hmongmien.bone.0038
Bu-NaoBunu_buna1273,bone,hmongmien.bone.0038
Bu-NaoBunu_buna1273,bone,hmongmien.bone.0038
Bu-NaoBunu_buna1273,bone,hmongmien.bone.0040
DzaoMin_dzao1238,bone,hmongmien.bone.0038
HmongDaw_hmon1333,bone,hmongmien.bone.0041
HmongDaw_hmon1333,bone,hmongmien.bone.0041
HmongNjua_hmon1264,bone,hmongmien.bone.0038
HmongNjua_hmon1264,bone,hmongmien.bone.0038
IuMien_iumi1238,bone,hmongmien.bone.0039
IuMien_iumi1238,bone,hmongmien.bone.0039
IuMien_iumi1238,bone,hmongmien.bone.0039
IuMien_iumi1238,bone,hmongmien.bone.0039
JiongnaiBunu_jion1236,bone,hmongmien.bone.0038
JiongnaiBunu_jion1236,bone,hmongmien.bone.0038
KimMun_kimm1245,bone,hmongmien.bone.0038
KimMun_kimm1245,bone,hmongmien.bone.0038
NorthernQiandongMiao_nort2747,bone,hmongmien.bone.0038
NorthernQiandongMiao_nort2747,bone,hmongmien.bone.0038
NorthernQiandongMiao_nort2747,bone,hmongmien.bone.0038
Pa-Hng_pahn1237,bone,hmongmien.bone.0038
Pa-Hng_pahn1237,bone,hmongmien.bone.0038
She_shee1238,bone,hmongmien.bone.0038
She_shee1238,bone,hmongmien.bone.0038
She_shee1238,bone,hmongmien.bone.0038
She_shee1238,bone,hmongmien.bone.0038
She_shee1238,bone,hmongmien.bone.0038
WesternXiangxiMiao_west2430,bone,hmongmien.bone.0038
WesternXiangxiMiao_west2430,bone,hmongmien.bone.0038
WesternXiangxiMiao_west2430,bone,hmongmien.bone.0038
WesternXiangxiMiao_west2430,bone,hmongmien.bone.0038
YounuoBunu_youn1235,bone,hmongmien.bone.0038
Biao-JiaoMien_biao1254,breast,hmongmien.breast.0048
BiaoMon_biao1256,breast,hmongmien.breast.0044
BiaoMon_biao1256,breast,hmongmien.breast.0048
Bu-NaoBunu_buna1273,breast,hmongmien.breast.0043
Bu-NaoBunu_buna1273,breast,hmongmien.breast.0043
Bu-NaoBunu_buna1273,breast,hmongmien.breast.0043
Bu-NaoBunu_buna1273,breast,hmongmien.breast.0045
DzaoMin_dzao1238,breast,hmongmien.breast.0045
HmongDaw_hmon1333,breast,hmongmien.breast.0044
HmongDaw_hmon1333,breast,hmongmien.breast.0046
HmongDaw_hmon1333,breast,hmongmien.breast.0049
HmongNjua_hmon1264,breast,hmongmien.breast.0043
HmongNjua_hmon1264,breast,hmongmien.breast.0049
IuMien_iumi1238,breast,hmongmien.breast.0044
IuMien_iumi1238,breast,hmongmien.breast.0044
IuMien_iumi1238,breast,hmongmien.breast.0047
JiongnaiBunu_jion1236,breast,hmongmien.breast.0044
JiongnaiBunu_jion1236,breast,hmongmien.breast.0045
KimMun_kimm1245,breast,hmongmien.breast.0044
KimMun_kimm1245,breast,hmongmien.breast.0044
NorthernQiandongMiao_nort2747,breast,hmongmien.breast.0050
Pa-Hng_pahn1237,breast,hmongmien.breast.0046
Pa-Hng_pahn1237,breast,hmongmien.breast.0046
She_shee1238,breast,hmongmien.breast.0045
She_shee1238,breast,hmongmien.breast.0045
She_shee1238,breast,hmongmien.breast.0045
WesternXiangxiMiao_west2430,breast,hmongmien.breast.0046
WesternXiangxiMiao_west2430,breast,hmongmien.breast.0046
WesternXiangxiMiao_west2430,breast,hmongmien.breast.0046
WesternXiangxiMiao_west2430,breast,hmongmien.breast.0046
WesternXiangxiMiao_west2430,breast,hmongmien.breast.0046
YounuoBunu_youn1235,breast,hmongmien.breast.0046
YounuoBunu_youn1235,breast,hmongmien.breast.0046
Biao-JiaoMien_biao1254,come,hmongmien.come.0052
BiaoMon_biao1256,come,hmongmien.come.0052
BiaoMon_biao1256,come,hmongmien.come.0052
Bu-NaoBunu_buna1273,come,hmongmien.come.0051
Bu-NaoBunu_buna1273,come,hmongmien.come.0051
Bu-NaoBunu_buna1273,come,hmongmien.come.0051
Bu-NaoBunu_buna1273,come,hmongmien.come.0052
Bu-NaoBunu_buna1273,come,hmongmien.come.0052
Bu-NaoBunu_buna1273,come,hmongmien.come.0052
Bu-NaoBunu_buna1273,come,hmongmien.come.0052
DzaoMin_dzao1238,come,hmongmien.come.0052
HmongDaw_hmon1333,come,hmongmien.come.0052
HmongDaw_hmon1333,come,hmongmien.come.0053
HmongDaw_hmon1333,come,hmongmien.come.0054
HmongNjua_hmon1264,come,hmongmien.come.0051
HmongNjua_hmon1264,come,hmongmien.come.0051
HmongNjua_hmon1264,come,hmongmien.come.0052
IuMien_iumi1238,come,hmongmien.come.0052
IuMien_iumi1238,come,hmongmien.come.0052
IuMien_iumi1238,come,hmongmien.come.0052
IuMien_iumi1238,come,hmongmien.come.0052
JiongnaiBunu_jion1236,come,hmongmien.come.0051
JiongnaiBunu_jion1236,come,hmongmien.come.0051
KimMun_kimm1245,come,hmongmien.come.0051
KimMun_kimm1245,come,hmongmien.come.0052
KimMun_kimm1245,come,hmongmien.come.0052
NorthernQiandongMiao_nort2747,come,hmongmien.come.0051
NorthernQiandongMiao_nort2747,come,hmongmien.come.0051
NorthernQiandongMiao_nort2747,come,hmongmien.come.0052
NorthernQiandongMiao_nort2747,come,hmongmien.come.0052
Pa-Hng_pahn1237,come,hmongmien.come.0052
Pa-Hng_pahn1237,come,hmongmien.come.0052
She_shee1238,come,hmongmien.come.0053
She_shee1238,come,hmongmien.come.0053
She_shee1238,come,hmongmien.come.0053
She_shee1238,come,hmongmien.come.0053
WesternXiangxiMiao_west2430,come,hmongmien.come.0055
WesternXiangxiMiao_west2430,come,hmongmien.come.0055
WesternXiangxiMiao_west2430,come,hmongmien.come.0055
WesternXiangxiMiao_west2430,come,hmongmien.come.0056
YounuoBunu_youn1235,come,hmongmien.come.0052
YounuoBunu_youn1235,come,hmongmien.come.0052
Biao-JiaoMien_biao1254,die,hmongmien.die.0057
BiaoMon_biao1256,die,hmongmien.die.0057
BiaoMon_biao1256,die,hmongmien.die.0057
Bu-NaoBunu_buna1273,die,hmongmien.die.0057
Bu-NaoBunu_buna1273,die,hmongmien.die.0057
Bu-NaoBunu_buna1273,die,hmongmien.die.0057
DzaoMin_dzao1238,die,hmongmien.die.0057
HmongDaw_hmon1333,die,hmongmien.die.0057
HmongDaw_hmon1333,die,hmongmien.die.0057
HmongNjua_hmon1264,die,hmongmien.die.0057
HmongNjua_hmon1264,die,hmongmien.die.0057
IuMien_iumi1238,die,hmongmien.die.0057
IuMien_iumi1238,die,hmongmien.die.0057
IuMien_iumi1238,die,hmongmien.die.0057
IuMien_iumi1238,die,hmongmien.die.0057
JiongnaiBunu_jion1236,die,hmongmien.die.0057
JiongnaiBunu_jion1236,die,hmongmien.die.0057
KimMun_kimm1245,die,hmongmien.die.0057
KimMun_kimm1245,die,hmongmien.die.0057
NorthernQiandongMiao_nort2747,die,hmongmien.die.0057
NorthernQiandongMiao_nort2747,die,hmongmien.die.0057
NorthernQiandongMiao_nort2747,die,hmongmien.die.0057
Pa-Hng_pahn1237,die,hmongmien.die.0057
Pa-Hng_pahn1237,die,hmongmien.die.0057
She_shee1238,die,hmongmien.die.0057
She_shee1238,die,hmongmien.die.0057
She_shee1238,die,hmongmien.die.0057
She_shee1238,die,hmongmien.die.0057
WesternXiangxiMiao_west2430,die,hmongmien.die.0057
WesternXiangxiMiao_west2430,die,hmongmien.die.0057
WesternXiangxiMiao_west2430,die,hmongmien.die.0057
WesternXiangxiMiao_west2430,die,hmongmien.die.0057
YounuoBunu_youn1235,die,hmongmien.die.0057
YounuoBunu_youn1235,die,hmongmien.die.0057
Biao-JiaoMien_biao1254,dog,hmongmien.dog.0059
BiaoMon_biao1256,dog,hmongmien.dog.0059
BiaoMon_biao1256,dog,hmongmien.dog.0059
Bu-NaoBunu_buna1273,dog,hmongmien.dog.0058
Bu-NaoBunu_buna1273,dog,hmongmien.dog.0058
Bu-NaoBunu_buna1273,dog,hmongmien.dog.0058
Bu-NaoBunu_buna1273,dog,hmongmien.dog.0061
DzaoMin_dzao1238,dog,hmongmien.dog.0059
HmongDaw_hmon1333,dog,hmongmien.dog.0058
HmongDaw_hmon1333,dog,hmongmien.dog.0058
HmongNjua_hmon1264,dog,hmongmien.dog.0058
HmongNjua_hmon1264,dog,hmongmien.dog.0058
IuMien_iumi1238,dog,hmongmien.dog.0058
IuMien_iumi1238,dog,hmongmien.dog.0058
IuMien_iumi1238,dog,hmongmien.dog.0058
IuMien_iumi1238,dog,hmongmien.dog.0059
JiongnaiBunu_jion1236,dog,hmongmien.dog.0059
JiongnaiBunu_jion1236,dog,hmongmien.dog.0059
KimMun_kimm1245,dog,hmongmien.dog.0059
KimMun_kimm1245,dog,hmongmien.dog.0059
NorthernQiandongMiao_nort2747,dog,hmongmien.dog.0058
NorthernQiandongMiao_nort2747,dog,hmongmien.dog.0058
NorthernQiandongMiao_nort2747,dog,hmongmien.dog.0064
Pa-Hng_pahn1237,dog,hmongmien.dog.0058
Pa-Hng_pahn1237,dog,hmongmien.dog.0060
She_shee1238,dog,hmongmien.dog.0059
She_shee1238,dog,hmongmien.dog.0059
She_shee1238,dog,hmongmien.dog.0059
She_shee1238,dog,hmongmien.dog.0059
WesternXiangxiMiao_west2430,dog,hmongmien.dog.0062
WesternXiangxiMiao_west2430,dog,hmongmien.dog.0062
WesternXiangxiMiao_west2430,dog,hmongmien.dog.0063
YounuoBunu_youn1235,dog,hmongmien.dog.0059
YounuoBunu_youn1235,dog,hmongmien.dog.0059
Biao-JiaoMien_biao1254,drink,hmongmien.drink.0065
BiaoMon_biao1256,drink,hmongmien.drink.0066
BiaoMon_biao1256,drink,hmongmien.drink.0067
Bu-NaoBunu_buna1273,drink,hmongmien.drink.0065
Bu-NaoBunu_buna1273,drink,hmongmien.drink.0065
Bu-NaoBunu_buna1273,drink,hmongmien.drink.0065
DzaoMin_dzao1238,drink,hmongmien.drink.0066
HmongDaw_hmon1333,drink,hmongmien.drink.0065
HmongDaw_hmon1333,drink,hmongmien.drink.0065
HmongNjua_hmon1264,drink,hmongmien.drink.0065
HmongNjua_hmon1264,drink,hmongmien.drink.0065
IuMien_iumi1238,drink,hmongmien.drink.0066
IuMien_iumi1238,drink,hmongmien.drink.0066
IuMien_iumi1238,drink,hmongmien.drink.0066
IuMien_iumi1238,drink,hmongmien.drink.0066
JiongnaiBunu_jion1236,drink,hmongmien.drink.0065
JiongnaiBunu_jion1236,drink,hmongmien.drink.0068
KimMun_kimm1245,drink,hmongmien.drink.0066
KimMun_kimm1245,drink,hmongmien.drink.0066
NorthernQiandongMiao_nort2747,drink,hmongmien.drink.0065
NorthernQiandongMiao_nort2747,drink,hmongmien.drink.0065
NorthernQiandongMiao_nort2747,drink,hmongmien.drink.0065
Pa-Hng_pahn1237,drink,hmongmien.drink.0065
Pa-Hng_pahn1237,drink,hmongmien.drink.0065
She_shee1238,drink,hmongmien.drink.0065
She_shee1238,drink,hmongmien.drink.0065
She_shee1238,drink,hmongmien.drink.0065
WesternXiangxiMiao_west2430,drink,hmongmien.drink.0065
WesternXiangxiMiao_west2430,drink,hmongmien.drink.0065
WesternXiangxiMiao_west2430,drink,hmongmien.drink.0065
WesternXiangxiMiao_west2430,drink,hmongmien.drink.0065
YounuoBunu_youn1235,drink,hmongmien.drink.0065
YounuoBunu_youn1235,drink,hmongmien.drink.0065
Biao-JiaoMien_biao1254,ear,hmongmien.ear.0070
BiaoMon_biao1256,ear,hmongmien.ear.0070
BiaoMon_biao1256,ear,hmongmien.ear.0074
Bu-NaoBunu_buna1273,ear,hmongmien.ear.0069
Bu-NaoBunu_buna1273,ear,hmongmien.ear.0070
Bu-NaoBunu_buna1273,ear,hmongmien.ear.0070
Bu-NaoBunu_buna1273,ear,hmongmien.ear.0070
DzaoMin_dzao1238,ear,hmongmien.ear.0070
HmongDaw_hmon1333,ear,hmongmien.ear.0073
HmongDaw_hmon1333,ear,hmongmien.ear.0073
HmongNjua_hmon1264,ear,hmongmien.ear.0073
HmongNjua_hmon1264,ear,hmongmien.ear.0076
IuMien_iumi1238,ear,hmongmien.ear.0072
IuMien_iumi1238,ear,hmongmien.ear.0072
IuMien_iumi1238,ear,hmongmien.ear.0072
IuMien_iumi1238,ear,hmongmien.ear.0072
JiongnaiBunu_jion1236,ear,hmongmien.ear.0070
JiongnaiBunu_jion1236,ear,hmongmien.ear.0070
KimMun_kimm1245,ear,hmongmien.ear.0072
KimMun_kimm1245,ear,hmongmien.ear.0072
NorthernQiandongMiao_nort2747,ear,hmongmien.ear.0069
NorthernQiandongMiao_nort2747,ear,hmongmien.ear.0069
NorthernQiandongMiao_nort2747,ear,hmongmien.ear.0073
Pa-Hng_pahn1237,ear,hmongmien.ear.0070
Pa-Hng_pahn1237,ear,hmongmien.ear.0075
Pa-Hng_pahn1237,ear,hmongmien.ear.0077
She_shee1238,ear,hmongmien.ear.0071
She_shee1238,ear,hmongmien.ear.0071
She_shee1238,ear,hmongmien.ear.0071
She_shee1238,ear,hmongmien.ear.0071
WesternXiangxiMiao_west2430,ear,hmongmien.ear.0077
WesternXiangxiMiao_west2430,ear,hmongmien.ear.0077
WesternXiangxiMiao_west2430,ear,hmongmien.ear.0078
WesternXiangxiMiao_west2430,ear,hmongmien.ear.0078
WesternXiangxiMiao_west2430,ear,hmongmien.ear.0078
YounuoBunu_youn1235,ear,hmongmien.ear.0077
YounuoBunu_youn1235,ear,hmongmien.ear.0077
Biao-JiaoMien_biao1254,eye,?
BiaoMon_biao1256,eye,hmongmien.eye.0080
BiaoMon_biao1256,eye,hmongmien.eye.0080
Bu-NaoBunu_buna1273,eye,hmongmien.eye.0079
Bu-NaoBunu_buna1273,eye,hmongmien.eye.0079
Bu-NaoBunu_buna1273,eye,hmongmien.eye.0080
Bu-NaoBunu_buna1273,eye,hmongmien.eye.0080
DzaoMin_dzao1238,eye,?
HmongDaw_hmon1333,eye,hmongmien.eye.0080
HmongDaw_hmon1333,eye,hmongmien.eye.0080
HmongNjua_hmon1264,eye,hmongmien.eye.0080
HmongNjua_hmon1264,eye,hmongmien.eye.0080
IuMien_iumi1238,eye,hmongmien.eye.0080
IuMien_iumi1238,eye,hmongmien.eye.0080
IuMien_iumi1238,eye,hmongmien.eye.0080
JiongnaiBunu_jion1236,eye,hmongmien.eye.0080
JiongnaiBunu_jion1236,eye,hmongmien.eye.0080
KimMun_kimm1245,eye,hmongmien.eye.0080
KimMun_kimm1245,eye,hmongmien.eye.0083
NorthernQiandongMiao_nort2747,eye,hmongmien.eye.0080
NorthernQiandongMiao_nort2747,eye,hmongmien.eye.0084
Pa-Hng_pahn1237,eye,hmongmien.eye.0081
She_shee1238,eye,hmongmien.eye.0082
She_shee1238,eye,hmongmien.eye.0082
She_shee1238,eye,hmongmien.eye.0082
WesternXiangxiMiao_west2430,eye,hmongmien.eye.0085
WesternXiangxiMiao_west2430,eye,hmongmien.eye.0085
WesternXiangxiMiao_west2430,eye,hmongmien.eye.0085
YounuoBunu_youn1235,eye,hmongmien.eye.0082
Biao-JiaoMien_biao1254,fire,hmongmien.fire.0087
BiaoMon_biao1256,fire,hmongmien.fire.0087
BiaoMon_biao1256,fire,hmongmien.fire.0087
Bu-NaoBunu_buna1273,fire,hmongmien.fire.0086
Bu-NaoBunu_buna1273,fire,hmongmien.fire.0086
Bu-NaoBunu_buna1273,fire,hmongmien.fire.0087
Bu-NaoBunu_buna1273,fire,hmongmien.fire.0087
Bu-NaoBunu_buna1273,fire,hmongmien.fire.0087
DzaoMin_dzao1238,fire,hmongmien.fire.0087
HmongDaw_hmon1333,fire,hmongmien.fire.0087
HmongDaw_hmon1333,fire,hmongmien.fire.0088
HmongNjua_hmon1264,fire,hmongmien.fire.0087
HmongNjua_hmon1264,fire,hmongmien.fire.0087
IuMien_iumi1238,fire,hmongmien.fire.0087
IuMien_iumi1238,fire,hmongmien.fire.0087
IuMien_iumi1238,fire,hmongmien.fire.0087
IuMien_iumi1238,fire,hmongmien.fire.0087
JiongnaiBunu_jion1236,fire,hmongmien.fire.0087
JiongnaiBunu_jion1236,fire,hmongmien.fire.0087
KimMun_kimm1245,fire,hmongmien.fire.0087
KimMun_kimm1245,fire,hmongmien.fire.0087
NorthernQiandongMiao_nort2747,fire,hmongmien.fire.0087
NorthernQiandongMiao_nort2747,fire,hmongmien.fire.0087
NorthernQiandongMiao_nort2747,fire,hmongmien.fire.0087
Pa-Hng_pahn1237,fire,hmongmien.fire.0087
Pa-Hng_pahn1237,fire,hmongmien.fire.0087
She_shee1238,fire,hmongmien.fire.0087
She_shee1238,fire,hmongmien.fire.0087
She_shee1238,fire,hmongmien.fire.0087
She_shee1238,fire,hmongmien.fire.0087
WesternXiangxiMiao_west2430,fire,hmongmien.fire.0087
WesternXiangxiMiao_west2430,fire,hmongmien.fire.0089
WesternXiangxiMiao_west2430,fire,hmongmien.fire.0089
WesternXiangxiMiao_west2430,fire,hmongmien.fire.0089
YounuoBunu_youn1235,fire,hmongmien.fire.0087
YounuoBunu_youn1235,fire,hmongmien.fire.0087
Biao-JiaoMien_biao1254,fish,hmongmien.fish.0091
BiaoMon_biao1256,fish,hmongmien.fish.0091
BiaoMon_biao1256,fish,hmongmien.fish.0091
Bu-NaoBunu_buna1273,fish,hmongmien.fish.0090
Bu-NaoBunu_buna1273,fish,hmongmien.fish.0091
Bu-NaoBunu_buna1273,fish,hmongmien.fish.0091
Bu-NaoBunu_buna1273,fish,hmongmien.fish.0091
DzaoMin_dzao1238,fish,hmongmien.fish.0091
HmongDaw_hmon1333,fish,hmongmien.fish.0090
HmongDaw_hmon1333,fish,hmongmien.fish.0090
HmongNjua_hmon1264,fish,hmongmien.fish.0090
HmongNjua_hmon1264,fish,hmongmien.fish.0090
IuMien_iumi1238,fish,hmongmien.fish.0091
IuMien_iumi1238,fish,hmongmien.fish.0091
IuMien_iumi1238,fish,hmongmien.fish.0091
IuMien_iumi1238,fish,hmongmien.fish.0091
JiongnaiBunu_jion1236,fish,hmongmien.fish.0091
JiongnaiBunu_jion1236,fish,hmongmien.fish.0091
KimMun_kimm1245,fish,hmongmien.fish.0091
KimMun_kimm1245,fish,hmongmien.fish.0091
NorthernQiandongMiao_nort2747,fish,hmongmien.fish.0090
NorthernQiandongMiao_nort2747,fish,hmongmien.fish.0092
NorthernQiandongMiao_nort2747,fish,hmongmien.fish.0092
Pa-Hng_pahn1237,fish,hmongmien.fish.0090
Pa-Hng_pahn1237,fish,hmongmien.fish.0091
She_shee1238,fish,hmongmien.fish.0091
She_shee1238,fish,hmongmien.fish.0091
She_shee1238,fish,hmongmien.fish.0091
She_shee1238,fish,hmongmien.fish.0091
WesternXiangxiMiao_west2430,fish,hmongmien.fish.0093
WesternXiangxiMiao_west2430,fish,hmongmien.fish.0093
WesternXiangxiMiao_west2430,fish,hmongmien.fish.0093
WesternXiangxiMiao_west2430,fish,hmongmien.fish.0093
WesternXiangxiMiao_west2430,fish,hmongmien.fish.0093
YounuoBunu_youn1235,fish,hmongmien.fish.0093
YounuoBunu_youn1235,fish,hmongmien.fish.0093
Biao-JiaoMien_biao1254,full,hmongmien.full.0094
BiaoMon_biao1256,full,?
Bu-NaoBunu_buna1273,full,hmongmien.full.0094
Bu-NaoBunu_buna1273,full,hmongmien.full.0094
Bu-NaoBunu_buna1273,full,hmongmien.full.0094
Bu-NaoBunu_buna1273,full,hmongmien.full.0094
DzaoMin_dzao1238,full,hmongmien.full.0094
HmongDaw_hmon1333,full,hmongmien.full.0094
HmongNjua_hmon1264,full,hmongmien.full.0094
HmongNjua_hmon1264,full,hmongmien.full.0094
IuMien_iumi1238,full,hmongmien.full.0094
IuMien_iumi1238,full,hmongmien.full.0094
IuMien_iumi1238,full,hmongmien.full.0094
IuMien_iumi1238,full,hmongmien.full.0094
JiongnaiBunu_jion1236,full,hmongmien.full.0094
JiongnaiBunu_jion1236,full,hmongmien.full.0094
KimMun_kimm1245,full,hmongmien.full.0094
NorthernQiandongMiao_nort2747,full,hmongmien.full.0094
NorthernQiandongMiao_nort2747,full,hmongmien.full.0094
NorthernQiandongMiao_nort2747,full,hmongmien.full.0094
Pa-Hng_pahn1237,full,hmongmien.full.0094
She_shee1238,full,hmongmien.full.0094
She_shee1238,full,hmongmien.full.0094
WesternXiangxiMiao_west2430,full,hmongmien.full.0094
WesternXiangxiMiao_west2430,full,hmongmien.full.0094
WesternXiangxiMiao_west2430,full,hmongmien.full.0094
WesternXiangxiMiao_west2430,full,hmongmien.full.0094
YounuoBunu_youn1235,full,hmongmien.full.0094
Biao-JiaoMien_biao1254,hand,hmongmien.hand.0096
BiaoMon_biao1256,hand,hmongmien.hand.0096
BiaoMon_biao1256,hand,hmongmien.hand.0096
Bu-NaoBunu_buna1273,hand,hmongmien.hand.0095
Bu-NaoBunu_buna1273,hand,hmongmien.hand.0096
Bu-NaoBunu_buna1273,hand,hmongmien.hand.0096
Bu-NaoBunu_buna1273,hand,hmongmien.hand.0096
DzaoMin_dzao1238,hand,hmongmien.hand.0096
HmongDaw_hmon1333,hand,hmongmien.hand.0098
HmongDaw_hmon1333,hand,hmongmien.hand.0098
HmongDaw_hmon1333,hand,hmongmien.hand.0101
HmongNjua_hmon1264,hand,hmongmien.hand.0098
HmongNjua_hmon1264,hand,hmongmien.hand.0098
HmongNjua_hmon1264,hand,hmongmien.hand.0101
IuMien_iumi1238,hand,hmongmien.hand.0096
IuMien_iumi1238,hand,hmongmien.hand.0096
IuMien_iumi1238,hand,hmongmien.hand.0096
IuMien_iumi1238,hand,hmongmien.hand.0096
JiongnaiBunu_jion1236,hand,hmongmien.hand.0098
JiongnaiBunu_jion1236,hand,hmongmien.hand.0098
KimMun_kimm1245,hand,hmongmien.hand.0096
KimMun_kimm1245,hand,hmongmien.hand.0096
NorthernQiandongMiao_nort2747,hand,hmongmien.hand.0096
NorthernQiandongMiao_nort2747,hand,hmongmien.hand.0096
NorthernQiandongMiao_nort2747,hand,hmongmien.hand.0096
Pa-Hng_pahn1237,hand,hmongmien.hand.0096
Pa-Hng_pahn1237,hand,hmongmien.hand.0096
She_shee1238,hand,hmongmien.hand.0097
She_shee1238,hand,hmongmien.hand.0097
She_shee1238,hand,hmongmien.hand.0097
She_shee1238,hand,hmongmien.hand.0099
WesternXiangxiMiao_west2430,hand,hmongmien.hand.0098
WesternXiangxiMiao_west2430,hand,hmongmien.hand.0100
WesternXiangxiMiao_west2430,hand,hmongmien.hand.0100
WesternXiangxiMiao_west2430,hand,hmongmien.hand.0100
YounuoBunu_youn1235,hand,hmongmien.hand.0095
YounuoBunu_youn1235,hand,hmongmien.hand.0095
Biao-JiaoMien_biao1254,hear,hmongmien.hear.0104
Biao-JiaoMien_biao1254,hear,hmongmien.hear.0104
BiaoMon_biao1256,hear,hmongmien.hear.0103
BiaoMon_biao1256,hear,hmongmien.hear.0103
Bu-NaoBunu_buna1273,hear,hmongmien.hear.0102
Bu-NaoBunu_buna1273,hear,hmongmien.hear.0104
Bu-NaoBunu_buna1273,hear,hmongmien.hear.0104
Bu-NaoBunu_buna1273,hear,hmongmien.hear.0105
Bu-NaoBunu_buna1273,hear,hmongmien.hear.0105
DzaoMin_dzao1238,hear,hmongmien.hear.0103
HmongDaw_hmon1333,hear,hmongmien.hear.0103
HmongDaw_hmon1333,hear,hmongmien.hear.0104
HmongDaw_hmon1333,hear,hmongmien.hear.0104
HmongNjua_hmon1264,hear,hmongmien.hear.0104
HmongNjua_hmon1264,hear,hmongmien.hear.0104
HmongNjua_hmon1264,hear,hmongmien.hear.0104
IuMien_iumi1238,hear,hmongmien.hear.0103
IuMien_iumi1238,hear,hmongmien.hear.0103
IuMien_iumi1238,hear,hmongmien.hear.0104
IuMien_iumi1238,hear,hmongmien.hear.0104
IuMien_iumi1238,hear,hmongmien.hear.0107
IuMien_iumi1238,hear,hmongmien.hear.0107
JiongnaiBunu_jion1236,hear,hmongmien.hear.0103
JiongnaiBunu_jion1236,hear,hmongmien.hear.0103
JiongnaiBunu_jion1236,hear,hmongmien.hear.0104
JiongnaiBunu_jion1236,hear,hmongmien.hear.0104
KimMun_kimm1245,hear,hmongmien.hear.0103
KimMun_kimm1245,hear,hmongmien.hear.0106
KimMun_kimm1245,hear,hmongmien.hear.0107
NorthernQiandongMiao_nort2747,hear,hmongmien.hear.0104
NorthernQiandongMiao_nort2747,hear,hmongmien.hear.0104
NorthernQiandongMiao_nort2747,hear,hmongmien.hear.0104
Pa-Hng_pahn1237,hear,hmongmien.hear.0103
Pa-Hng_pahn1237,hear,hmongmien.hear.0104
Pa-Hng_pahn1237,hear,hmongmien.hear.0104
She_shee1238,hear,hmongmien.hear.0102
She_shee1238,hear,hmongmien.hear.0102
She_shee1238,hear,hmongmien.hear.0102
She_shee1238,hear,hmongmien.hear.0102
She_shee1238,hear,hmongmien.hear.0104
WesternXiangxiMiao_west2430,hear,hmongmien.hear.0104
WesternXiangxiMiao_west2430,hear,hmongmien.hear.0104
WesternXiangxiMiao_west2430,hear,hmongmien.hear.0104
WesternXiangxiMiao_west2430,hear,hmongmien.hear.0105
WesternXiangxiMiao_west2430,hear,hmongmien.hear.0105
WesternXiangxiMiao_west2430,hear,hmongmien.hear.0105
YounuoBunu_youn1235,hear,hmongmien.hear.0104
YounuoBunu_youn1235,hear,hmongmien.hear.0104
YounuoBunu_youn1235,hear,hmongmien.hear.0105
YounuoBunu_youn1235,hear,hmongmien.hear.0105
Biao-JiaoMien_biao1254,horn,hmongmien.horn.0108
BiaoMon_biao1256,horn,?
Bu-NaoBunu_buna1273,horn,hmongmien.horn.0108
Bu-NaoBunu_buna1273,horn,hmongmien.horn.0108
Bu-NaoBunu_buna1273,horn,hmongmien.horn.0108
Bu-NaoBunu_buna1273,horn,hmongmien.horn.0108
DzaoMin_dzao1238,horn,hmongmien.horn.0108
HmongDaw_hmon1333,horn,hmongmien.horn.0108
HmongNjua_hmon1264,horn,hmongmien.horn.0108
HmongNjua_hmon1264,horn,hmongmien.horn.0108
IuMien_iumi1238,horn,hmongmien.horn.0109
IuMien_iumi1238,horn,hmongmien.horn.0109
IuMien_iumi1238,horn,hmongmien.horn.0109
IuMien_iumi1238,horn,hmongmien.horn.0109
JiongnaiBunu_jion1236,horn,hmongmien.horn.0108
JiongnaiBunu_jion1236,horn,hmongmien.horn.0108
KimMun_kimm1245,horn,hmongmien.horn.0108
NorthernQiandongMiao_nort2747,horn,hmongmien.horn.0108
NorthernQiandongMiao_nort2747,horn,hmongmien.horn.0108
NorthernQiandongMiao_nort2747,horn,hmongmien.horn.0108
Pa-Hng_pahn1237,horn,hmongmien.horn.0108
She_shee1238,horn,hmongmien.horn.0108
She_shee1238,horn,hmongmien.horn.0108
WesternXiangxiMiao_west2430,horn,hmongmien.horn.0110
WesternXiangxiMiao_west2430,horn,hmongmien.horn.0110
WesternXiangxiMiao_west2430,horn,hmongmien.horn.0110
WesternXiangxiMiao_west2430,horn,hmongmien.horn.0111
YounuoBunu_youn1235,horn,hmongmien.horn.0108
Biao-JiaoMien_biao1254,knee,hmongmien.knee.0125
BiaoMon_biao1256,knee,?
Bu-NaoBunu_buna1273,knee,hmongmien.knee.0112
Bu-NaoBunu_buna1273,knee,hmongmien.knee.0114
Bu-NaoBunu_buna1273,knee,hmongmien.knee.0115
Bu-NaoBunu_buna1273,knee,hmongmien.knee.0118
Bu-NaoBunu_buna1273,knee,hmongmien.knee.0123
DzaoMin_dzao1238,knee,hmongmien.knee.0116
HmongDaw_hmon1333,knee,?
HmongNjua_hmon1264,knee,hmongmien.knee.0112
IuMien_iumi1238,knee,hmongmien.knee.0117
IuMien_iumi1238,knee,hmongmien.knee.0126
JiongnaiBunu_jion1236,knee,hmongmien.knee.0121
JiongnaiBunu_jion1236,knee,hmongmien.knee.0122
JiongnaiBunu_jion1236,knee,hmongmien.knee.0127
KimMun_kimm1245,knee,?
NorthernQiandongMiao_nort2747,knee,hmongmien.knee.0115
NorthernQiandongMiao_nort2747,knee,hmongmien.knee.0118
Pa-Hng_pahn1237,knee,hmongmien.knee.0115
She_shee1238,knee,hmongmien.knee.0113
She_shee1238,knee,hmongmien.knee.0124
WesternXiangxiMiao_west2430,knee,hmongmien.knee.0112
WesternXiangxiMiao_west2430,knee,hmongmien.knee.0115
WesternXiangxiMiao_west2430,knee,hmongmien.knee.0120
WesternXiangxiMiao_west2430,knee,hmongmien.knee.0120
YounuoBunu_youn1235,knee,hmongmien.knee.0119
Biao-JiaoMien_biao1254,leaf,hmongmien.leaf.0129
BiaoMon_biao1256,leaf,hmongmien.leaf.0129
BiaoMon_biao1256,leaf,hmongmien.leaf.0129
Bu-NaoBunu_buna1273,leaf,hmongmien.leaf.0128
Bu-NaoBunu_buna1273,leaf,hmongmien.leaf.0129
Bu-NaoBunu_buna1273,leaf,hmongmien.leaf.0131
Bu-NaoBunu_buna1273,leaf,hmongmien.leaf.0131
DzaoMin_dzao1238,leaf,hmongmien.leaf.0129
HmongDaw_hmon1333,leaf,hmongmien.leaf.0130
HmongDaw_hmon1333,leaf,hmongmien.leaf.0130
HmongNjua_hmon1264,leaf,hmongmien.leaf.0130
HmongNjua_hmon1264,leaf,hmongmien.leaf.0130
IuMien_iumi1238,leaf,hmongmien.leaf.0129
IuMien_iumi1238,leaf,hmongmien.leaf.0129
IuMien_iumi1238,leaf,hmongmien.leaf.0129
IuMien_iumi1238,leaf,hmongmien.leaf.0129
JiongnaiBunu_jion1236,leaf,hmongmien.leaf.0130
JiongnaiBunu_jion1236,leaf,hmongmien.leaf.0130
KimMun_kimm1245,leaf,hmongmien.leaf.0129
KimMun_kimm1245,leaf,hmongmien.leaf.0129
NorthernQiandongMiao_nort2747,leaf,hmongmien.leaf.0129
NorthernQiandongMiao_nort2747,leaf,hmongmien.leaf.0129
NorthernQiandongMiao_nort2747,leaf,hmongmien.leaf.0129
Pa-Hng_pahn1237,leaf,hmongmien.leaf.0130
Pa-Hng_pahn1237,leaf,hmongmien.leaf.0132
Pa-Hng_pahn1237,leaf,hmongmien.leaf.0133
She_shee1238,leaf,hmongmien.leaf.0130
She_shee1238,leaf,hmongmien.leaf.0130
She_shee1238,leaf,hmongmien.leaf.0130
She_shee1238,leaf,hmongmien.leaf.0130
WesternXiangxiMiao_west2430,leaf,hmongmien.leaf.0129
WesternXiangxiMiao_west2430,leaf,hmongmien.leaf.0129
WesternXiangxiMiao_west2430,leaf,hmongmien.leaf.0132
WesternXiangxiMiao_west2430,leaf,hmongmien.leaf.0132
YounuoBunu_youn1235,leaf,hmongmien.leaf.0130
YounuoBunu_youn1235,leaf,hmongmien.leaf.0130
Biao-JiaoMien_biao1254,liver,hmongmien.liver.0136
BiaoMon_biao1256,liver,hmongmien.liver.0136
BiaoMon_biao1256,liver,hmongmien.liver.0136
Bu-NaoBunu_buna1273,liver,hmongmien.liver.0135
Bu-NaoBunu_buna1273,liver,hmongmien.liver.0137
Bu-NaoBunu_buna1273,liver,hmongmien.liver.0137
Bu-NaoBunu_buna1273,liver,hmongmien.liver.0141
DzaoMin_dzao1238,liver,hmongmien.liver.0139
HmongDaw_hmon1333,liver,hmongmien.liver.0138
HmongDaw_hmon1333,liver,hmongmien.liver.0138
HmongNjua_hmon1264,liver,hmongmien.liver.0138
HmongNjua_hmon1264,liver,hmongmien.liver.0138
IuMien_iumi1238,liver,hmongmien.liver.0136
IuMien_iumi1238,liver,hmongmien.liver.0136
IuMien_iumi1238,liver,hmongmien.liver.0136
JiongnaiBunu_jion1236,liver,hmongmien.liver.0139
JiongnaiBunu_jion1236,liver,hmongmien.liver.0139
KimMun_kimm1245,liver,hmongmien.liver.0136
NorthernQiandongMiao_nort2747,liver,hmongmien.liver.0138
NorthernQiandongMiao_nort2747,liver,hmongmien.liver.0140
Pa-Hng_pahn1237,liver,hmongmien.liver.0139
Pa-Hng_pahn1237,liver,hmongmien.liver.0139
She_shee1238,liver,hmongmien.liver.0136
She_shee1238,liver,hmongmien.liver.0139
She_shee1238,liver,hmongmien.liver.0139
She_shee1238,liver,hmongmien.liver.0139
WesternXiangxiMiao_west2430,liver,hmongmien.liver.0138
WesternXiangxiMiao_west2430,liver,hmongmien.liver.0138
WesternXiangxiMiao_west2430,liver,hmongmien.liver.0138
WesternXiangxiMiao_west2430,liver,hmongmien.liver.0138
YounuoBunu_youn1235,liver,hmongmien.liver.0139
YounuoBunu_youn1235,liver,hmongmien.liver.0139
Biao-JiaoMien_biao1254,louse,hmongmien.louse.0142
BiaoMon_biao1256,louse,hmongmien.louse.0143
BiaoMon_biao1256,louse,hmongmien.louse.0143
Bu-NaoBunu_buna1273,louse,hmongmien.louse.0142
Bu-NaoBunu_buna1273,louse,hmongmien.louse.0142
Bu-NaoBunu_buna1273,louse,hmongmien.louse.0142
Bu-NaoBunu_buna1273,louse,hmongmien.louse.0142
Bu-NaoBunu_buna1273,louse,hmongmien.louse.0143
DzaoMin_dzao1238,louse,hmongmien.louse.0142
HmongDaw_hmon1333,louse,hmongmien.louse.0142
HmongDaw_hmon1333,louse,hmongmien.louse.0142
HmongNjua_hmon1264,louse,hmongmien.louse.0142
HmongNjua_hmon1264,louse,hmongmien.louse.0142
IuMien_iumi1238,louse,hmongmien.louse.0142
IuMien_iumi1238,louse,hmongmien.louse.0142
IuMien_iumi1238,louse,hmongmien.louse.0142
JiongnaiBunu_jion1236,louse,hmongmien.louse.0142
JiongnaiBunu_jion1236,louse,hmongmien.louse.0142
KimMun_kimm1245,louse,hmongmien.louse.0142
KimMun_kimm1245,louse,hmongmien.louse.0142
NorthernQiandongMiao_nort2747,louse,hmongmien.louse.0142
NorthernQiandongMiao_nort2747,louse,hmongmien.louse.0142
NorthernQiandongMiao_nort2747,louse,hmongmien.louse.0145
Pa-Hng_pahn1237,louse,hmongmien.louse.0144
Pa-Hng_pahn1237,louse,hmongmien.louse.0146
She_shee1238,louse,hmongmien.louse.0142
She_shee1238,louse,hmongmien.louse.0142
She_shee1238,louse,hmongmien.louse.0142
She_shee1238,louse,hmongmien.louse.0142
WesternXiangxiMiao_west2430,louse,hmongmien.louse.0142
WesternXiangxiMiao_west2430,louse,hmongmien.louse.0145
WesternXiangxiMiao_west2430,louse,hmongmien.louse.0145
WesternXiangxiMiao_west2430,louse,hmongmien.louse.0145
YounuoBunu_youn1235,louse,hmongmien.louse.0142
YounuoBunu_youn1235,louse,hmongmien.louse.0142
Biao-JiaoMien_biao1254,mountain,hmongmien.mountain.0153
BiaoMon_biao1256,mountain,?
Bu-NaoBunu_buna1273,mountain,hmongmien.mountain.0147
Bu-NaoBunu_buna1273,mountain,hmongmien.mountain.0147
Bu-NaoBunu_buna1273,mountain,hmongmien.mountain.0149
Bu-NaoBunu_buna1273,mountain,hmongmien.mountain.0149
Bu-NaoBunu_buna1273,mountain,hmongmien.mountain.0150
DzaoMin_dzao1238,mountain,hmongmien.mountain.0151
HmongDaw_hmon1333,mountain,hmongmien.mountain.0147
HmongDaw_hmon1333,mountain,hmongmien.mountain.0153
HmongNjua_hmon1264,mountain,hmongmien.mountain.0147
HmongNjua_hmon1264,mountain,hmongmien.mountain.0153
IuMien_iumi1238,mountain,hmongmien.mountain.0149
IuMien_iumi1238,mountain,hmongmien.mountain.0149
IuMien_iumi1238,mountain,hmongmien.mountain.0152
IuMien_iumi1238,mountain,hmongmien.mountain.0152
JiongnaiBunu_jion1236,mountain,hmongmien.mountain.0147
JiongnaiBunu_jion1236,mountain,hmongmien.mountain.0149
JiongnaiBunu_jion1236,mountain,hmongmien.mountain.0149
JiongnaiBunu_jion1236,mountain,hmongmien.mountain.0149
KimMun_kimm1245,mountain,hmongmien.mountain.0153
NorthernQiandongMiao_nort2747,mountain,hmongmien.mountain.0150
NorthernQiandongMiao_nort2747,mountain,hmongmien.mountain.0150
NorthernQiandongMiao_nort2747,mountain,hmongmien.mountain.0154
Pa-Hng_pahn1237,mountain,hmongmien.mountain.0148
She_shee1238,mountain,hmongmien.mountain.0148
She_shee1238,mountain,hmongmien.mountain.0148
She_shee1238,mountain,hmongmien.mountain.0158
WesternXiangxiMiao_west2430,mountain,hmongmien.mountain.0156
WesternXiangxiMiao_west2430,mountain,hmongmien.mountain.0156
WesternXiangxiMiao_west2430,mountain,hmongmien.mountain.0157
WesternXiangxiMiao_west2430,mountain,hmongmien.mountain.0157
WesternXiangxiMiao_west2430,mountain,hmongmien.mountain.0157
YounuoBunu_youn1235,mountain,hmongmien.mountain.0155
Biao-JiaoMien_biao1254,name,hmongmien.name.0162
BiaoMon_biao1256,name,hmongmien.name.0159
BiaoMon_biao1256,name,hmongmien.name.0162
Bu-NaoBunu_buna1273,name,hmongmien.name.0159
Bu-NaoBunu_buna1273,name,hmongmien.name.0159
Bu-NaoBunu_buna1273,name,hmongmien.name.0159
Bu-NaoBunu_buna1273,name,hmongmien.name.0159
Bu-NaoBunu_buna1273,name,hmongmien.name.0165
DzaoMin_dzao1238,name,hmongmien.name.0162
HmongDaw_hmon1333,name,hmongmien.name.0159
HmongDaw_hmon1333,name,hmongmien.name.0161
HmongDaw_hmon1333,name,hmongmien.name.0162
HmongNjua_hmon1264,name,hmongmien.name.0159
HmongNjua_hmon1264,name,hmongmien.name.0162
IuMien_iumi1238,name,hmongmien.name.0159
IuMien_iumi1238,name,hmongmien.name.0161
IuMien_iumi1238,name,hmongmien.name.0162
IuMien_iumi1238,name,hmongmien.name.0162
IuMien_iumi1238,name,hmongmien.name.0162
JiongnaiBunu_jion1236,name,hmongmien.name.0159
JiongnaiBunu_jion1236,name,hmongmien.name.0159
KimMun_kimm1245,name,hmongmien.name.0161
KimMun_kimm1245,name,hmongmien.name.0162
KimMun_kimm1245,name,hmongmien.name.0162
NorthernQiandongMiao_nort2747,name,hmongmien.name.0162
NorthernQiandongMiao_nort2747,name,hmongmien.name.0162
NorthernQiandongMiao_nort2747,name,hmongmien.name.0163
Pa-Hng_pahn1237,name,hmongmien.name.0159
Pa-Hng_pahn1237,name,hmongmien.name.0161
She_shee1238,name,hmongmien.name.0160
She_shee1238,name,hmongmien.name.0160
She_shee1238,name,hmongmien.name.0160
She_shee1238,name,hmongmien.name.0160
WesternXiangxiMiao_west2430,name,hmongmien.name.0159
WesternXiangxiMiao_west2430,name,hmongmien.name.0159
WesternXiangxiMiao_west2430,name,hmongmien.name.0159
WesternXiangxiMiao_west2430,name,hmongmien.name.0159
YounuoBunu_youn1235,name,hmongmien.name.0159
YounuoBunu_youn1235,name,hmongmien.name.0160
Biao-JiaoMien_biao1254,new,hmongmien.new.0170
BiaoMon_biao1256,new,?
Bu-NaoBunu_buna1273,new,hmongmien.new.0166
Bu-NaoBunu_buna1273,new,hmongmien.new.0167
Bu-NaoBunu_buna1273,new,hmongmien.new.0167
Bu-NaoBunu_buna1273,new,hmongmien.new.0170
DzaoMin_dzao1238,new,hmongmien.new.0168
HmongDaw_hmon1333,new,hmongmien.new.0169
HmongDaw_hmon1333,new,hmongmien.new.0169
HmongNjua_hmon1264,new,hmongmien.new.0169
HmongNjua_hmon1264,new,hmongmien.new.0169
IuMien_iumi1238,new,hmongmien.new.0168
IuMien_iumi1238,new,hmongmien.new.0168
IuMien_iumi1238,new,hmongmien.new.0168
IuMien_iumi1238,new,hmongmien.new.0168
JiongnaiBunu_jion1236,new,hmongmien.new.0167
JiongnaiBunu_jion1236,new,hmongmien.new.0173
KimMun_kimm1245,new,hmongmien.new.0170
KimMun_kimm1245,new,hmongmien.new.0170
NorthernQiandongMiao_nort2747,new,hmongmien.new.0171
NorthernQiandongMiao_nort2747,new,hmongmien.new.0171
NorthernQiandongMiao_nort2747,new,hmongmien.new.0171
Pa-Hng_pahn1237,new,hmongmien.new.0170
Pa-Hng_pahn1237,new,hmongmien.new.0170
She_shee1238,new,hmongmien.new.0167
She_shee1238,new,hmongmien.new.0169
She_shee1238,new,hmongmien.new.0169
She_shee1238,new,hmongmien.new.0169
WesternXiangxiMiao_west2430,new,hmongmien.new.0166
WesternXiangxiMiao_west2430,new,hmongmien.new.0166
WesternXiangxiMiao_west2430,new,hmongmien.new.0166
WesternXiangxiMiao_west2430,new,hmongmien.new.0170
YounuoBunu_youn1235,new,hmongmien.new.0172
YounuoBunu_youn1235,new,hmongmien.new.0174
Biao-JiaoMien_biao1254,night,hmongmien.night.0176
BiaoMon_biao1256,night,?
Bu-NaoBunu_buna1273,night,hmongmien.night.0175
Bu-NaoBunu_buna1273,night,hmongmien.night.0175
Bu-NaoBunu_buna1273,night,hmongmien.night.0176
DzaoMin_dzao1238,night,hmongmien.night.0176
HmongDaw_hmon1333,night,hmongmien.night.0176
HmongDaw_hmon1333,night,hmongmien.night.0176
HmongNjua_hmon1264,night,hmongmien.night.0176
HmongNjua_hmon1264,night,hmongmien.night.0176
IuMien_iumi1238,night,hmongmien.night.0176
IuMien_iumi1238,night,hmongmien.night.0176
IuMien_iumi1238,night,hmongmien.night.0176
IuMien_iumi1238,night,hmongmien.night.0182
JiongnaiBunu_jion1236,night,hmongmien.night.0175
JiongnaiBunu_jion1236,night,hmongmien.night.0175
KimMun_kimm1245,night,hmongmien.night.0175
KimMun_kimm1245,night,hmongmien.night.0176
NorthernQiandongMiao_nort2747,night,hmongmien.night.0176
NorthernQiandongMiao_nort2747,night,hmongmien.night.0176
NorthernQiandongMiao_nort2747,night,hmongmien.night.0178
Pa-Hng_pahn1237,night,hmongmien.night.0176
Pa-Hng_pahn1237,night,hmongmien.night.0177
She_shee1238,night,hmongmien.night.0176
She_shee1238,night,hmongmien.night.0176
She_shee1238,night,hmongmien.night.0180
She_shee1238,night,hmongmien.night.0180
She_shee1238,night,hmongmien.night.0183
WesternXiangxiMiao_west2430,night,hmongmien.night.0176
WesternXiangxiMiao_west2430,night,hmongmien.night.0176
WesternXiangxiMiao_west2430,night,hmongmien.night.0176
WesternXiangxiMiao_west2430,night,hmongmien.night.0181
YounuoBunu_youn1235,night,hmongmien.night.0179
Biao-JiaoMien_biao1254,nose,hmongmien.nose.0185
BiaoMon_biao1256,nose,hmongmien.nose.0185
BiaoMon_biao1256,nose,hmongmien.nose.0188
Bu-NaoBunu_buna1273,nose,hmongmien.nose.0184
Bu-NaoBunu_buna1273,nose,hmongmien.nose.0185
Bu-NaoBunu_buna1273,nose,hmongmien.nose.0185
Bu-NaoBunu_buna1273,nose,hmongmien.nose.0189
Bu-NaoBunu_buna1273,nose,hmongmien.nose.0192
DzaoMin_dzao1238,nose,hmongmien.nose.0187
HmongDaw_hmon1333,nose,hmongmien.nose.0186
HmongDaw_hmon1333,nose,hmongmien.nose.0186
HmongNjua_hmon1264,nose,hmongmien.nose.0186
HmongNjua_hmon1264,nose,hmongmien.nose.0186
IuMien_iumi1238,nose,hmongmien.nose.0185
IuMien_iumi1238,nose,hmongmien.nose.0185
IuMien_iumi1238,nose,hmongmien.nose.0187
IuMien_iumi1238,nose,hmongmien.nose.0193
IuMien_iumi1238,nose,hmongmien.nose.0193
JiongnaiBunu_jion1236,nose,hmongmien.nose.0185
JiongnaiBunu_jion1236,nose,hmongmien.nose.0185
KimMun_kimm1245,nose,hmongmien.nose.0185
KimMun_kimm1245,nose,hmongmien.nose.0190
KimMun_kimm1245,nose,hmongmien.nose.0190
NorthernQiandongMiao_nort2747,nose,hmongmien.nose.0191
NorthernQiandongMiao_nort2747,nose,hmongmien.nose.0192
Pa-Hng_pahn1237,nose,hmongmien.nose.0185
Pa-Hng_pahn1237,nose,hmongmien.nose.0186
Pa-Hng_pahn1237,nose,hmongmien.nose.0192
She_shee1238,nose,hmongmien.nose.0185
She_shee1238,nose,hmongmien.nose.0189
She_shee1238,nose,hmongmien.nose.0189
She_shee1238,nose,hmongmien.nose.0189
WesternXiangxiMiao_west2430,nose,hmongmien.nose.0191
WesternXiangxiMiao_west2430,nose,hmongmien.nose.0191
WesternXiangxiMiao_west2430,nose,hmongmien.nose.0191
WesternXiangxiMiao_west2430,nose,hmongmien.nose.0192
WesternXiangxiMiao_west2430,nose,hmongmien.nose.0192
YounuoBunu_youn1235,nose,hmongmien.nose.0189
YounuoBunu_youn1235,nose,hmongmien.nose.0189
Biao-JiaoMien_biao1254,one,hmongmien.one.0195
BiaoMon_biao1256,one,hmongmien.one.0194
BiaoMon_biao1256,one,hmongmien.one.0194
Bu-NaoBunu_buna1273,one,hmongmien.one.0195
Bu-NaoBunu_buna1273,one,hmongmien.one.0195
Bu-NaoBunu_buna1273,one,hmongmien.one.0197
DzaoMin_dzao1238,one,hmongmien.one.0195
HmongDaw_hmon1333,one,hmongmien.one.0195
HmongDaw_hmon1333,one,hmongmien.one.0195
HmongNjua_hmon1264,one,hmongmien.one.0195
IuMien_iumi1238,one,hmongmien.one.0196
IuMien_iumi1238,one,hmongmien.one.0196
IuMien_iumi1238,one,hmongmien.one.0196
IuMien_iumi1238,one,hmongmien.one.0196
JiongnaiBunu_jion1236,one,hmongmien.one.0195
JiongnaiBunu_jion1236,one,hmongmien.one.0195
KimMun_kimm1245,one,hmongmien.one.0195
KimMun_kimm1245,one,hmongmien.one.0196
NorthernQiandongMiao_nort2747,one,hmongmien.one.0195
NorthernQiandongMiao_nort2747,one,hmongmien.one.0195
Pa-Hng_pahn1237,one,hmongmien.one.0195
Pa-Hng_pahn1237,one,hmongmien.one.0196
She_shee1238,one,hmongmien.one.0195
WesternXiangxiMiao_west2430,one,hmongmien.one.0195
WesternXiangxiMiao_west2430,one,hmongmien.one.0195
WesternXiangxiMiao_west2430,one,hmongmien.one.0195
YounuoBunu_youn1235,one,hmongmien.one.0196
YounuoBunu_youn1235,one,hmongmien.one.0198
Biao-JiaoMien_biao1254,path,hmongmien.path.0199
BiaoMon_biao1256,path,hmongmien.path.0199
BiaoMon_biao1256,path,hmongmien.path.0199
Bu-NaoBunu_buna1273,path,hmongmien.path.0199
Bu-NaoBunu_buna1273,path,hmongmien.path.0199
Bu-NaoBunu_buna1273,path,hmongmien.path.0199
Bu-NaoBunu_buna1273,path,hmongmien.path.0199
DzaoMin_dzao1238,path,hmongmien.path.0199
HmongDaw_hmon1333,path,hmongmien.path.0199
HmongDaw_hmon1333,path,hmongmien.path.0199
HmongDaw_hmon1333,path,hmongmien.path.0199
HmongNjua_hmon1264,path,hmongmien.path.0199
IuMien_iumi1238,path,hmongmien.path.0199
IuMien_iumi1238,path,hmongmien.path.0200
IuMien_iumi1238,path,hmongmien.path.0200
IuMien_iumi1238,path,hmongmien.path.0200
JiongnaiBunu_jion1236,path,hmongmien.path.0199
JiongnaiBunu_jion1236,path,hmongmien.path.0199
KimMun_kimm1245,path,hmongmien.path.0199
KimMun_kimm1245,path,hmongmien.path.0199
NorthernQiandongMiao_nort2747,path,hmongmien.path.0199
NorthernQiandongMiao_nort2747,path,hmongmien.path.0199
NorthernQiandongMiao_nort2747,path,hmongmien.path.0199
Pa-Hng_pahn1237,path,hmongmien.path.0199
Pa-Hng_pahn1237,path,hmongmien.path.0199
She_shee1238,path,hmongmien.path.0199
She_shee1238,path,hmongmien.path.0199
She_shee1238,path,hmongmien.path.0199
She_shee1238,path,hmongmien.path.0199
WesternXiangxiMiao_west2430,path,hmongmien.path.0199
WesternXiangxiMiao_west2430,path,hmongmien.path.0199
WesternXiangxiMiao_west2430,path,hmongmien.path.0199
WesternXiangxiMiao_west2430,path,hmongmien.path.0201
WesternXiangxiMiao_west2430,path,hmongmien.path.0201
YounuoBunu_youn1235,path,hmongmien.path.0199
YounuoBunu_youn1235,path,hmongmien.path.0199
Biao-JiaoMien_biao1254,person,hmongmien.person.0203
BiaoMon_biao1256,person,hmongmien.person.0203
BiaoMon_biao1256,person,hmongmien.person.0203
Bu-NaoBunu_buna1273,person,hmongmien.person.0202
Bu-NaoBunu_buna1273,person,hmongmien.person.0202
Bu-NaoBunu_buna1273,person,hmongmien.person.0202
Bu-NaoBunu_buna1273,person,hmongmien.person.0202
DzaoMin_dzao1238,person,hmongmien.person.0203
HmongDaw_hmon1333,person,hmongmien.person.0204
HmongDaw_hmon1333,person,hmongmien.person.0204
HmongNjua_hmon1264,person,hmongmien.person.0204
HmongNjua_hmon1264,person,hmongmien.person.0204
IuMien_iumi1238,person,hmongmien.person.0203
IuMien_iumi1238,person,hmongmien.person.0203
IuMien_iumi1238,person,hmongmien.person.0203
IuMien_iumi1238,person,hmongmien.person.0203
IuMien_iumi1238,person,hmongmien.person.0204
JiongnaiBunu_jion1236,person,hmongmien.person.0202
JiongnaiBunu_jion1236,person,hmongmien.person.0204
KimMun_kimm1245,person,hmongmien.person.0203
KimMun_kimm1245,person,hmongmien.person.0203
NorthernQiandongMiao_nort2747,person,hmongmien.person.0202
NorthernQiandongMiao_nort2747,person,hmongmien.person.0202
NorthernQiandongMiao_nort2747,person,hmongmien.person.0202
Pa-Hng_pahn1237,person,hmongmien.person.0205
Pa-Hng_pahn1237,person,hmongmien.person.0206
She_shee1238,person,hmongmien.person.0202
She_shee1238,person,hmongmien.person.0202
She_shee1238,person,hmongmien.person.0202
She_shee1238,person,hmongmien.person.0202
WesternXiangxiMiao_west2430,person,hmongmien.person.0202
WesternXiangxiMiao_west2430,person,hmongmien.person.0202
WesternXiangxiMiao_west2430,person,hmongmien.person.0202
WesternXiangxiMiao_west2430,person,hmongmien.person.0202
YounuoBunu_youn1235,person,hmongmien.person.0202
YounuoBunu_youn1235,person,hmongmien.person.0202
Biao-JiaoMien_biao1254,see,hmongmien.see.0208
Biao-JiaoMien_biao1254,see,hmongmien.see.0209
BiaoMon_biao1256,see,hmongmien.see.0207
BiaoMon_biao1256,see,hmongmien.see.0208
Bu-NaoBunu_buna1273,see,hmongmien.see.0207
Bu-NaoBunu_buna1273,see,hmongmien.see.0207
Bu-NaoBunu_buna1273,see,hmongmien.see.0207
Bu-NaoBunu_buna1273,see,hmongmien.see.0209
Bu-NaoBunu_buna1273,see,hmongmien.see.0209
Bu-NaoBunu_buna1273,see,hmongmien.see.0214
Bu-NaoBunu_buna1273,see,hmongmien.see.0214
DzaoMin_dzao1238,see,hmongmien.see.0208
HmongDaw_hmon1333,see,hmongmien.see.0209
HmongDaw_hmon1333,see,hmongmien.see.0209
HmongDaw_hmon1333,see,hmongmien.see.0214
HmongNjua_hmon1264,see,hmongmien.see.0208
HmongNjua_hmon1264,see,hmongmien.see.0209
IuMien_iumi1238,see,hmongmien.see.0208
IuMien_iumi1238,see,hmongmien.see.0208
IuMien_iumi1238,see,hmongmien.see.0208
IuMien_iumi1238,see,hmongmien.see.0208
IuMien_iumi1238,see,hmongmien.see.0209
JiongnaiBunu_jion1236,see,hmongmien.see.0208
JiongnaiBunu_jion1236,see,hmongmien.see.0208
JiongnaiBunu_jion1236,see,hmongmien.see.0209
JiongnaiBunu_jion1236,see,hmongmien.see.0216
KimMun_kimm1245,see,hmongmien.see.0208
KimMun_kimm1245,see,hmongmien.see.0210
NorthernQiandongMiao_nort2747,see,hmongmien.see.0209
NorthernQiandongMiao_nort2747,see,hmongmien.see.0209
NorthernQiandongMiao_nort2747,see,hmongmien.see.0211
Pa-Hng_pahn1237,see,hmongmien.see.0208
Pa-Hng_pahn1237,see,hmongmien.see.0209
Pa-Hng_pahn1237,see,hmongmien.see.0217
She_shee1238,see,hmongmien.see.0208
She_shee1238,see,hmongmien.see.0208
She_shee1238,see,hmongmien.see.0208
She_shee1238,see,hmongmien.see.0208
She_shee1238,see,hmongmien.see.0209
WesternXiangxiMiao_west2430,see,hmongmien.see.0212
WesternXiangxiMiao_west2430,see,hmongmien.see.0212
WesternXiangxiMiao_west2430,see,hmongmien.see.0213
WesternXiangxiMiao_west2430,see,hmongmien.see.0215
YounuoBunu_youn1235,see,hmongmien.see.0208
YounuoBunu_youn1235,see,hmongmien.see.0208
Biao-JiaoMien_biao1254,skin,hmongmien.skin.0223
BiaoMon_biao1256,skin,hmongmien.skin.0219
BiaoMon_biao1256,skin,hmongmien.skin.0223
Bu-NaoBunu_buna1273,skin,hmongmien.skin.0218
Bu-NaoBunu_buna1273,skin,hmongmien.skin.0218
Bu-NaoBunu_buna1273,skin,hmongmien.skin.0221
Bu-NaoBunu_buna1273,skin,hmongmien.skin.0222
Bu-NaoBunu_buna1273,skin,hmongmien.skin.0224
DzaoMin_dzao1238,skin,hmongmien.skin.0219
HmongDaw_hmon1333,skin,hmongmien.skin.0222
HmongNjua_hmon1264,skin,hmongmien.skin.0222
IuMien_iumi1238,skin,hmongmien.skin.0219
IuMien_iumi1238,skin,hmongmien.skin.0219
IuMien_iumi1238,skin,hmongmien.skin.0219
IuMien_iumi1238,skin,hmongmien.skin.0219
JiongnaiBunu_jion1236,skin,hmongmien.skin.0220
JiongnaiBunu_jion1236,skin,hmongmien.skin.0220
KimMun_kimm1245,skin,hmongmien.skin.0219
KimMun_kimm1245,skin,hmongmien.skin.0219
NorthernQiandongMiao_nort2747,skin,hmongmien.skin.0218
NorthernQiandongMiao_nort2747,skin,hmongmien.skin.0219
Pa-Hng_pahn1237,skin,hmongmien.skin.0224
Pa-Hng_pahn1237,skin,hmongmien.skin.0224
She_shee1238,skin,hmongmien.skin.0220
She_shee1238,skin,hmongmien.skin.0220
She_shee1238,skin,hmongmien.skin.0220
She_shee1238,skin,hmongmien.skin.0220
WesternXiangxiMiao_west2430,skin,hmongmien.skin.0222
WesternXiangxiMiao_west2430,skin,hmongmien.skin.0225
WesternXiangxiMiao_west2430,skin,hmongmien.skin.0225
WesternXiangxiMiao_west2430,skin,hmongmien.skin.0225
YounuoBunu_youn1235,skin,hmongmien.skin.0220
YounuoBunu_youn1235,skin,hmongmien.skin.0220
Biao-JiaoMien_biao1254,star,hmongmien.star.0231
BiaoMon_biao1256,star,hmongmien.star.0227
BiaoMon_biao1256,star,hmongmien.star.0231
Bu-NaoBunu_buna1273,star,hmongmien.star.0226
Bu-NaoBunu_buna1273,star,hmongmien.star.0226
Bu-NaoBunu_buna1273,star,hmongmien.star.0229
Bu-NaoBunu_buna1273,star,hmongmien.star.0229
DzaoMin_dzao1238,star,hmongmien.star.0230
HmongDaw_hmon1333,star,hmongmien.star.0226
HmongDaw_hmon1333,star,hmongmien.star.0229
HmongNjua_hmon1264,star,hmongmien.star.0226
HmongNjua_hmon1264,star,hmongmien.star.0229
IuMien_iumi1238,star,hmongmien.star.0227
IuMien_iumi1238,star,hmongmien.star.0227
IuMien_iumi1238,star,hmongmien.star.0227
IuMien_iumi1238,star,hmongmien.star.0235
IuMien_iumi1238,star,hmongmien.star.0236
JiongnaiBunu_jion1236,star,hmongmien.star.0234
JiongnaiBunu_jion1236,star,hmongmien.star.0234
JiongnaiBunu_jion1236,star,hmongmien.star.0237
KimMun_kimm1245,star,hmongmien.star.0231
KimMun_kimm1245,star,hmongmien.star.0231
NorthernQiandongMiao_nort2747,star,hmongmien.star.0226
NorthernQiandongMiao_nort2747,star,hmongmien.star.0229
NorthernQiandongMiao_nort2747,star,hmongmien.star.0229
Pa-Hng_pahn1237,star,hmongmien.star.0226
Pa-Hng_pahn1237,star,hmongmien.star.0229
She_shee1238,star,hmongmien.star.0228
She_shee1238,star,hmongmien.star.0228
She_shee1238,star,hmongmien.star.0228
She_shee1238,star,hmongmien.star.0228
WesternXiangxiMiao_west2430,star,hmongmien.star.0229
WesternXiangxiMiao_west2430,star,hmongmien.star.0233
WesternXiangxiMiao_west2430,star,hmongmien.star.0233
WesternXiangxiMiao_west2430,star,hmongmien.star.0233
YounuoBunu_youn1235,star,hmongmien.star.0232
YounuoBunu_youn1235,star,hmongmien.star.0232
Biao-JiaoMien_biao1254,stone,hmongmien.stone.0247
BiaoMon_biao1256,stone,hmongmien.stone.0239
BiaoMon_biao1256,stone,hmongmien.stone.0239
Bu-NaoBunu_buna1273,stone,hmongmien.stone.0238
Bu-NaoBunu_buna1273,stone,hmongmien.stone.0238
Bu-NaoBunu_buna1273,stone,hmongmien.stone.0242
Bu-NaoBunu_buna1273,stone,hmongmien.stone.0242
Bu-NaoBunu_buna1273,stone,hmongmien.stone.0242
DzaoMin_dzao1238,stone,hmongmien.stone.0242
HmongDaw_hmon1333,stone,hmongmien.stone.0242
HmongDaw_hmon1333,stone,hmongmien.stone.0242
HmongNjua_hmon1264,stone,hmongmien.stone.0242
HmongNjua_hmon1264,stone,hmongmien.stone.0242
IuMien_iumi1238,stone,hmongmien.stone.0239
IuMien_iumi1238,stone,hmongmien.stone.0241
IuMien_iumi1238,stone,hmongmien.stone.0241
IuMien_iumi1238,stone,hmongmien.stone.0243
IuMien_iumi1238,stone,hmongmien.stone.0248
JiongnaiBunu_jion1236,stone,hmongmien.stone.0242
JiongnaiBunu_jion1236,stone,hmongmien.stone.0242
KimMun_kimm1245,stone,hmongmien.stone.0239
KimMun_kimm1245,stone,hmongmien.stone.0244
NorthernQiandongMiao_nort2747,stone,hmongmien.stone.0242
NorthernQiandongMiao_nort2747,stone,hmongmien.stone.0242
NorthernQiandongMiao_nort2747,stone,hmongmien.stone.0242
Pa-Hng_pahn1237,stone,hmongmien.stone.0244
Pa-Hng_pahn1237,stone,hmongmien.stone.0246
She_shee1238,stone,hmongmien.stone.0240
She_shee1238,stone,hmongmien.stone.0240
She_shee1238,stone,hmongmien.stone.0240
She_shee1238,stone,hmongmien.stone.0240
She_shee1238,stone,hmongmien.stone.0240
WesternXiangxiMiao_west2430,stone,hmongmien.stone.0242
WesternXiangxiMiao_west2430,stone,hmongmien.stone.0242
WesternXiangxiMiao_west2430,stone,hmongmien.stone.0242
WesternXiangxiMiao_west2430,stone,hmongmien.stone.0244
WesternXiangxiMiao_west2430,stone,hmongmien.stone.0244
YounuoBunu_youn1235,stone,hmongmien.stone.0245
YounuoBunu_youn1235,stone,hmongmien.stone.0245
Biao-JiaoMien_biao1254,sun,hmongmien.sun.0251
BiaoMon_biao1256,sun,hmongmien.sun.0250
BiaoMon_biao1256,sun,hmongmien.sun.0252
Bu-NaoBunu_buna1273,sun,hmongmien.sun.0249
Bu-NaoBunu_buna1273,sun,hmongmien.sun.0251
Bu-NaoBunu_buna1273,sun,hmongmien.sun.0251
Bu-NaoBunu_buna1273,sun,hmongmien.sun.0251
Bu-NaoBunu_buna1273,sun,hmongmien.sun.0254
DzaoMin_dzao1238,sun,hmongmien.sun.0251
HmongDaw_hmon1333,sun,hmongmien.sun.0251
HmongNjua_hmon1264,sun,hmongmien.sun.0251
HmongNjua_hmon1264,sun,hmongmien.sun.0251
IuMien_iumi1238,sun,hmongmien.sun.0251
IuMien_iumi1238,sun,hmongmien.sun.0251
IuMien_iumi1238,sun,hmongmien.sun.0251
IuMien_iumi1238,sun,hmongmien.sun.0255
JiongnaiBunu_jion1236,sun,hmongmien.sun.0251
JiongnaiBunu_jion1236,sun,hmongmien.sun.0251
KimMun_kimm1245,sun,hmongmien.sun.0251
KimMun_kimm1245,sun,hmongmien.sun.0253
NorthernQiandongMiao_nort2747,sun,hmongmien.sun.0251
NorthernQiandongMiao_nort2747,sun,hmongmien.sun.0251
NorthernQiandongMiao_nort2747,sun,hmongmien.sun.0251
Pa-Hng_pahn1237,sun,hmongmien.sun.0251
She_shee1238,sun,hmongmien.sun.0251
She_shee1238,sun,hmongmien.sun.0251
WesternXiangxiMiao_west2430,sun,hmongmien.sun.0251
WesternXiangxiMiao_west2430,sun,hmongmien.sun.0251
WesternXiangxiMiao_west2430,sun,hmongmien.sun.0251
WesternXiangxiMiao_west2430,sun,hmongmien.sun.0251
YounuoBunu_youn1235,sun,hmongmien.sun.0251
YounuoBunu_youn1235,sun,hmongmien.sun.0251
Biao-JiaoMien_biao1254,tongue,hmongmien.tongue.0258
BiaoMon_biao1256,tongue,hmongmien.tongue.0257
BiaoMon_biao1256,tongue,hmongmien.tongue.0258
Bu-NaoBunu_buna1273,tongue,hmongmien.tongue.0256
Bu-NaoBunu_buna1273,tongue,hmongmien.tongue.0256
Bu-NaoBunu_buna1273,tongue,hmongmien.tongue.0262
Bu-NaoBunu_buna1273,tongue,hmongmien.tongue.0262
Bu-NaoBunu_buna1273,tongue,hmongmien.tongue.0264
Bu-NaoBunu_buna1273,tongue,hmongmien.tongue.0265
DzaoMin_dzao1238,tongue,hmongmien.tongue.0259
HmongDaw_hmon1333,tongue,hmongmien.tongue.0258
HmongDaw_hmon1333,tongue,hmongmien.tongue.0258
HmongNjua_hmon1264,tongue,hmongmien.tongue.0258
IuMien_iumi1238,tongue,hmongmien.tongue.0259
IuMien_iumi1238,tongue,hmongmien.tongue.0259
IuMien_iumi1238,tongue,hmongmien.tongue.0259
IuMien_iumi1238,tongue,hmongmien.tongue.0259
JiongnaiBunu_jion1236,tongue,hmongmien.tongue.0258
JiongnaiBunu_jion1236,tongue,hmongmien.tongue.0258
KimMun_kimm1245,tongue,hmongmien.tongue.0259
KimMun_kimm1245,tongue,hmongmien.tongue.0259
NorthernQiandongMiao_nort2747,tongue,hmongmien.tongue.0256
NorthernQiandongMiao_nort2747,tongue,hmongmien.tongue.0264
NorthernQiandongMiao_nort2747,tongue,hmongmien.tongue.0264
Pa-Hng_pahn1237,tongue,hmongmien.tongue.0258
Pa-Hng_pahn1237,tongue,hmongmien.tongue.0260
She_shee1238,tongue,hmongmien.tongue.0258
She_shee1238,tongue,hmongmien.tongue.0258
She_shee1238,tongue,hmongmien.tongue.0258
She_shee1238,tongue,hmongmien.tongue.0258
WesternXiangxiMiao_west2430,tongue,hmongmien.tongue.0261
WesternXiangxiMiao_west2430,tongue,hmongmien.tongue.0261
WesternXiangxiMiao_west2430,tongue,hmongmien.tongue.0261
WesternXiangxiMiao_west2430,tongue,hmongmien.tongue.0263
YounuoBunu_youn1235,tongue,hmongmien.tongue.0261
YounuoBunu_youn1235,tongue,hmongmien.tongue.0261
Biao-JiaoMien_biao1254,tooth,hmongmien.tooth.0267
BiaoMon_biao1256,tooth,hmongmien.tooth.0267
BiaoMon_biao1256,tooth,hmongmien.tooth.0268
Bu-NaoBunu_buna1273,tooth,hmongmien.tooth.0266
Bu-NaoBunu_buna1273,tooth,hmongmien.tooth.0266
Bu-NaoBunu_buna1273,tooth,hmongmien.tooth.0266
Bu-NaoBunu_buna1273,tooth,hmongmien.tooth.0266
Bu-NaoBunu_buna1273,tooth,hmongmien.tooth.0266
DzaoMin_dzao1238,tooth,hmongmien.tooth.0267
HmongDaw_hmon1333,tooth,hmongmien.tooth.0267
HmongDaw_hmon1333,tooth,hmongmien.tooth.0267
HmongNjua_hmon1264,tooth,hmongmien.tooth.0267
IuMien_iumi1238,tooth,hmongmien.tooth.0266
IuMien_iumi1238,tooth,hmongmien.tooth.0267
IuMien_iumi1238,tooth,hmongmien.tooth.0267
IuMien_iumi1238,tooth,hmongmien.tooth.0267
JiongnaiBunu_jion1236,tooth,hmongmien.tooth.0266
JiongnaiBunu_jion1236,tooth,hmongmien.tooth.0266
KimMun_kimm1245,tooth,hmongmien.tooth.0267
KimMun_kimm1245,tooth,hmongmien.tooth.0267
NorthernQiandongMiao_nort2747,tooth,hmongmien.tooth.0266
NorthernQiandongMiao_nort2747,tooth,hmongmien.tooth.0266
NorthernQiandongMiao_nort2747,tooth,hmongmien.tooth.0266
Pa-Hng_pahn1237,tooth,hmongmien.tooth.0267
Pa-Hng_pahn1237,tooth,hmongmien.tooth.0267
She_shee1238,tooth,hmongmien.tooth.0266
She_shee1238,tooth,hmongmien.tooth.0266
She_shee1238,tooth,hmongmien.tooth.0266
She_shee1238,tooth,hmongmien.tooth.0266
WesternXiangxiMiao_west2430,tooth,hmongmien.tooth.0270
WesternXiangxiMiao_west2430,tooth,hmongmien.tooth.0270
WesternXiangxiMiao_west2430,tooth,hmongmien.tooth.0270
WesternXiangxiMiao_west2430,tooth,hmongmien.tooth.0270
YounuoBunu_youn1235,tooth,hmongmien.tooth.0269
YounuoBunu_youn1235,tooth,hmongmien.tooth.0269
Biao-JiaoMien_biao1254,tree,hmongmien.tree.0271
BiaoMon_biao1256,tree,hmongmien.tree.0271
BiaoMon_biao1256,tree,hmongmien.tree.0271
Bu-NaoBunu_buna1273,tree,hmongmien.tree.0271
Bu-NaoBunu_buna1273,tree,hmongmien.tree.0271
Bu-NaoBunu_buna1273,tree,hmongmien.tree.0271
Bu-NaoBunu_buna1273,tree,hmongmien.tree.0271
DzaoMin_dzao1238,tree,hmongmien.tree.0271
HmongDaw_hmon1333,tree,hmongmien.tree.0271
HmongNjua_hmon1264,tree,hmongmien.tree.0271
HmongNjua_hmon1264,tree,hmongmien.tree.0271
IuMien_iumi1238,tree,hmongmien.tree.0271
IuMien_iumi1238,tree,hmongmien.tree.0271
IuMien_iumi1238,tree,hmongmien.tree.0271
IuMien_iumi1238,tree,hmongmien.tree.0271
JiongnaiBunu_jion1236,tree,hmongmien.tree.0271
JiongnaiBunu_jion1236,tree,hmongmien.tree.0271
KimMun_kimm1245,tree,hmongmien.tree.0271
NorthernQiandongMiao_nort2747,tree,hmongmien.tree.0271
NorthernQiandongMiao_nort2747,tree,hmongmien.tree.0271
NorthernQiandongMiao_nort2747,tree,hmongmien.tree.0271
Pa-Hng_pahn1237,tree,hmongmien.tree.0274
She_shee1238,tree,hmongmien.tree.0271
She_shee1238,tree,hmongmien.tree.0271
WesternXiangxiMiao_west2430,tree,hmongmien.tree.0271
WesternXiangxiMiao_west2430,tree,hmongmien.tree.0273
WesternXiangxiMiao_west2430,tree,hmongmien.tree.0273
WesternXiangxiMiao_west2430,tree,hmongmien.tree.0273
YounuoBunu_youn1235,tree,hmongmien.tree.0272
Biao-JiaoMien_biao1254,two,hmongmien.two.0276
BiaoMon_biao1256,two,hmongmien.two.0276
Bu-NaoBunu_buna1273,two,hmongmien.two.0276
Bu-NaoBunu_buna1273,two,hmongmien.two.0276
Bu-NaoBunu_buna1273,two,hmongmien.two.0276
Bu-NaoBunu_buna1273,two,hmongmien.two.0279
DzaoMin_dzao1238,two,hmongmien.two.0277
HmongDaw_hmon1333,two,hmongmien.two.0275
HmongDaw_hmon1333,two,hmongmien.two.0275
HmongNjua_hmon1264,two,hmongmien.two.0275
IuMien_iumi1238,two,hmongmien.two.0275
IuMien_iumi1238,two,hmongmien.two.0275
IuMien_iumi1238,two,hmongmien.two.0275
JiongnaiBunu_jion1236,two,hmongmien.two.0275
JiongnaiBunu_jion1236,two,hmongmien.two.0275
KimMun_kimm1245,two,hmongmien.two.0275
NorthernQiandongMiao_nort2747,two,hmongmien.two.0275
NorthernQiandongMiao_nort2747,two,hmongmien.two.0275
Pa-Hng_pahn1237,two,hmongmien.two.0278
Pa-Hng_pahn1237,two,hmongmien.two.0278
She_shee1238,two,hmongmien.two.0275
WesternXiangxiMiao_west2430,two,hmongmien.two.0275
WesternXiangxiMiao_west2430,two,hmongmien.two.0275
WesternXiangxiMiao_west2430,two,hmongmien.two.0275
YounuoBunu_youn1235,two,hmongmien.two.0278
Biao-JiaoMien_biao1254,water,hmongmien.water.0280
BiaoMon_biao1256,water,hmongmien.water.0280
BiaoMon_biao1256,water,hmongmien.water.0281
Bu-NaoBunu_buna1273,water,hmongmien.water.0280
Bu-NaoBunu_buna1273,water,hmongmien.water.0280
Bu-NaoBunu_buna1273,water,hmongmien.water.0280
Bu-NaoBunu_buna1273,water,hmongmien.water.0284
DzaoMin_dzao1238,water,hmongmien.water.0282
HmongDaw_hmon1333,water,hmongmien.water.0283
HmongDaw_hmon1333,water,hmongmien.water.0283
HmongNjua_hmon1264,water,hmongmien.water.0283
HmongNjua_hmon1264,water,hmongmien.water.0283
IuMien_iumi1238,water,hmongmien.water.0281
IuMien_iumi1238,water,hmongmien.water.0281
IuMien_iumi1238,water,hmongmien.water.0281
IuMien_iumi1238,water,hmongmien.water.0281
JiongnaiBunu_jion1236,water,hmongmien.water.0280
JiongnaiBunu_jion1236,water,hmongmien.water.0280
KimMun_kimm1245,water,hmongmien.water.0281
KimMun_kimm1245,water,hmongmien.water.0281
NorthernQiandongMiao_nort2747,water,hmongmien.water.0284
NorthernQiandongMiao_nort2747,water,hmongmien.water.0284
Pa-Hng_pahn1237,water,hmongmien.water.0280
Pa-Hng_pahn1237,water,hmongmien.water.0284
She_shee1238,water,hmongmien.water.0280
She_shee1238,water,hmongmien.water.0280
She_shee1238,water,hmongmien.water.0280
She_shee1238,water,hmongmien.water.0280
WesternXiangxiMiao_west2430,water,hmongmien.water.0284
WesternXiangxiMiao_west2430,water,hmongmien.water.0284
WesternXiangxiMiao_west2430,water,hmongmien.water.0284
YounuoBunu_youn1235,water,hmongmien.water.0280
YounuoBunu_youn1235,water,hmongmien.water.0280
