Language_ID,Feature_ID,Value
CentralOkinawan_cent2126,1pl,japonic.1pl.0001
CentralOkinawan_cent2126,1pl,japonic.1pl.0001
CentralOkinawan_cent2126,1pl,japonic.1pl.0001
CentralOkinawan_cent2126,1pl,japonic.1pl.0001
CentralOkinawan_cent2126,1pl,japonic.1pl.0001
Japanese_nucl1643,1pl,japonic.1pl.0001
Japanese_nucl1643,1pl,japonic.1pl.0001
Japanese_nucl1643,1pl,japonic.1pl.0006
Japanese_nucl1643,1pl,japonic.1pl.0007
Japanese_nucl1643,1pl,japonic.1pl.0007
Japanese_nucl1643,1pl,japonic.1pl.0008
Japanese_nucl1643,1pl,japonic.1pl.0009
Kikai_kika1239,1pl,japonic.1pl.0001
Kunigami_kuni1268,1pl,japonic.1pl.0001
Kunigami_kuni1268,1pl,japonic.1pl.0001
Miyako_miya1259,1pl,japonic.1pl.0001
Miyako_miya1259,1pl,japonic.1pl.0001
Miyako_miya1259,1pl,japonic.1pl.0001
Miyako_miya1259,1pl,japonic.1pl.0001
Miyako_miya1259,1pl,japonic.1pl.0002
NorthernAmami-Oshima_nort2935,1pl,japonic.1pl.0005
NorthernAmami-Oshima_nort2935,1pl,japonic.1pl.0005
Toku-No-Shima_toku1246,1pl,japonic.1pl.0005
Yaeyama_yaey1239,1pl,japonic.1pl.0001
Yaeyama_yaey1239,1pl,japonic.1pl.0001
Yaeyama_yaey1239,1pl,japonic.1pl.0001
Yaeyama_yaey1239,1pl,japonic.1pl.0001
Yaeyama_yaey1239,1pl,japonic.1pl.0001
Yaeyama_yaey1239,1pl,japonic.1pl.0003
Yaeyama_yaey1239,1pl,japonic.1pl.0004
Yaeyama_yaey1239,1pl,japonic.1pl.0005
Yonaguni_yona1241,1pl,japonic.1pl.0001
Yoron_yoro1243,1pl,japonic.1pl.0001
CentralOkinawan_cent2126,1sg,japonic.1sg.0010
CentralOkinawan_cent2126,1sg,japonic.1sg.0010
CentralOkinawan_cent2126,1sg,japonic.1sg.0010
CentralOkinawan_cent2126,1sg,japonic.1sg.0010
CentralOkinawan_cent2126,1sg,japonic.1sg.0010
Japanese_nucl1643,1sg,japonic.1sg.0010
Japanese_nucl1643,1sg,japonic.1sg.0012
Japanese_nucl1643,1sg,japonic.1sg.0012
Japanese_nucl1643,1sg,japonic.1sg.0013
Japanese_nucl1643,1sg,japonic.1sg.0014
Kikai_kika1239,1sg,japonic.1sg.0010
Kunigami_kuni1268,1sg,japonic.1sg.0010
Kunigami_kuni1268,1sg,japonic.1sg.0010
Miyako_miya1259,1sg,japonic.1sg.0010
Miyako_miya1259,1sg,japonic.1sg.0010
Miyako_miya1259,1sg,japonic.1sg.0010
Miyako_miya1259,1sg,japonic.1sg.0010
Miyako_miya1259,1sg,japonic.1sg.0011
NorthernAmami-Oshima_nort2935,1sg,japonic.1sg.0010
NorthernAmami-Oshima_nort2935,1sg,japonic.1sg.0010
Toku-No-Shima_toku1246,1sg,japonic.1sg.0010
Yaeyama_yaey1239,1sg,japonic.1sg.0010
Yaeyama_yaey1239,1sg,japonic.1sg.0010
Yaeyama_yaey1239,1sg,japonic.1sg.0010
Yaeyama_yaey1239,1sg,japonic.1sg.0010
Yaeyama_yaey1239,1sg,japonic.1sg.0010
Yaeyama_yaey1239,1sg,japonic.1sg.0010
Yaeyama_yaey1239,1sg,japonic.1sg.0010
Yaeyama_yaey1239,1sg,japonic.1sg.0010
Yonaguni_yona1241,1sg,japonic.1sg.0010
Yoron_yoro1243,1sg,japonic.1sg.0010
CentralOkinawan_cent2126,2sg,japonic.2sg.0015
CentralOkinawan_cent2126,2sg,japonic.2sg.0015
CentralOkinawan_cent2126,2sg,japonic.2sg.0015
CentralOkinawan_cent2126,2sg,japonic.2sg.0018
CentralOkinawan_cent2126,2sg,japonic.2sg.0018
Japanese_nucl1643,2sg,japonic.2sg.0016
Japanese_nucl1643,2sg,japonic.2sg.0016
Japanese_nucl1643,2sg,japonic.2sg.0019
Japanese_nucl1643,2sg,japonic.2sg.0020
Japanese_nucl1643,2sg,japonic.2sg.0025
Japanese_nucl1643,2sg,japonic.2sg.0029
Kikai_kika1239,2sg,japonic.2sg.0018
Kunigami_kuni1268,2sg,japonic.2sg.0015
Kunigami_kuni1268,2sg,japonic.2sg.0018
Miyako_miya1259,2sg,japonic.2sg.0016
Miyako_miya1259,2sg,japonic.2sg.0017
Miyako_miya1259,2sg,japonic.2sg.0017
Miyako_miya1259,2sg,japonic.2sg.0017
Miyako_miya1259,2sg,japonic.2sg.0017
NorthernAmami-Oshima_nort2935,2sg,japonic.2sg.0015
NorthernAmami-Oshima_nort2935,2sg,japonic.2sg.0024
Toku-No-Shima_toku1246,2sg,japonic.2sg.0015
Yaeyama_yaey1239,2sg,japonic.2sg.0018
Yaeyama_yaey1239,2sg,japonic.2sg.0018
Yaeyama_yaey1239,2sg,japonic.2sg.0021
Yaeyama_yaey1239,2sg,japonic.2sg.0022
Yaeyama_yaey1239,2sg,japonic.2sg.0023
Yaeyama_yaey1239,2sg,japonic.2sg.0026
Yaeyama_yaey1239,2sg,japonic.2sg.0027
Yaeyama_yaey1239,2sg,japonic.2sg.0028
Yonaguni_yona1241,2sg,japonic.2sg.0016
Yoron_yoro1243,2sg,japonic.2sg.0018
CentralOkinawan_cent2126,blood,japonic.blood.0030
CentralOkinawan_cent2126,blood,japonic.blood.0030
CentralOkinawan_cent2126,blood,japonic.blood.0030
CentralOkinawan_cent2126,blood,japonic.blood.0030
CentralOkinawan_cent2126,blood,japonic.blood.0030
Japanese_nucl1643,blood,japonic.blood.0030
Japanese_nucl1643,blood,japonic.blood.0030
Japanese_nucl1643,blood,japonic.blood.0030
Japanese_nucl1643,blood,japonic.blood.0030
Kikai_kika1239,blood,japonic.blood.0030
Kunigami_kuni1268,blood,japonic.blood.0030
Kunigami_kuni1268,blood,japonic.blood.0030
Miyako_miya1259,blood,japonic.blood.0031
Miyako_miya1259,blood,japonic.blood.0031
Miyako_miya1259,blood,japonic.blood.0031
Miyako_miya1259,blood,japonic.blood.0031
Miyako_miya1259,blood,japonic.blood.0031
NorthernAmami-Oshima_nort2935,blood,japonic.blood.0030
NorthernAmami-Oshima_nort2935,blood,japonic.blood.0030
Toku-No-Shima_toku1246,blood,japonic.blood.0030
Yaeyama_yaey1239,blood,japonic.blood.0030
Yaeyama_yaey1239,blood,japonic.blood.0030
Yaeyama_yaey1239,blood,japonic.blood.0030
Yaeyama_yaey1239,blood,japonic.blood.0030
Yaeyama_yaey1239,blood,japonic.blood.0030
Yaeyama_yaey1239,blood,japonic.blood.0030
Yaeyama_yaey1239,blood,japonic.blood.0030
Yaeyama_yaey1239,blood,japonic.blood.0030
Yonaguni_yona1241,blood,japonic.blood.0030
Yoron_yoro1243,blood,japonic.blood.0030
CentralOkinawan_cent2126,bone,japonic.bone.0032
CentralOkinawan_cent2126,bone,japonic.bone.0032
CentralOkinawan_cent2126,bone,japonic.bone.0032
CentralOkinawan_cent2126,bone,japonic.bone.0032
CentralOkinawan_cent2126,bone,japonic.bone.0032
Japanese_nucl1643,bone,japonic.bone.0032
Japanese_nucl1643,bone,japonic.bone.0032
Japanese_nucl1643,bone,japonic.bone.0032
Japanese_nucl1643,bone,japonic.bone.0032
Kikai_kika1239,bone,japonic.bone.0032
Kunigami_kuni1268,bone,japonic.bone.0032
Kunigami_kuni1268,bone,japonic.bone.0032
Miyako_miya1259,bone,japonic.bone.0032
Miyako_miya1259,bone,japonic.bone.0032
Miyako_miya1259,bone,japonic.bone.0032
Miyako_miya1259,bone,japonic.bone.0032
Miyako_miya1259,bone,japonic.bone.0032
NorthernAmami-Oshima_nort2935,bone,japonic.bone.0032
NorthernAmami-Oshima_nort2935,bone,japonic.bone.0033
Toku-No-Shima_toku1246,bone,japonic.bone.0032
Yaeyama_yaey1239,bone,japonic.bone.0032
Yaeyama_yaey1239,bone,japonic.bone.0032
Yaeyama_yaey1239,bone,japonic.bone.0032
Yaeyama_yaey1239,bone,japonic.bone.0032
Yaeyama_yaey1239,bone,japonic.bone.0032
Yaeyama_yaey1239,bone,japonic.bone.0032
Yaeyama_yaey1239,bone,japonic.bone.0032
Yaeyama_yaey1239,bone,japonic.bone.0032
Yonaguni_yona1241,bone,japonic.bone.0032
Yoron_yoro1243,bone,japonic.bone.0032
CentralOkinawan_cent2126,breast,japonic.breast.0034
CentralOkinawan_cent2126,breast,japonic.breast.0034
CentralOkinawan_cent2126,breast,japonic.breast.0034
CentralOkinawan_cent2126,breast,japonic.breast.0034
CentralOkinawan_cent2126,breast,japonic.breast.0034
CentralOkinawan_cent2126,breast,japonic.breast.0036
CentralOkinawan_cent2126,breast,japonic.breast.0036
CentralOkinawan_cent2126,breast,japonic.breast.0040
Japanese_nucl1643,breast,japonic.breast.0038
Japanese_nucl1643,breast,japonic.breast.0039
Japanese_nucl1643,breast,japonic.breast.0039
Japanese_nucl1643,breast,japonic.breast.0039
Japanese_nucl1643,breast,japonic.breast.0041
Kikai_kika1239,breast,japonic.breast.0036
Kikai_kika1239,breast,japonic.breast.0039
Kunigami_kuni1268,breast,japonic.breast.0034
Kunigami_kuni1268,breast,japonic.breast.0037
Miyako_miya1259,breast,japonic.breast.0035
Miyako_miya1259,breast,japonic.breast.0035
Miyako_miya1259,breast,japonic.breast.0035
Miyako_miya1259,breast,japonic.breast.0035
Miyako_miya1259,breast,japonic.breast.0035
Miyako_miya1259,breast,japonic.breast.0036
Miyako_miya1259,breast,japonic.breast.0036
NorthernAmami-Oshima_nort2935,breast,japonic.breast.0036
NorthernAmami-Oshima_nort2935,breast,japonic.breast.0037
NorthernAmami-Oshima_nort2935,breast,japonic.breast.0039
Toku-No-Shima_toku1246,breast,japonic.breast.0036
Toku-No-Shima_toku1246,breast,japonic.breast.0039
Yaeyama_yaey1239,breast,japonic.breast.0034
Yaeyama_yaey1239,breast,japonic.breast.0034
Yaeyama_yaey1239,breast,japonic.breast.0034
Yaeyama_yaey1239,breast,japonic.breast.0034
Yaeyama_yaey1239,breast,japonic.breast.0035
Yaeyama_yaey1239,breast,japonic.breast.0035
Yaeyama_yaey1239,breast,japonic.breast.0036
Yaeyama_yaey1239,breast,japonic.breast.0036
Yaeyama_yaey1239,breast,japonic.breast.0036
Yaeyama_yaey1239,breast,japonic.breast.0036
Yaeyama_yaey1239,breast,japonic.breast.0036
Yaeyama_yaey1239,breast,japonic.breast.0036
Yaeyama_yaey1239,breast,japonic.breast.0037
Yaeyama_yaey1239,breast,japonic.breast.0038
Yaeyama_yaey1239,breast,japonic.breast.0038
Yonaguni_yona1241,breast,japonic.breast.0036
Yoron_yoro1243,breast,japonic.breast.0037
CentralOkinawan_cent2126,come,japonic.come.0042
CentralOkinawan_cent2126,come,japonic.come.0042
CentralOkinawan_cent2126,come,japonic.come.0042
CentralOkinawan_cent2126,come,japonic.come.0042
CentralOkinawan_cent2126,come,japonic.come.0042
Japanese_nucl1643,come,japonic.come.0043
Japanese_nucl1643,come,japonic.come.0043
Japanese_nucl1643,come,japonic.come.0043
Kikai_kika1239,come,japonic.come.0042
Kunigami_kuni1268,come,japonic.come.0042
Kunigami_kuni1268,come,japonic.come.0042
Miyako_miya1259,come,japonic.come.0042
Miyako_miya1259,come,japonic.come.0043
Miyako_miya1259,come,japonic.come.0043
NorthernAmami-Oshima_nort2935,come,japonic.come.0042
NorthernAmami-Oshima_nort2935,come,japonic.come.0043
Toku-No-Shima_toku1246,come,japonic.come.0042
Toku-No-Shima_toku1246,come,japonic.come.0044
Yaeyama_yaey1239,come,japonic.come.0042
Yaeyama_yaey1239,come,japonic.come.0042
Yaeyama_yaey1239,come,japonic.come.0042
Yaeyama_yaey1239,come,japonic.come.0042
Yaeyama_yaey1239,come,japonic.come.0042
Yaeyama_yaey1239,come,japonic.come.0042
Yaeyama_yaey1239,come,japonic.come.0042
Yaeyama_yaey1239,come,japonic.come.0042
Yaeyama_yaey1239,come,japonic.come.0043
Yaeyama_yaey1239,come,japonic.come.0043
Yonaguni_yona1241,come,japonic.come.0042
Yoron_yoro1243,come,japonic.come.0042
CentralOkinawan_cent2126,die,japonic.die.0045
CentralOkinawan_cent2126,die,japonic.die.0045
CentralOkinawan_cent2126,die,japonic.die.0045
CentralOkinawan_cent2126,die,japonic.die.0045
CentralOkinawan_cent2126,die,japonic.die.0046
Japanese_nucl1643,die,japonic.die.0045
Japanese_nucl1643,die,japonic.die.0045
Japanese_nucl1643,die,japonic.die.0045
Japanese_nucl1643,die,japonic.die.0045
Kikai_kika1239,die,japonic.die.0045
Kunigami_kuni1268,die,japonic.die.0045
Kunigami_kuni1268,die,japonic.die.0046
Miyako_miya1259,die,japonic.die.0045
Miyako_miya1259,die,japonic.die.0045
Miyako_miya1259,die,japonic.die.0045
Miyako_miya1259,die,japonic.die.0045
Miyako_miya1259,die,japonic.die.0045
NorthernAmami-Oshima_nort2935,die,japonic.die.0045
NorthernAmami-Oshima_nort2935,die,japonic.die.0045
Toku-No-Shima_toku1246,die,?
Yaeyama_yaey1239,die,japonic.die.0045
Yaeyama_yaey1239,die,japonic.die.0045
Yaeyama_yaey1239,die,japonic.die.0045
Yaeyama_yaey1239,die,japonic.die.0045
Yaeyama_yaey1239,die,japonic.die.0045
Yaeyama_yaey1239,die,japonic.die.0045
Yaeyama_yaey1239,die,japonic.die.0045
Yaeyama_yaey1239,die,japonic.die.0045
Yaeyama_yaey1239,die,japonic.die.0047
Yonaguni_yona1241,die,japonic.die.0048
Yoron_yoro1243,die,japonic.die.0045
Yoron_yoro1243,die,japonic.die.0045
CentralOkinawan_cent2126,dog,japonic.dog.0049
CentralOkinawan_cent2126,dog,japonic.dog.0049
CentralOkinawan_cent2126,dog,japonic.dog.0049
CentralOkinawan_cent2126,dog,japonic.dog.0049
CentralOkinawan_cent2126,dog,japonic.dog.0049
Japanese_nucl1643,dog,japonic.dog.0049
Japanese_nucl1643,dog,japonic.dog.0049
Japanese_nucl1643,dog,japonic.dog.0049
Japanese_nucl1643,dog,japonic.dog.0049
Kikai_kika1239,dog,japonic.dog.0050
Kunigami_kuni1268,dog,japonic.dog.0049
Kunigami_kuni1268,dog,japonic.dog.0051
Miyako_miya1259,dog,japonic.dog.0049
Miyako_miya1259,dog,japonic.dog.0049
Miyako_miya1259,dog,japonic.dog.0049
Miyako_miya1259,dog,japonic.dog.0049
Miyako_miya1259,dog,japonic.dog.0049
NorthernAmami-Oshima_nort2935,dog,japonic.dog.0049
NorthernAmami-Oshima_nort2935,dog,japonic.dog.0049
Toku-No-Shima_toku1246,dog,japonic.dog.0049
Yaeyama_yaey1239,dog,japonic.dog.0049
Yaeyama_yaey1239,dog,japonic.dog.0049
Yaeyama_yaey1239,dog,japonic.dog.0049
Yaeyama_yaey1239,dog,japonic.dog.0049
Yaeyama_yaey1239,dog,japonic.dog.0049
Yaeyama_yaey1239,dog,japonic.dog.0049
Yaeyama_yaey1239,dog,japonic.dog.0049
Yaeyama_yaey1239,dog,japonic.dog.0049
Yonaguni_yona1241,dog,?
Yoron_yoro1243,dog,japonic.dog.0049
CentralOkinawan_cent2126,drink,japonic.drink.0052
CentralOkinawan_cent2126,drink,japonic.drink.0052
CentralOkinawan_cent2126,drink,japonic.drink.0052
CentralOkinawan_cent2126,drink,japonic.drink.0052
CentralOkinawan_cent2126,drink,japonic.drink.0052
Japanese_nucl1643,drink,japonic.drink.0052
Japanese_nucl1643,drink,japonic.drink.0052
Japanese_nucl1643,drink,japonic.drink.0052
Kikai_kika1239,drink,japonic.drink.0052
Kunigami_kuni1268,drink,japonic.drink.0052
Kunigami_kuni1268,drink,japonic.drink.0052
Miyako_miya1259,drink,japonic.drink.0052
Miyako_miya1259,drink,japonic.drink.0052
Miyako_miya1259,drink,japonic.drink.0052
Miyako_miya1259,drink,japonic.drink.0052
Miyako_miya1259,drink,japonic.drink.0052
NorthernAmami-Oshima_nort2935,drink,japonic.drink.0052
NorthernAmami-Oshima_nort2935,drink,japonic.drink.0052
Toku-No-Shima_toku1246,drink,japonic.drink.0052
Yaeyama_yaey1239,drink,japonic.drink.0052
Yaeyama_yaey1239,drink,japonic.drink.0052
Yaeyama_yaey1239,drink,japonic.drink.0052
Yaeyama_yaey1239,drink,japonic.drink.0052
Yaeyama_yaey1239,drink,japonic.drink.0052
Yaeyama_yaey1239,drink,japonic.drink.0052
Yaeyama_yaey1239,drink,japonic.drink.0052
Yaeyama_yaey1239,drink,japonic.drink.0052
Yaeyama_yaey1239,drink,japonic.drink.0052
Yonaguni_yona1241,drink,japonic.drink.0052
Yoron_yoro1243,drink,japonic.drink.0052
CentralOkinawan_cent2126,ear,japonic.ear.0053
CentralOkinawan_cent2126,ear,japonic.ear.0053
CentralOkinawan_cent2126,ear,japonic.ear.0053
CentralOkinawan_cent2126,ear,japonic.ear.0053
CentralOkinawan_cent2126,ear,japonic.ear.0053
Japanese_nucl1643,ear,japonic.ear.0053
Japanese_nucl1643,ear,japonic.ear.0053
Japanese_nucl1643,ear,japonic.ear.0053
Japanese_nucl1643,ear,japonic.ear.0056
Kikai_kika1239,ear,japonic.ear.0053
Kunigami_kuni1268,ear,japonic.ear.0053
Kunigami_kuni1268,ear,japonic.ear.0055
Miyako_miya1259,ear,japonic.ear.0053
Miyako_miya1259,ear,japonic.ear.0053
Miyako_miya1259,ear,japonic.ear.0053
Miyako_miya1259,ear,japonic.ear.0053
Miyako_miya1259,ear,japonic.ear.0053
NorthernAmami-Oshima_nort2935,ear,japonic.ear.0053
NorthernAmami-Oshima_nort2935,ear,japonic.ear.0053
Toku-No-Shima_toku1246,ear,japonic.ear.0053
Yaeyama_yaey1239,ear,japonic.ear.0053
Yaeyama_yaey1239,ear,japonic.ear.0053
Yaeyama_yaey1239,ear,japonic.ear.0053
Yaeyama_yaey1239,ear,japonic.ear.0053
Yaeyama_yaey1239,ear,japonic.ear.0053
Yaeyama_yaey1239,ear,japonic.ear.0053
Yaeyama_yaey1239,ear,japonic.ear.0054
Yaeyama_yaey1239,ear,japonic.ear.0057
Yonaguni_yona1241,ear,japonic.ear.0053
Yoron_yoro1243,ear,japonic.ear.0053
CentralOkinawan_cent2126,eye,japonic.eye.0058
CentralOkinawan_cent2126,eye,japonic.eye.0058
CentralOkinawan_cent2126,eye,japonic.eye.0058
CentralOkinawan_cent2126,eye,japonic.eye.0058
CentralOkinawan_cent2126,eye,japonic.eye.0058
Japanese_nucl1643,eye,japonic.eye.0058
Japanese_nucl1643,eye,japonic.eye.0058
Japanese_nucl1643,eye,japonic.eye.0058
Japanese_nucl1643,eye,japonic.eye.0058
Kikai_kika1239,eye,japonic.eye.0058
Kunigami_kuni1268,eye,japonic.eye.0058
Kunigami_kuni1268,eye,japonic.eye.0058
Miyako_miya1259,eye,japonic.eye.0058
Miyako_miya1259,eye,japonic.eye.0058
Miyako_miya1259,eye,japonic.eye.0058
Miyako_miya1259,eye,japonic.eye.0058
Miyako_miya1259,eye,japonic.eye.0058
NorthernAmami-Oshima_nort2935,eye,japonic.eye.0058
NorthernAmami-Oshima_nort2935,eye,japonic.eye.0058
Toku-No-Shima_toku1246,eye,japonic.eye.0058
Yaeyama_yaey1239,eye,japonic.eye.0058
Yaeyama_yaey1239,eye,japonic.eye.0058
Yaeyama_yaey1239,eye,japonic.eye.0058
Yaeyama_yaey1239,eye,japonic.eye.0058
Yaeyama_yaey1239,eye,japonic.eye.0058
Yaeyama_yaey1239,eye,japonic.eye.0058
Yaeyama_yaey1239,eye,japonic.eye.0058
Yaeyama_yaey1239,eye,japonic.eye.0058
Yonaguni_yona1241,eye,japonic.eye.0058
Yoron_yoro1243,eye,japonic.eye.0058
CentralOkinawan_cent2126,fire,japonic.fire.0059
CentralOkinawan_cent2126,fire,japonic.fire.0059
CentralOkinawan_cent2126,fire,japonic.fire.0059
CentralOkinawan_cent2126,fire,japonic.fire.0061
CentralOkinawan_cent2126,fire,japonic.fire.0061
Japanese_nucl1643,fire,japonic.fire.0061
Japanese_nucl1643,fire,japonic.fire.0061
Japanese_nucl1643,fire,japonic.fire.0061
Japanese_nucl1643,fire,japonic.fire.0061
Kikai_kika1239,fire,japonic.fire.0060
Kunigami_kuni1268,fire,japonic.fire.0060
Kunigami_kuni1268,fire,japonic.fire.0063
Miyako_miya1259,fire,japonic.fire.0060
Miyako_miya1259,fire,japonic.fire.0060
Miyako_miya1259,fire,japonic.fire.0060
Miyako_miya1259,fire,japonic.fire.0060
Miyako_miya1259,fire,japonic.fire.0060
NorthernAmami-Oshima_nort2935,fire,japonic.fire.0060
NorthernAmami-Oshima_nort2935,fire,japonic.fire.0060
NorthernAmami-Oshima_nort2935,fire,japonic.fire.0060
Toku-No-Shima_toku1246,fire,japonic.fire.0060
Yaeyama_yaey1239,fire,japonic.fire.0061
Yaeyama_yaey1239,fire,japonic.fire.0061
Yaeyama_yaey1239,fire,japonic.fire.0061
Yaeyama_yaey1239,fire,japonic.fire.0061
Yaeyama_yaey1239,fire,japonic.fire.0061
Yaeyama_yaey1239,fire,japonic.fire.0061
Yaeyama_yaey1239,fire,japonic.fire.0061
Yaeyama_yaey1239,fire,japonic.fire.0061
Yonaguni_yona1241,fire,japonic.fire.0062
Yoron_yoro1243,fire,japonic.fire.0060
CentralOkinawan_cent2126,fish,japonic.fish.0064
CentralOkinawan_cent2126,fish,japonic.fish.0064
CentralOkinawan_cent2126,fish,japonic.fish.0064
CentralOkinawan_cent2126,fish,japonic.fish.0064
CentralOkinawan_cent2126,fish,japonic.fish.0064
Japanese_nucl1643,fish,japonic.fish.0066
Japanese_nucl1643,fish,japonic.fish.0066
Japanese_nucl1643,fish,japonic.fish.0066
Japanese_nucl1643,fish,japonic.fish.0067
Kikai_kika1239,fish,japonic.fish.0064
Kunigami_kuni1268,fish,japonic.fish.0064
Kunigami_kuni1268,fish,japonic.fish.0064
Miyako_miya1259,fish,japonic.fish.0065
Miyako_miya1259,fish,japonic.fish.0065
Miyako_miya1259,fish,japonic.fish.0065
Miyako_miya1259,fish,japonic.fish.0065
Miyako_miya1259,fish,japonic.fish.0065
NorthernAmami-Oshima_nort2935,fish,japonic.fish.0064
NorthernAmami-Oshima_nort2935,fish,japonic.fish.0064
Toku-No-Shima_toku1246,fish,japonic.fish.0064
Yaeyama_yaey1239,fish,japonic.fish.0064
Yaeyama_yaey1239,fish,japonic.fish.0064
Yaeyama_yaey1239,fish,japonic.fish.0065
Yaeyama_yaey1239,fish,japonic.fish.0065
Yaeyama_yaey1239,fish,japonic.fish.0065
Yaeyama_yaey1239,fish,japonic.fish.0065
Yaeyama_yaey1239,fish,japonic.fish.0065
Yaeyama_yaey1239,fish,japonic.fish.0065
Yaeyama_yaey1239,fish,japonic.fish.0065
Yonaguni_yona1241,fish,japonic.fish.0068
Yoron_yoro1243,fish,japonic.fish.0064
CentralOkinawan_cent2126,full,japonic.full.0069
CentralOkinawan_cent2126,full,japonic.full.0071
CentralOkinawan_cent2126,full,japonic.full.0079
CentralOkinawan_cent2126,full,japonic.full.0079
CentralOkinawan_cent2126,full,japonic.full.0081
Japanese_nucl1643,full,japonic.full.0071
Japanese_nucl1643,full,japonic.full.0074
Japanese_nucl1643,full,japonic.full.0075
Japanese_nucl1643,full,japonic.full.0082
Kikai_kika1239,full,japonic.full.0076
Kunigami_kuni1268,full,japonic.full.0073
Kunigami_kuni1268,full,japonic.full.0079
Miyako_miya1259,full,japonic.full.0070
Miyako_miya1259,full,japonic.full.0071
Miyako_miya1259,full,japonic.full.0074
Miyako_miya1259,full,japonic.full.0074
Miyako_miya1259,full,japonic.full.0074
NorthernAmami-Oshima_nort2935,full,japonic.full.0080
Toku-No-Shima_toku1246,full,japonic.full.0071
Yaeyama_yaey1239,full,japonic.full.0071
Yaeyama_yaey1239,full,japonic.full.0071
Yaeyama_yaey1239,full,japonic.full.0072
Yaeyama_yaey1239,full,japonic.full.0074
Yaeyama_yaey1239,full,japonic.full.0074
Yaeyama_yaey1239,full,japonic.full.0077
Yaeyama_yaey1239,full,japonic.full.0078
Yonaguni_yona1241,full,japonic.full.0071
Yoron_yoro1243,full,japonic.full.0071
CentralOkinawan_cent2126,hand,japonic.hand.0083
CentralOkinawan_cent2126,hand,japonic.hand.0083
CentralOkinawan_cent2126,hand,japonic.hand.0083
CentralOkinawan_cent2126,hand,japonic.hand.0083
CentralOkinawan_cent2126,hand,japonic.hand.0083
Japanese_nucl1643,hand,japonic.hand.0083
Japanese_nucl1643,hand,japonic.hand.0083
Japanese_nucl1643,hand,japonic.hand.0083
Japanese_nucl1643,hand,japonic.hand.0083
Kikai_kika1239,hand,japonic.hand.0083
Kunigami_kuni1268,hand,japonic.hand.0083
Kunigami_kuni1268,hand,japonic.hand.0083
Miyako_miya1259,hand,japonic.hand.0083
Miyako_miya1259,hand,japonic.hand.0083
Miyako_miya1259,hand,japonic.hand.0083
Miyako_miya1259,hand,japonic.hand.0083
Miyako_miya1259,hand,japonic.hand.0083
NorthernAmami-Oshima_nort2935,hand,japonic.hand.0083
NorthernAmami-Oshima_nort2935,hand,japonic.hand.0083
Toku-No-Shima_toku1246,hand,japonic.hand.0083
Yaeyama_yaey1239,hand,japonic.hand.0083
Yaeyama_yaey1239,hand,japonic.hand.0083
Yaeyama_yaey1239,hand,japonic.hand.0083
Yaeyama_yaey1239,hand,japonic.hand.0083
Yaeyama_yaey1239,hand,japonic.hand.0083
Yaeyama_yaey1239,hand,japonic.hand.0083
Yaeyama_yaey1239,hand,japonic.hand.0083
Yaeyama_yaey1239,hand,japonic.hand.0083
Yonaguni_yona1241,hand,japonic.hand.0083
Yoron_yoro1243,hand,japonic.hand.0083
CentralOkinawan_cent2126,hear,japonic.hear.0084
CentralOkinawan_cent2126,hear,japonic.hear.0084
CentralOkinawan_cent2126,hear,japonic.hear.0084
CentralOkinawan_cent2126,hear,japonic.hear.0084
CentralOkinawan_cent2126,hear,japonic.hear.0084
Japanese_nucl1643,hear,japonic.hear.0084
Japanese_nucl1643,hear,japonic.hear.0084
Japanese_nucl1643,hear,japonic.hear.0084
Japanese_nucl1643,hear,japonic.hear.0084
Kikai_kika1239,hear,japonic.hear.0084
Kunigami_kuni1268,hear,japonic.hear.0084
Kunigami_kuni1268,hear,japonic.hear.0084
Miyako_miya1259,hear,japonic.hear.0084
Miyako_miya1259,hear,japonic.hear.0084
Miyako_miya1259,hear,japonic.hear.0084
Miyako_miya1259,hear,japonic.hear.0084
Miyako_miya1259,hear,japonic.hear.0084
Miyako_miya1259,hear,japonic.hear.0084
NorthernAmami-Oshima_nort2935,hear,japonic.hear.0084
NorthernAmami-Oshima_nort2935,hear,japonic.hear.0084
Toku-No-Shima_toku1246,hear,japonic.hear.0084
Yaeyama_yaey1239,hear,japonic.hear.0084
Yaeyama_yaey1239,hear,japonic.hear.0084
Yaeyama_yaey1239,hear,japonic.hear.0084
Yaeyama_yaey1239,hear,japonic.hear.0084
Yaeyama_yaey1239,hear,japonic.hear.0084
Yaeyama_yaey1239,hear,japonic.hear.0084
Yaeyama_yaey1239,hear,japonic.hear.0084
Yaeyama_yaey1239,hear,japonic.hear.0084
Yaeyama_yaey1239,hear,japonic.hear.0084
Yaeyama_yaey1239,hear,japonic.hear.0084
Yonaguni_yona1241,hear,japonic.hear.0084
Yoron_yoro1243,hear,japonic.hear.0084
CentralOkinawan_cent2126,horn,japonic.horn.0085
CentralOkinawan_cent2126,horn,japonic.horn.0085
CentralOkinawan_cent2126,horn,japonic.horn.0085
CentralOkinawan_cent2126,horn,japonic.horn.0085
CentralOkinawan_cent2126,horn,japonic.horn.0085
CentralOkinawan_cent2126,horn,japonic.horn.0085
Japanese_nucl1643,horn,japonic.horn.0085
Japanese_nucl1643,horn,japonic.horn.0085
Japanese_nucl1643,horn,japonic.horn.0085
Japanese_nucl1643,horn,japonic.horn.0085
Kikai_kika1239,horn,japonic.horn.0085
Kunigami_kuni1268,horn,japonic.horn.0085
Kunigami_kuni1268,horn,japonic.horn.0085
Miyako_miya1259,horn,japonic.horn.0085
Miyako_miya1259,horn,japonic.horn.0085
Miyako_miya1259,horn,japonic.horn.0085
Miyako_miya1259,horn,japonic.horn.0085
Miyako_miya1259,horn,japonic.horn.0085
Miyako_miya1259,horn,japonic.horn.0087
NorthernAmami-Oshima_nort2935,horn,japonic.horn.0085
Toku-No-Shima_toku1246,horn,japonic.horn.0085
Yaeyama_yaey1239,horn,japonic.horn.0085
Yaeyama_yaey1239,horn,japonic.horn.0085
Yaeyama_yaey1239,horn,japonic.horn.0085
Yaeyama_yaey1239,horn,japonic.horn.0085
Yaeyama_yaey1239,horn,japonic.horn.0085
Yaeyama_yaey1239,horn,japonic.horn.0085
Yaeyama_yaey1239,horn,japonic.horn.0085
Yonaguni_yona1241,horn,japonic.horn.0086
Yoron_yoro1243,horn,japonic.horn.0085
CentralOkinawan_cent2126,knee,japonic.knee.0088
CentralOkinawan_cent2126,knee,japonic.knee.0088
CentralOkinawan_cent2126,knee,japonic.knee.0088
CentralOkinawan_cent2126,knee,japonic.knee.0088
CentralOkinawan_cent2126,knee,japonic.knee.0088
Japanese_nucl1643,knee,japonic.knee.0089
Japanese_nucl1643,knee,japonic.knee.0091
Japanese_nucl1643,knee,japonic.knee.0091
Japanese_nucl1643,knee,japonic.knee.0091
Kikai_kika1239,knee,japonic.knee.0091
Kikai_kika1239,knee,japonic.knee.0091
Kunigami_kuni1268,knee,japonic.knee.0088
Kunigami_kuni1268,knee,japonic.knee.0088
Miyako_miya1259,knee,japonic.knee.0089
Miyako_miya1259,knee,japonic.knee.0089
Miyako_miya1259,knee,japonic.knee.0089
Miyako_miya1259,knee,japonic.knee.0089
Miyako_miya1259,knee,japonic.knee.0091
NorthernAmami-Oshima_nort2935,knee,japonic.knee.0091
Toku-No-Shima_toku1246,knee,japonic.knee.0093
Toku-No-Shima_toku1246,knee,japonic.knee.0096
Yaeyama_yaey1239,knee,japonic.knee.0089
Yaeyama_yaey1239,knee,japonic.knee.0089
Yaeyama_yaey1239,knee,japonic.knee.0089
Yaeyama_yaey1239,knee,japonic.knee.0089
Yaeyama_yaey1239,knee,japonic.knee.0089
Yaeyama_yaey1239,knee,japonic.knee.0090
Yaeyama_yaey1239,knee,japonic.knee.0092
Yaeyama_yaey1239,knee,japonic.knee.0094
Yonaguni_yona1241,knee,japonic.knee.0095
Yoron_yoro1243,knee,japonic.knee.0088
CentralOkinawan_cent2126,leaf,japonic.leaf.0097
CentralOkinawan_cent2126,leaf,japonic.leaf.0097
CentralOkinawan_cent2126,leaf,japonic.leaf.0097
CentralOkinawan_cent2126,leaf,japonic.leaf.0097
CentralOkinawan_cent2126,leaf,japonic.leaf.0097
Japanese_nucl1643,leaf,japonic.leaf.0097
Japanese_nucl1643,leaf,japonic.leaf.0097
Japanese_nucl1643,leaf,japonic.leaf.0097
Japanese_nucl1643,leaf,japonic.leaf.0098
Kikai_kika1239,leaf,japonic.leaf.0097
Kunigami_kuni1268,leaf,japonic.leaf.0097
Kunigami_kuni1268,leaf,japonic.leaf.0097
Miyako_miya1259,leaf,japonic.leaf.0097
Miyako_miya1259,leaf,japonic.leaf.0097
Miyako_miya1259,leaf,japonic.leaf.0097
Miyako_miya1259,leaf,japonic.leaf.0097
Miyako_miya1259,leaf,japonic.leaf.0097
NorthernAmami-Oshima_nort2935,leaf,japonic.leaf.0097
NorthernAmami-Oshima_nort2935,leaf,japonic.leaf.0097
Toku-No-Shima_toku1246,leaf,japonic.leaf.0097
Yaeyama_yaey1239,leaf,japonic.leaf.0097
Yaeyama_yaey1239,leaf,japonic.leaf.0097
Yaeyama_yaey1239,leaf,japonic.leaf.0097
Yaeyama_yaey1239,leaf,japonic.leaf.0097
Yaeyama_yaey1239,leaf,japonic.leaf.0097
Yaeyama_yaey1239,leaf,japonic.leaf.0097
Yaeyama_yaey1239,leaf,japonic.leaf.0097
Yaeyama_yaey1239,leaf,japonic.leaf.0097
Yaeyama_yaey1239,leaf,japonic.leaf.0099
Yaeyama_yaey1239,leaf,japonic.leaf.0099
Yonaguni_yona1241,leaf,japonic.leaf.0097
Yoron_yoro1243,leaf,japonic.leaf.0097
CentralOkinawan_cent2126,liver,japonic.liver.0100
CentralOkinawan_cent2126,liver,japonic.liver.0100
CentralOkinawan_cent2126,liver,japonic.liver.0100
CentralOkinawan_cent2126,liver,japonic.liver.0100
CentralOkinawan_cent2126,liver,japonic.liver.0100
CentralOkinawan_cent2126,liver,japonic.liver.0100
Japanese_nucl1643,liver,japonic.liver.0100
Japanese_nucl1643,liver,japonic.liver.0100
Japanese_nucl1643,liver,japonic.liver.0100
Japanese_nucl1643,liver,japonic.liver.0100
Japanese_nucl1643,liver,japonic.liver.0101
Kikai_kika1239,liver,japonic.liver.0100
Kunigami_kuni1268,liver,japonic.liver.0100
Kunigami_kuni1268,liver,japonic.liver.0100
Miyako_miya1259,liver,japonic.liver.0100
Miyako_miya1259,liver,japonic.liver.0100
Miyako_miya1259,liver,japonic.liver.0100
Miyako_miya1259,liver,japonic.liver.0100
Miyako_miya1259,liver,japonic.liver.0100
NorthernAmami-Oshima_nort2935,liver,japonic.liver.0100
NorthernAmami-Oshima_nort2935,liver,japonic.liver.0100
Toku-No-Shima_toku1246,liver,japonic.liver.0100
Yaeyama_yaey1239,liver,japonic.liver.0100
Yaeyama_yaey1239,liver,japonic.liver.0100
Yaeyama_yaey1239,liver,japonic.liver.0100
Yaeyama_yaey1239,liver,japonic.liver.0100
Yaeyama_yaey1239,liver,japonic.liver.0100
Yaeyama_yaey1239,liver,japonic.liver.0100
Yonaguni_yona1241,liver,japonic.liver.0100
Yoron_yoro1243,liver,japonic.liver.0100
CentralOkinawan_cent2126,louse,japonic.louse.0102
CentralOkinawan_cent2126,louse,japonic.louse.0102
CentralOkinawan_cent2126,louse,japonic.louse.0102
CentralOkinawan_cent2126,louse,japonic.louse.0102
Japanese_nucl1643,louse,japonic.louse.0102
Japanese_nucl1643,louse,japonic.louse.0102
Japanese_nucl1643,louse,japonic.louse.0102
Japanese_nucl1643,louse,japonic.louse.0103
Kikai_kika1239,louse,japonic.louse.0102
Kunigami_kuni1268,louse,japonic.louse.0102
Kunigami_kuni1268,louse,japonic.louse.0102
Miyako_miya1259,louse,japonic.louse.0102
Miyako_miya1259,louse,japonic.louse.0102
Miyako_miya1259,louse,japonic.louse.0102
Miyako_miya1259,louse,japonic.louse.0102
Miyako_miya1259,louse,japonic.louse.0102
NorthernAmami-Oshima_nort2935,louse,japonic.louse.0102
NorthernAmami-Oshima_nort2935,louse,japonic.louse.0102
Toku-No-Shima_toku1246,louse,japonic.louse.0102
Yaeyama_yaey1239,louse,japonic.louse.0102
Yaeyama_yaey1239,louse,japonic.louse.0102
Yaeyama_yaey1239,louse,japonic.louse.0102
Yaeyama_yaey1239,louse,japonic.louse.0102
Yaeyama_yaey1239,louse,japonic.louse.0102
Yaeyama_yaey1239,louse,japonic.louse.0102
Yaeyama_yaey1239,louse,japonic.louse.0102
Yaeyama_yaey1239,louse,japonic.louse.0102
Yonaguni_yona1241,louse,japonic.louse.0102
Yoron_yoro1243,louse,japonic.louse.0102
CentralOkinawan_cent2126,mountain,japonic.mountain.0104
CentralOkinawan_cent2126,mountain,japonic.mountain.0104
CentralOkinawan_cent2126,mountain,japonic.mountain.0104
CentralOkinawan_cent2126,mountain,japonic.mountain.0105
CentralOkinawan_cent2126,mountain,japonic.mountain.0105
Japanese_nucl1643,mountain,japonic.mountain.0104
Japanese_nucl1643,mountain,japonic.mountain.0104
Japanese_nucl1643,mountain,japonic.mountain.0104
Japanese_nucl1643,mountain,japonic.mountain.0104
Japanese_nucl1643,mountain,japonic.mountain.0106
Kikai_kika1239,mountain,japonic.mountain.0104
Kunigami_kuni1268,mountain,japonic.mountain.0104
Kunigami_kuni1268,mountain,japonic.mountain.0104
Miyako_miya1259,mountain,japonic.mountain.0104
Miyako_miya1259,mountain,japonic.mountain.0104
Miyako_miya1259,mountain,japonic.mountain.0104
Miyako_miya1259,mountain,japonic.mountain.0104
Miyako_miya1259,mountain,japonic.mountain.0104
NorthernAmami-Oshima_nort2935,mountain,japonic.mountain.0104
Toku-No-Shima_toku1246,mountain,japonic.mountain.0104
Yaeyama_yaey1239,mountain,japonic.mountain.0104
Yaeyama_yaey1239,mountain,japonic.mountain.0104
Yaeyama_yaey1239,mountain,japonic.mountain.0104
Yaeyama_yaey1239,mountain,japonic.mountain.0104
Yaeyama_yaey1239,mountain,japonic.mountain.0104
Yaeyama_yaey1239,mountain,japonic.mountain.0104
Yaeyama_yaey1239,mountain,japonic.mountain.0104
Yaeyama_yaey1239,mountain,japonic.mountain.0104
Yaeyama_yaey1239,mountain,japonic.mountain.0107
Yonaguni_yona1241,mountain,japonic.mountain.0104
Yoron_yoro1243,mountain,japonic.mountain.0104
CentralOkinawan_cent2126,name,japonic.name.0108
CentralOkinawan_cent2126,name,japonic.name.0108
CentralOkinawan_cent2126,name,japonic.name.0108
CentralOkinawan_cent2126,name,japonic.name.0108
CentralOkinawan_cent2126,name,japonic.name.0108
CentralOkinawan_cent2126,name,japonic.name.0111
Japanese_nucl1643,name,japonic.name.0108
Japanese_nucl1643,name,japonic.name.0109
Japanese_nucl1643,name,japonic.name.0109
Kikai_kika1239,name,japonic.name.0108
Kunigami_kuni1268,name,japonic.name.0108
Kunigami_kuni1268,name,japonic.name.0108
Miyako_miya1259,name,japonic.name.0108
Miyako_miya1259,name,japonic.name.0108
Miyako_miya1259,name,japonic.name.0108
Miyako_miya1259,name,japonic.name.0108
Miyako_miya1259,name,japonic.name.0109
NorthernAmami-Oshima_nort2935,name,japonic.name.0108
NorthernAmami-Oshima_nort2935,name,japonic.name.0110
Toku-No-Shima_toku1246,name,japonic.name.0108
Yaeyama_yaey1239,name,japonic.name.0108
Yaeyama_yaey1239,name,japonic.name.0108
Yaeyama_yaey1239,name,japonic.name.0108
Yaeyama_yaey1239,name,japonic.name.0108
Yaeyama_yaey1239,name,japonic.name.0108
Yaeyama_yaey1239,name,japonic.name.0108
Yaeyama_yaey1239,name,japonic.name.0108
Yaeyama_yaey1239,name,japonic.name.0108
Yonaguni_yona1241,name,japonic.name.0108
Yoron_yoro1243,name,japonic.name.0108
CentralOkinawan_cent2126,new,japonic.new.0112
CentralOkinawan_cent2126,new,japonic.new.0112
CentralOkinawan_cent2126,new,japonic.new.0112
CentralOkinawan_cent2126,new,japonic.new.0112
CentralOkinawan_cent2126,new,japonic.new.0113
Japanese_nucl1643,new,japonic.new.0113
Japanese_nucl1643,new,japonic.new.0114
Japanese_nucl1643,new,japonic.new.0114
Japanese_nucl1643,new,japonic.new.0115
Kikai_kika1239,new,japonic.new.0112
Kunigami_kuni1268,new,japonic.new.0112
Kunigami_kuni1268,new,japonic.new.0112
Miyako_miya1259,new,japonic.new.0113
Miyako_miya1259,new,japonic.new.0113
Miyako_miya1259,new,japonic.new.0113
Miyako_miya1259,new,japonic.new.0113
Miyako_miya1259,new,japonic.new.0113
NorthernAmami-Oshima_nort2935,new,japonic.new.0112
NorthernAmami-Oshima_nort2935,new,japonic.new.0117
Toku-No-Shima_toku1246,new,japonic.new.0112
Yaeyama_yaey1239,new,japonic.new.0112
Yaeyama_yaey1239,new,japonic.new.0112
Yaeyama_yaey1239,new,japonic.new.0112
Yaeyama_yaey1239,new,japonic.new.0113
Yaeyama_yaey1239,new,japonic.new.0113
Yaeyama_yaey1239,new,japonic.new.0113
Yaeyama_yaey1239,new,japonic.new.0113
Yaeyama_yaey1239,new,japonic.new.0116
Yaeyama_yaey1239,new,japonic.new.0116
Yonaguni_yona1241,new,japonic.new.0116
Yoron_yoro1243,new,japonic.new.0118
CentralOkinawan_cent2126,night,japonic.night.0119
CentralOkinawan_cent2126,night,japonic.night.0119
CentralOkinawan_cent2126,night,japonic.night.0119
CentralOkinawan_cent2126,night,japonic.night.0119
CentralOkinawan_cent2126,night,japonic.night.0119
Japanese_nucl1643,night,japonic.night.0119
Japanese_nucl1643,night,japonic.night.0119
Japanese_nucl1643,night,japonic.night.0119
Japanese_nucl1643,night,japonic.night.0119
Kikai_kika1239,night,japonic.night.0119
Kunigami_kuni1268,night,japonic.night.0119
Kunigami_kuni1268,night,japonic.night.0119
Miyako_miya1259,night,japonic.night.0119
Miyako_miya1259,night,japonic.night.0119
Miyako_miya1259,night,japonic.night.0120
Miyako_miya1259,night,japonic.night.0120
Miyako_miya1259,night,japonic.night.0120
NorthernAmami-Oshima_nort2935,night,japonic.night.0119
NorthernAmami-Oshima_nort2935,night,japonic.night.0119
Toku-No-Shima_toku1246,night,japonic.night.0119
Yaeyama_yaey1239,night,japonic.night.0119
Yaeyama_yaey1239,night,japonic.night.0119
Yaeyama_yaey1239,night,japonic.night.0119
Yaeyama_yaey1239,night,japonic.night.0119
Yaeyama_yaey1239,night,japonic.night.0119
Yaeyama_yaey1239,night,japonic.night.0119
Yaeyama_yaey1239,night,japonic.night.0119
Yonaguni_yona1241,night,japonic.night.0119
Yoron_yoro1243,night,japonic.night.0119
CentralOkinawan_cent2126,nose,japonic.nose.0121
CentralOkinawan_cent2126,nose,japonic.nose.0121
CentralOkinawan_cent2126,nose,japonic.nose.0121
CentralOkinawan_cent2126,nose,japonic.nose.0121
CentralOkinawan_cent2126,nose,japonic.nose.0121
Japanese_nucl1643,nose,japonic.nose.0121
Japanese_nucl1643,nose,japonic.nose.0121
Japanese_nucl1643,nose,japonic.nose.0121
Japanese_nucl1643,nose,japonic.nose.0121
Kikai_kika1239,nose,japonic.nose.0121
Kunigami_kuni1268,nose,japonic.nose.0121
Kunigami_kuni1268,nose,japonic.nose.0121
Miyako_miya1259,nose,japonic.nose.0121
Miyako_miya1259,nose,japonic.nose.0121
Miyako_miya1259,nose,japonic.nose.0121
Miyako_miya1259,nose,japonic.nose.0121
Miyako_miya1259,nose,japonic.nose.0121
NorthernAmami-Oshima_nort2935,nose,japonic.nose.0121
NorthernAmami-Oshima_nort2935,nose,japonic.nose.0121
Toku-No-Shima_toku1246,nose,japonic.nose.0121
Yaeyama_yaey1239,nose,japonic.nose.0121
Yaeyama_yaey1239,nose,japonic.nose.0121
Yaeyama_yaey1239,nose,japonic.nose.0121
Yaeyama_yaey1239,nose,japonic.nose.0121
Yaeyama_yaey1239,nose,japonic.nose.0121
Yaeyama_yaey1239,nose,japonic.nose.0121
Yaeyama_yaey1239,nose,japonic.nose.0121
Yaeyama_yaey1239,nose,japonic.nose.0121
Yonaguni_yona1241,nose,japonic.nose.0121
Yoron_yoro1243,nose,japonic.nose.0121
CentralOkinawan_cent2126,one,japonic.one.0122
CentralOkinawan_cent2126,one,japonic.one.0122
CentralOkinawan_cent2126,one,japonic.one.0122
CentralOkinawan_cent2126,one,japonic.one.0122
CentralOkinawan_cent2126,one,japonic.one.0122
Japanese_nucl1643,one,japonic.one.0122
Japanese_nucl1643,one,japonic.one.0123
Japanese_nucl1643,one,japonic.one.0123
Japanese_nucl1643,one,japonic.one.0123
Japanese_nucl1643,one,japonic.one.0123
Kikai_kika1239,one,japonic.one.0122
Kunigami_kuni1268,one,japonic.one.0122
Kunigami_kuni1268,one,japonic.one.0122
Miyako_miya1259,one,japonic.one.0123
Miyako_miya1259,one,japonic.one.0123
Miyako_miya1259,one,japonic.one.0123
Miyako_miya1259,one,japonic.one.0123
Miyako_miya1259,one,japonic.one.0123
NorthernAmami-Oshima_nort2935,one,japonic.one.0122
NorthernAmami-Oshima_nort2935,one,japonic.one.0122
Toku-No-Shima_toku1246,one,japonic.one.0122
Yaeyama_yaey1239,one,japonic.one.0122
Yaeyama_yaey1239,one,japonic.one.0123
Yaeyama_yaey1239,one,japonic.one.0123
Yaeyama_yaey1239,one,japonic.one.0123
Yaeyama_yaey1239,one,japonic.one.0123
Yaeyama_yaey1239,one,japonic.one.0123
Yaeyama_yaey1239,one,japonic.one.0123
Yaeyama_yaey1239,one,japonic.one.0123
Yonaguni_yona1241,one,japonic.one.0124
Yoron_yoro1243,one,japonic.one.0122
CentralOkinawan_cent2126,path,japonic.path.0125
CentralOkinawan_cent2126,path,japonic.path.0125
CentralOkinawan_cent2126,path,japonic.path.0125
CentralOkinawan_cent2126,path,japonic.path.0125
CentralOkinawan_cent2126,path,japonic.path.0125
Japanese_nucl1643,path,japonic.path.0125
Japanese_nucl1643,path,japonic.path.0125
Japanese_nucl1643,path,japonic.path.0125
Japanese_nucl1643,path,japonic.path.0125
Japanese_nucl1643,path,japonic.path.0125
Japanese_nucl1643,path,japonic.path.0126
Kikai_kika1239,path,japonic.path.0125
Kunigami_kuni1268,path,japonic.path.0125
Kunigami_kuni1268,path,japonic.path.0125
Miyako_miya1259,path,japonic.path.0125
Miyako_miya1259,path,japonic.path.0125
Miyako_miya1259,path,japonic.path.0125
Miyako_miya1259,path,japonic.path.0125
Miyako_miya1259,path,japonic.path.0125
NorthernAmami-Oshima_nort2935,path,japonic.path.0125
NorthernAmami-Oshima_nort2935,path,japonic.path.0125
Toku-No-Shima_toku1246,path,japonic.path.0125
Yaeyama_yaey1239,path,japonic.path.0125
Yaeyama_yaey1239,path,japonic.path.0125
Yaeyama_yaey1239,path,japonic.path.0125
Yaeyama_yaey1239,path,japonic.path.0125
Yaeyama_yaey1239,path,japonic.path.0125
Yaeyama_yaey1239,path,japonic.path.0125
Yaeyama_yaey1239,path,japonic.path.0125
Yaeyama_yaey1239,path,japonic.path.0125
Yonaguni_yona1241,path,japonic.path.0125
Yoron_yoro1243,path,japonic.path.0125
CentralOkinawan_cent2126,person,japonic.person.0127
CentralOkinawan_cent2126,person,japonic.person.0127
CentralOkinawan_cent2126,person,japonic.person.0127
CentralOkinawan_cent2126,person,japonic.person.0129
CentralOkinawan_cent2126,person,japonic.person.0129
Japanese_nucl1643,person,japonic.person.0127
Japanese_nucl1643,person,japonic.person.0128
Japanese_nucl1643,person,japonic.person.0128
Japanese_nucl1643,person,japonic.person.0128
Japanese_nucl1643,person,japonic.person.0128
Kikai_kika1239,person,japonic.person.0127
Kunigami_kuni1268,person,japonic.person.0127
Kunigami_kuni1268,person,japonic.person.0129
Miyako_miya1259,person,japonic.person.0127
Miyako_miya1259,person,japonic.person.0127
Miyako_miya1259,person,japonic.person.0127
Miyako_miya1259,person,japonic.person.0127
Miyako_miya1259,person,japonic.person.0128
Miyako_miya1259,person,japonic.person.0128
Miyako_miya1259,person,japonic.person.0128
NorthernAmami-Oshima_nort2935,person,japonic.person.0127
NorthernAmami-Oshima_nort2935,person,japonic.person.0128
NorthernAmami-Oshima_nort2935,person,japonic.person.0130
Toku-No-Shima_toku1246,person,japonic.person.0127
Yaeyama_yaey1239,person,japonic.person.0127
Yaeyama_yaey1239,person,japonic.person.0127
Yaeyama_yaey1239,person,japonic.person.0127
Yaeyama_yaey1239,person,japonic.person.0128
Yaeyama_yaey1239,person,japonic.person.0128
Yaeyama_yaey1239,person,japonic.person.0128
Yaeyama_yaey1239,person,japonic.person.0128
Yaeyama_yaey1239,person,japonic.person.0128
Yaeyama_yaey1239,person,japonic.person.0128
Yaeyama_yaey1239,person,japonic.person.0131
Yonaguni_yona1241,person,japonic.person.0129
Yoron_yoro1243,person,japonic.person.0128
CentralOkinawan_cent2126,see,japonic.see.0132
CentralOkinawan_cent2126,see,japonic.see.0132
CentralOkinawan_cent2126,see,japonic.see.0133
CentralOkinawan_cent2126,see,japonic.see.0133
CentralOkinawan_cent2126,see,japonic.see.0135
Japanese_nucl1643,see,japonic.see.0132
Japanese_nucl1643,see,japonic.see.0132
Japanese_nucl1643,see,japonic.see.0132
Japanese_nucl1643,see,japonic.see.0132
Kikai_kika1239,see,japonic.see.0132
Kunigami_kuni1268,see,japonic.see.0133
Kunigami_kuni1268,see,japonic.see.0135
Miyako_miya1259,see,japonic.see.0132
Miyako_miya1259,see,japonic.see.0132
Miyako_miya1259,see,japonic.see.0132
Miyako_miya1259,see,japonic.see.0132
Miyako_miya1259,see,japonic.see.0134
NorthernAmami-Oshima_nort2935,see,japonic.see.0132
NorthernAmami-Oshima_nort2935,see,japonic.see.0133
NorthernAmami-Oshima_nort2935,see,japonic.see.0133
Toku-No-Shima_toku1246,see,japonic.see.0133
Toku-No-Shima_toku1246,see,japonic.see.0133
Yaeyama_yaey1239,see,japonic.see.0132
Yaeyama_yaey1239,see,japonic.see.0132
Yaeyama_yaey1239,see,japonic.see.0132
Yaeyama_yaey1239,see,japonic.see.0132
Yaeyama_yaey1239,see,japonic.see.0132
Yaeyama_yaey1239,see,japonic.see.0132
Yaeyama_yaey1239,see,japonic.see.0132
Yaeyama_yaey1239,see,japonic.see.0132
Yonaguni_yona1241,see,japonic.see.0133
Yoron_yoro1243,see,japonic.see.0135
CentralOkinawan_cent2126,skin,japonic.skin.0136
CentralOkinawan_cent2126,skin,japonic.skin.0136
CentralOkinawan_cent2126,skin,japonic.skin.0136
CentralOkinawan_cent2126,skin,japonic.skin.0136
CentralOkinawan_cent2126,skin,japonic.skin.0137
Japanese_nucl1643,skin,japonic.skin.0137
Japanese_nucl1643,skin,japonic.skin.0139
Japanese_nucl1643,skin,japonic.skin.0139
Japanese_nucl1643,skin,japonic.skin.0139
Japanese_nucl1643,skin,japonic.skin.0140
Kikai_kika1239,skin,?
Kunigami_kuni1268,skin,japonic.skin.0136
Kunigami_kuni1268,skin,japonic.skin.0138
Miyako_miya1259,skin,japonic.skin.0136
Miyako_miya1259,skin,japonic.skin.0136
Miyako_miya1259,skin,japonic.skin.0136
Miyako_miya1259,skin,japonic.skin.0136
Miyako_miya1259,skin,japonic.skin.0140
NorthernAmami-Oshima_nort2935,skin,japonic.skin.0141
NorthernAmami-Oshima_nort2935,skin,japonic.skin.0141
Toku-No-Shima_toku1246,skin,japonic.skin.0142
Yaeyama_yaey1239,skin,japonic.skin.0136
Yaeyama_yaey1239,skin,japonic.skin.0136
Yaeyama_yaey1239,skin,japonic.skin.0136
Yaeyama_yaey1239,skin,japonic.skin.0136
Yaeyama_yaey1239,skin,japonic.skin.0137
Yaeyama_yaey1239,skin,japonic.skin.0137
Yaeyama_yaey1239,skin,japonic.skin.0137
Yaeyama_yaey1239,skin,japonic.skin.0137
Yonaguni_yona1241,skin,japonic.skin.0136
Yoron_yoro1243,skin,japonic.skin.0143
CentralOkinawan_cent2126,star,japonic.star.0144
CentralOkinawan_cent2126,star,japonic.star.0144
CentralOkinawan_cent2126,star,japonic.star.0144
CentralOkinawan_cent2126,star,japonic.star.0144
CentralOkinawan_cent2126,star,japonic.star.0144
Japanese_nucl1643,star,japonic.star.0144
Japanese_nucl1643,star,japonic.star.0144
Japanese_nucl1643,star,japonic.star.0144
Japanese_nucl1643,star,japonic.star.0144
Kikai_kika1239,star,japonic.star.0144
Kunigami_kuni1268,star,japonic.star.0144
Kunigami_kuni1268,star,japonic.star.0144
Miyako_miya1259,star,japonic.star.0144
Miyako_miya1259,star,japonic.star.0144
Miyako_miya1259,star,japonic.star.0144
Miyako_miya1259,star,japonic.star.0144
Miyako_miya1259,star,japonic.star.0144
NorthernAmami-Oshima_nort2935,star,japonic.star.0144
NorthernAmami-Oshima_nort2935,star,japonic.star.0144
Toku-No-Shima_toku1246,star,japonic.star.0144
Yaeyama_yaey1239,star,japonic.star.0144
Yaeyama_yaey1239,star,japonic.star.0144
Yaeyama_yaey1239,star,japonic.star.0144
Yaeyama_yaey1239,star,japonic.star.0144
Yaeyama_yaey1239,star,japonic.star.0144
Yaeyama_yaey1239,star,japonic.star.0144
Yaeyama_yaey1239,star,japonic.star.0144
Yaeyama_yaey1239,star,japonic.star.0144
Yaeyama_yaey1239,star,japonic.star.0144
Yaeyama_yaey1239,star,japonic.star.0144
Yonaguni_yona1241,star,japonic.star.0144
Yoron_yoro1243,star,japonic.star.0144
CentralOkinawan_cent2126,stone,japonic.stone.0145
CentralOkinawan_cent2126,stone,japonic.stone.0145
CentralOkinawan_cent2126,stone,japonic.stone.0145
CentralOkinawan_cent2126,stone,japonic.stone.0145
CentralOkinawan_cent2126,stone,japonic.stone.0145
CentralOkinawan_cent2126,stone,japonic.stone.0145
Japanese_nucl1643,stone,japonic.stone.0145
Japanese_nucl1643,stone,japonic.stone.0145
Japanese_nucl1643,stone,japonic.stone.0145
Japanese_nucl1643,stone,japonic.stone.0145
Japanese_nucl1643,stone,japonic.stone.0146
Kikai_kika1239,stone,japonic.stone.0145
Kunigami_kuni1268,stone,japonic.stone.0145
Kunigami_kuni1268,stone,japonic.stone.0145
Miyako_miya1259,stone,japonic.stone.0145
Miyako_miya1259,stone,japonic.stone.0145
Miyako_miya1259,stone,japonic.stone.0145
Miyako_miya1259,stone,japonic.stone.0145
Miyako_miya1259,stone,japonic.stone.0145
NorthernAmami-Oshima_nort2935,stone,japonic.stone.0145
NorthernAmami-Oshima_nort2935,stone,japonic.stone.0145
Toku-No-Shima_toku1246,stone,japonic.stone.0145
Yaeyama_yaey1239,stone,japonic.stone.0145
Yaeyama_yaey1239,stone,japonic.stone.0145
Yaeyama_yaey1239,stone,japonic.stone.0145
Yaeyama_yaey1239,stone,japonic.stone.0145
Yaeyama_yaey1239,stone,japonic.stone.0145
Yaeyama_yaey1239,stone,japonic.stone.0145
Yaeyama_yaey1239,stone,japonic.stone.0145
Yaeyama_yaey1239,stone,japonic.stone.0145
Yonaguni_yona1241,stone,japonic.stone.0145
Yoron_yoro1243,stone,japonic.stone.0145
CentralOkinawan_cent2126,sun,japonic.sun.0147
CentralOkinawan_cent2126,sun,japonic.sun.0147
CentralOkinawan_cent2126,sun,japonic.sun.0147
CentralOkinawan_cent2126,sun,japonic.sun.0147
CentralOkinawan_cent2126,sun,japonic.sun.0147
Japanese_nucl1643,sun,japonic.sun.0147
Japanese_nucl1643,sun,japonic.sun.0147
Japanese_nucl1643,sun,japonic.sun.0149
Japanese_nucl1643,sun,japonic.sun.0149
Japanese_nucl1643,sun,japonic.sun.0150
Kikai_kika1239,sun,japonic.sun.0147
Kunigami_kuni1268,sun,japonic.sun.0147
Kunigami_kuni1268,sun,japonic.sun.0147
Miyako_miya1259,sun,japonic.sun.0147
Miyako_miya1259,sun,japonic.sun.0147
Miyako_miya1259,sun,japonic.sun.0147
Miyako_miya1259,sun,japonic.sun.0147
Miyako_miya1259,sun,japonic.sun.0147
NorthernAmami-Oshima_nort2935,sun,japonic.sun.0147
NorthernAmami-Oshima_nort2935,sun,japonic.sun.0147
Toku-No-Shima_toku1246,sun,japonic.sun.0147
Toku-No-Shima_toku1246,sun,japonic.sun.0151
Yaeyama_yaey1239,sun,japonic.sun.0147
Yaeyama_yaey1239,sun,japonic.sun.0147
Yaeyama_yaey1239,sun,japonic.sun.0147
Yaeyama_yaey1239,sun,japonic.sun.0147
Yaeyama_yaey1239,sun,japonic.sun.0147
Yaeyama_yaey1239,sun,japonic.sun.0147
Yaeyama_yaey1239,sun,japonic.sun.0147
Yaeyama_yaey1239,sun,japonic.sun.0147
Yaeyama_yaey1239,sun,japonic.sun.0148
Yonaguni_yona1241,sun,japonic.sun.0147
Yoron_yoro1243,sun,japonic.sun.0147
CentralOkinawan_cent2126,tongue,japonic.tongue.0152
CentralOkinawan_cent2126,tongue,japonic.tongue.0152
CentralOkinawan_cent2126,tongue,japonic.tongue.0152
CentralOkinawan_cent2126,tongue,japonic.tongue.0152
CentralOkinawan_cent2126,tongue,japonic.tongue.0152
Japanese_nucl1643,tongue,japonic.tongue.0153
Japanese_nucl1643,tongue,japonic.tongue.0153
Japanese_nucl1643,tongue,japonic.tongue.0153
Japanese_nucl1643,tongue,japonic.tongue.0153
Kikai_kika1239,tongue,japonic.tongue.0152
Kunigami_kuni1268,tongue,japonic.tongue.0152
Kunigami_kuni1268,tongue,japonic.tongue.0153
Miyako_miya1259,tongue,japonic.tongue.0153
Miyako_miya1259,tongue,japonic.tongue.0153
Miyako_miya1259,tongue,japonic.tongue.0153
Miyako_miya1259,tongue,japonic.tongue.0153
Miyako_miya1259,tongue,japonic.tongue.0154
NorthernAmami-Oshima_nort2935,tongue,japonic.tongue.0152
NorthernAmami-Oshima_nort2935,tongue,japonic.tongue.0152
Toku-No-Shima_toku1246,tongue,japonic.tongue.0152
Yaeyama_yaey1239,tongue,japonic.tongue.0152
Yaeyama_yaey1239,tongue,japonic.tongue.0153
Yaeyama_yaey1239,tongue,japonic.tongue.0153
Yaeyama_yaey1239,tongue,japonic.tongue.0153
Yaeyama_yaey1239,tongue,japonic.tongue.0153
Yaeyama_yaey1239,tongue,japonic.tongue.0153
Yaeyama_yaey1239,tongue,japonic.tongue.0153
Yaeyama_yaey1239,tongue,japonic.tongue.0153
Yonaguni_yona1241,tongue,japonic.tongue.0154
Yoron_yoro1243,tongue,japonic.tongue.0153
CentralOkinawan_cent2126,tooth,japonic.tooth.0155
CentralOkinawan_cent2126,tooth,japonic.tooth.0155
CentralOkinawan_cent2126,tooth,japonic.tooth.0155
CentralOkinawan_cent2126,tooth,japonic.tooth.0155
CentralOkinawan_cent2126,tooth,japonic.tooth.0155
Japanese_nucl1643,tooth,japonic.tooth.0155
Japanese_nucl1643,tooth,japonic.tooth.0155
Japanese_nucl1643,tooth,japonic.tooth.0155
Japanese_nucl1643,tooth,japonic.tooth.0155
Kikai_kika1239,tooth,japonic.tooth.0155
Kunigami_kuni1268,tooth,japonic.tooth.0155
Kunigami_kuni1268,tooth,japonic.tooth.0155
Miyako_miya1259,tooth,japonic.tooth.0155
Miyako_miya1259,tooth,japonic.tooth.0155
Miyako_miya1259,tooth,japonic.tooth.0155
Miyako_miya1259,tooth,japonic.tooth.0155
Miyako_miya1259,tooth,japonic.tooth.0155
NorthernAmami-Oshima_nort2935,tooth,japonic.tooth.0155
NorthernAmami-Oshima_nort2935,tooth,japonic.tooth.0155
Toku-No-Shima_toku1246,tooth,japonic.tooth.0155
Yaeyama_yaey1239,tooth,japonic.tooth.0155
Yaeyama_yaey1239,tooth,japonic.tooth.0155
Yaeyama_yaey1239,tooth,japonic.tooth.0155
Yaeyama_yaey1239,tooth,japonic.tooth.0155
Yaeyama_yaey1239,tooth,japonic.tooth.0155
Yaeyama_yaey1239,tooth,japonic.tooth.0155
Yaeyama_yaey1239,tooth,japonic.tooth.0155
Yaeyama_yaey1239,tooth,japonic.tooth.0155
Yonaguni_yona1241,tooth,japonic.tooth.0155
Yoron_yoro1243,tooth,japonic.tooth.0155
CentralOkinawan_cent2126,tree,japonic.tree.0156
CentralOkinawan_cent2126,tree,japonic.tree.0156
CentralOkinawan_cent2126,tree,japonic.tree.0156
CentralOkinawan_cent2126,tree,japonic.tree.0156
CentralOkinawan_cent2126,tree,japonic.tree.0156
CentralOkinawan_cent2126,tree,japonic.tree.0156
Japanese_nucl1643,tree,japonic.tree.0156
Japanese_nucl1643,tree,japonic.tree.0156
Japanese_nucl1643,tree,japonic.tree.0156
Japanese_nucl1643,tree,japonic.tree.0156
Kikai_kika1239,tree,japonic.tree.0157
Kunigami_kuni1268,tree,japonic.tree.0156
Kunigami_kuni1268,tree,japonic.tree.0156
Miyako_miya1259,tree,japonic.tree.0156
Miyako_miya1259,tree,japonic.tree.0156
Miyako_miya1259,tree,japonic.tree.0156
Miyako_miya1259,tree,japonic.tree.0156
Miyako_miya1259,tree,japonic.tree.0156
NorthernAmami-Oshima_nort2935,tree,japonic.tree.0158
Toku-No-Shima_toku1246,tree,japonic.tree.0156
Yaeyama_yaey1239,tree,japonic.tree.0156
Yaeyama_yaey1239,tree,japonic.tree.0156
Yaeyama_yaey1239,tree,japonic.tree.0156
Yaeyama_yaey1239,tree,japonic.tree.0156
Yaeyama_yaey1239,tree,japonic.tree.0156
Yaeyama_yaey1239,tree,japonic.tree.0156
Yaeyama_yaey1239,tree,japonic.tree.0156
Yaeyama_yaey1239,tree,japonic.tree.0156
Yaeyama_yaey1239,tree,japonic.tree.0156
Yonaguni_yona1241,tree,japonic.tree.0156
Yoron_yoro1243,tree,japonic.tree.0158
CentralOkinawan_cent2126,two,japonic.two.0159
CentralOkinawan_cent2126,two,japonic.two.0159
CentralOkinawan_cent2126,two,japonic.two.0159
CentralOkinawan_cent2126,two,japonic.two.0159
CentralOkinawan_cent2126,two,japonic.two.0159
Japanese_nucl1643,two,japonic.two.0159
Japanese_nucl1643,two,japonic.two.0159
Japanese_nucl1643,two,japonic.two.0159
Japanese_nucl1643,two,japonic.two.0160
Japanese_nucl1643,two,japonic.two.0161
Kikai_kika1239,two,japonic.two.0159
Kunigami_kuni1268,two,japonic.two.0159
Kunigami_kuni1268,two,japonic.two.0159
Miyako_miya1259,two,japonic.two.0159
Miyako_miya1259,two,japonic.two.0159
Miyako_miya1259,two,japonic.two.0159
Miyako_miya1259,two,japonic.two.0159
Miyako_miya1259,two,japonic.two.0159
NorthernAmami-Oshima_nort2935,two,japonic.two.0159
NorthernAmami-Oshima_nort2935,two,japonic.two.0159
NorthernAmami-Oshima_nort2935,two,japonic.two.0159
Toku-No-Shima_toku1246,two,japonic.two.0159
Yaeyama_yaey1239,two,japonic.two.0159
Yaeyama_yaey1239,two,japonic.two.0159
Yaeyama_yaey1239,two,japonic.two.0159
Yaeyama_yaey1239,two,japonic.two.0159
Yaeyama_yaey1239,two,japonic.two.0159
Yaeyama_yaey1239,two,japonic.two.0159
Yaeyama_yaey1239,two,japonic.two.0159
Yaeyama_yaey1239,two,japonic.two.0159
Yonaguni_yona1241,two,japonic.two.0159
Yoron_yoro1243,two,japonic.two.0159
CentralOkinawan_cent2126,water,japonic.water.0162
CentralOkinawan_cent2126,water,japonic.water.0162
CentralOkinawan_cent2126,water,japonic.water.0162
CentralOkinawan_cent2126,water,japonic.water.0162
CentralOkinawan_cent2126,water,japonic.water.0162
Japanese_nucl1643,water,japonic.water.0162
Japanese_nucl1643,water,japonic.water.0162
Japanese_nucl1643,water,japonic.water.0162
Japanese_nucl1643,water,japonic.water.0162
Kikai_kika1239,water,japonic.water.0162
Kunigami_kuni1268,water,japonic.water.0162
Kunigami_kuni1268,water,japonic.water.0162
Miyako_miya1259,water,japonic.water.0162
Miyako_miya1259,water,japonic.water.0162
Miyako_miya1259,water,japonic.water.0162
Miyako_miya1259,water,japonic.water.0162
Miyako_miya1259,water,japonic.water.0162
NorthernAmami-Oshima_nort2935,water,japonic.water.0162
NorthernAmami-Oshima_nort2935,water,japonic.water.0162
Toku-No-Shima_toku1246,water,japonic.water.0162
Yaeyama_yaey1239,water,japonic.water.0162
Yaeyama_yaey1239,water,japonic.water.0162
Yaeyama_yaey1239,water,japonic.water.0162
Yaeyama_yaey1239,water,japonic.water.0162
Yaeyama_yaey1239,water,japonic.water.0162
Yaeyama_yaey1239,water,japonic.water.0162
Yaeyama_yaey1239,water,japonic.water.0162
Yaeyama_yaey1239,water,japonic.water.0162
Yonaguni_yona1241,water,japonic.water.0162
Yoron_yoro1243,water,japonic.water.0162
