Language_ID,Feature_ID,Value
Ambakich_amba1269,1pl,lowersepikramu.1pl.0001
ApMa_apma1241,1pl,?
Mwakai_mong1344,1pl,koam.1pl.0001
UlwaPapuaNewGuinea_yaul1241,1pl,koam.1pl.0002
Ambakich_amba1269,1sg,lowersepikramu.1sg.0009
Ambakich_amba1269,1sg,lowersepikramu.1sg.0009
Ambakich_amba1269,1sg,lowersepikramu.1sg.0009
Ambakich_amba1269,1sg,lowersepikramu.1sg.0009
Ambakich_amba1269,1sg,lowersepikramu.1sg.0009
Ambakich_amba1269,1sg,lowersepikramu.1sg.0009
ApMa_apma1241,1sg,botin.1sg.0007
ApMa_apma1241,1sg,botin.1sg.0065
Mwakai_mong1344,1sg,koam.1sg.0003
Mwakai_mong1344,1sg,koam.1sg.0003
UlwaPapuaNewGuinea_yaul1241,1sg,koam.1sg.0003
Ambakich_amba1269,2sg,lowersepikramu.2sg.0018
Ambakich_amba1269,2sg,lowersepikramu.2sg.0018
Ambakich_amba1269,2sg,lowersepikramu.2sg.0018
Ambakich_amba1269,2sg,lowersepikramu.2sg.0018
Ambakich_amba1269,2sg,lowersepikramu.2sg.0018
Ambakich_amba1269,2sg,lowersepikramu.2sg.0018
ApMa_apma1241,2sg,?
Mwakai_mong1344,2sg,koam.2sg.0004
UlwaPapuaNewGuinea_yaul1241,2sg,koam.2sg.0005
Ambakich_amba1269,blood,lowersepikramu.blood.0025
Ambakich_amba1269,blood,lowersepikramu.blood.0025
Ambakich_amba1269,blood,lowersepikramu.blood.0025
Ambakich_amba1269,blood,lowersepikramu.blood.0025
Ambakich_amba1269,blood,lowersepikramu.blood.0025
Ambakich_amba1269,blood,lowersepikramu.blood.0025
ApMa_apma1241,blood,botin.blood.0082
Mwakai_mong1344,blood,koam.blood.0006
UlwaPapuaNewGuinea_yaul1241,blood,koam.blood.0007
Ambakich_amba1269,bone,lowersepikramu.bone.0042
Ambakich_amba1269,bone,lowersepikramu.bone.0042
Ambakich_amba1269,bone,lowersepikramu.bone.0042
Ambakich_amba1269,bone,lowersepikramu.bone.0042
Ambakich_amba1269,bone,lowersepikramu.bone.0042
Ambakich_amba1269,bone,lowersepikramu.bone.0042
ApMa_apma1241,bone,botin.bone.0001
Mwakai_mong1344,bone,koam.bone.0008
UlwaPapuaNewGuinea_yaul1241,bone,koam.bone.0009
Ambakich_amba1269,breast,lowersepikramu.breast.0049
Ambakich_amba1269,breast,lowersepikramu.breast.0049
Ambakich_amba1269,breast,lowersepikramu.breast.0049
Ambakich_amba1269,breast,lowersepikramu.breast.0049
Ambakich_amba1269,breast,lowersepikramu.breast.0049
Ambakich_amba1269,breast,lowersepikramu.breast.0049
ApMa_apma1241,breast,botin.breast.0100
Mwakai_mong1344,breast,koam.breast.0010
UlwaPapuaNewGuinea_yaul1241,breast,koam.breast.0011
Ambakich_amba1269,come,lowersepikramu.come.0058
Ambakich_amba1269,come,lowersepikramu.come.0059
Ambakich_amba1269,come,lowersepikramu.come.0059
Ambakich_amba1269,come,lowersepikramu.come.0059
Ambakich_amba1269,come,lowersepikramu.come.0059
Ambakich_amba1269,come,lowersepikramu.come.0059
ApMa_apma1241,come,botin.come.0103
Mwakai_mong1344,come,koam.come.0012
UlwaPapuaNewGuinea_yaul1241,come,koam.come.0013
Ambakich_amba1269,die,lowersepikramu.die.0078
Ambakich_amba1269,die,lowersepikramu.die.0079
Ambakich_amba1269,die,lowersepikramu.die.0079
Ambakich_amba1269,die,lowersepikramu.die.0079
Ambakich_amba1269,die,lowersepikramu.die.0079
Ambakich_amba1269,die,lowersepikramu.die.0079
ApMa_apma1241,die,botin.die.0106
Mwakai_mong1344,die,?
UlwaPapuaNewGuinea_yaul1241,die,koam.die.0014
Ambakich_amba1269,dog,lowersepikramu.dog.0093
Ambakich_amba1269,dog,lowersepikramu.dog.0093
Ambakich_amba1269,dog,lowersepikramu.dog.0093
Ambakich_amba1269,dog,lowersepikramu.dog.0093
Ambakich_amba1269,dog,lowersepikramu.dog.0093
Ambakich_amba1269,dog,lowersepikramu.dog.0093
ApMa_apma1241,dog,botin.dog.0097
Mwakai_mong1344,dog,koam.dog.0015
UlwaPapuaNewGuinea_yaul1241,dog,koam.dog.0016
Ambakich_amba1269,drink,lowersepikramu.drink.0108
Ambakich_amba1269,drink,lowersepikramu.drink.0109
Ambakich_amba1269,drink,lowersepikramu.drink.0109
Ambakich_amba1269,drink,lowersepikramu.drink.0109
Ambakich_amba1269,drink,lowersepikramu.drink.0109
Ambakich_amba1269,drink,lowersepikramu.drink.0109
ApMa_apma1241,drink,botin.drink.0105
ApMa_apma1241,drink,botin.drink.0106
Mwakai_mong1344,drink,koam.drink.0017
UlwaPapuaNewGuinea_yaul1241,drink,koam.drink.0018
Ambakich_amba1269,ear,lowersepikramu.ear.0122
Ambakich_amba1269,ear,lowersepikramu.ear.0122
Ambakich_amba1269,ear,lowersepikramu.ear.0122
Ambakich_amba1269,ear,lowersepikramu.ear.0122
Ambakich_amba1269,ear,lowersepikramu.ear.0122
Ambakich_amba1269,ear,lowersepikramu.ear.0122
ApMa_apma1241,ear,botin.ear.0022
Mwakai_mong1344,ear,koam.ear.0019
UlwaPapuaNewGuinea_yaul1241,ear,koam.ear.0020
Ambakich_amba1269,eye,lowersepikramu.eye.0134
Ambakich_amba1269,eye,lowersepikramu.eye.0134
Ambakich_amba1269,eye,lowersepikramu.eye.0134
Ambakich_amba1269,eye,lowersepikramu.eye.0134
Ambakich_amba1269,eye,lowersepikramu.eye.0134
Ambakich_amba1269,eye,lowersepikramu.eye.0134
ApMa_apma1241,eye,botin.eye.0113
Mwakai_mong1344,eye,koam.eye.0021
UlwaPapuaNewGuinea_yaul1241,eye,koam.eye.0022
Ambakich_amba1269,fire,lowersepikramu.fire.0148
Ambakich_amba1269,fire,lowersepikramu.fire.0148
Ambakich_amba1269,fire,lowersepikramu.fire.0148
Ambakich_amba1269,fire,lowersepikramu.fire.0148
Ambakich_amba1269,fire,lowersepikramu.fire.0148
Ambakich_amba1269,fire,lowersepikramu.fire.0148
ApMa_apma1241,fire,botin.fire.0112
Mwakai_mong1344,fire,?
UlwaPapuaNewGuinea_yaul1241,fire,koam.fire.0023
Ambakich_amba1269,fish,lowersepikramu.fish.0163
Ambakich_amba1269,fish,lowersepikramu.fish.0163
Ambakich_amba1269,fish,lowersepikramu.fish.0163
Ambakich_amba1269,fish,lowersepikramu.fish.0163
Ambakich_amba1269,fish,lowersepikramu.fish.0163
Ambakich_amba1269,fish,lowersepikramu.fish.0163
ApMa_apma1241,fish,botin.fish.0117
Mwakai_mong1344,fish,koam.fish.0024
UlwaPapuaNewGuinea_yaul1241,fish,koam.fish.0024
Ambakich_amba1269,full,lowersepikramu.full.0180
Ambakich_amba1269,full,lowersepikramu.full.0180
Ambakich_amba1269,full,lowersepikramu.full.0180
Ambakich_amba1269,full,lowersepikramu.full.0180
Ambakich_amba1269,full,lowersepikramu.full.0180
ApMa_apma1241,full,botin.full.0102
Mwakai_mong1344,full,?
UlwaPapuaNewGuinea_yaul1241,full,koam.full.0025
Ambakich_amba1269,hand,lowersepikramu.hand.0201
Ambakich_amba1269,hand,lowersepikramu.hand.0202
Ambakich_amba1269,hand,lowersepikramu.hand.0202
Ambakich_amba1269,hand,lowersepikramu.hand.0202
Ambakich_amba1269,hand,lowersepikramu.hand.0202
Ambakich_amba1269,hand,lowersepikramu.hand.0202
ApMa_apma1241,hand,botin.hand.0091
Mwakai_mong1344,hand,koam.hand.0026
UlwaPapuaNewGuinea_yaul1241,hand,koam.hand.0027
Ambakich_amba1269,hear,lowersepikramu.hear.0224
Ambakich_amba1269,hear,lowersepikramu.hear.0225
Ambakich_amba1269,hear,lowersepikramu.hear.0225
Ambakich_amba1269,hear,lowersepikramu.hear.0225
Ambakich_amba1269,hear,lowersepikramu.hear.0225
Ambakich_amba1269,hear,lowersepikramu.hear.0225
ApMa_apma1241,hear,botin.hear.0125
Mwakai_mong1344,hear,koam.hear.0028
UlwaPapuaNewGuinea_yaul1241,hear,koam.hear.0029
Ambakich_amba1269,horn,lowersepikramu.horn.0241
Ambakich_amba1269,horn,lowersepikramu.horn.0241
Ambakich_amba1269,horn,lowersepikramu.horn.0241
Ambakich_amba1269,horn,lowersepikramu.horn.0241
Ambakich_amba1269,horn,lowersepikramu.horn.0241
ApMa_apma1241,horn,botin.horn.0088
Mwakai_mong1344,horn,?
UlwaPapuaNewGuinea_yaul1241,horn,koam.horn.0030
Ambakich_amba1269,knee,lowersepikramu.knee.0246
Ambakich_amba1269,knee,lowersepikramu.knee.0246
Ambakich_amba1269,knee,lowersepikramu.knee.0246
Ambakich_amba1269,knee,lowersepikramu.knee.0246
Ambakich_amba1269,knee,lowersepikramu.knee.0247
Ambakich_amba1269,knee,lowersepikramu.knee.0247
ApMa_apma1241,knee,botin.knee.0007
Mwakai_mong1344,knee,koam.knee.0031
UlwaPapuaNewGuinea_yaul1241,knee,koam.knee.0032
Ambakich_amba1269,leaf,lowersepikramu.leaf.0268
ApMa_apma1241,leaf,botin.leaf.0101
Mwakai_mong1344,leaf,?
UlwaPapuaNewGuinea_yaul1241,leaf,koam.leaf.0033
Ambakich_amba1269,liver,lowersepikramu.liver.0278
Ambakich_amba1269,liver,lowersepikramu.liver.0278
Ambakich_amba1269,liver,lowersepikramu.liver.0278
Ambakich_amba1269,liver,lowersepikramu.liver.0278
Ambakich_amba1269,liver,lowersepikramu.liver.0278
Ambakich_amba1269,liver,lowersepikramu.liver.0278
ApMa_apma1241,liver,botin.liver.0113
Mwakai_mong1344,liver,koam.liver.0034
UlwaPapuaNewGuinea_yaul1241,liver,koam.liver.0035
Ambakich_amba1269,louse,lowersepikramu.louse.0296
Ambakich_amba1269,louse,lowersepikramu.louse.0296
Ambakich_amba1269,louse,lowersepikramu.louse.0296
Ambakich_amba1269,louse,lowersepikramu.louse.0296
Ambakich_amba1269,louse,lowersepikramu.louse.0296
Ambakich_amba1269,louse,lowersepikramu.louse.0296
ApMa_apma1241,louse,botin.louse.0095
Mwakai_mong1344,louse,koam.louse.0036
UlwaPapuaNewGuinea_yaul1241,louse,koam.louse.0037
Ambakich_amba1269,mountain,lowersepikramu.mountain.0316
Ambakich_amba1269,mountain,lowersepikramu.mountain.0316
Ambakich_amba1269,mountain,lowersepikramu.mountain.0316
Ambakich_amba1269,mountain,lowersepikramu.mountain.0316
Ambakich_amba1269,mountain,lowersepikramu.mountain.0316
Ambakich_amba1269,mountain,lowersepikramu.mountain.0316
ApMa_apma1241,mountain,botin.mountain.0109
Mwakai_mong1344,mountain,koam.mountain.0038
UlwaPapuaNewGuinea_yaul1241,mountain,koam.mountain.0039
Ambakich_amba1269,name,lowersepikramu.name.0339
Ambakich_amba1269,name,lowersepikramu.name.0339
Ambakich_amba1269,name,lowersepikramu.name.0339
Ambakich_amba1269,name,lowersepikramu.name.0339
Ambakich_amba1269,name,lowersepikramu.name.0339
ApMa_apma1241,name,botin.name.0088
Mwakai_mong1344,name,?
UlwaPapuaNewGuinea_yaul1241,name,koam.name.0040
Ambakich_amba1269,new,lowersepikramu.new.0353
Ambakich_amba1269,new,lowersepikramu.new.0353
Ambakich_amba1269,new,lowersepikramu.new.0353
Ambakich_amba1269,new,lowersepikramu.new.0353
Ambakich_amba1269,new,lowersepikramu.new.0353
Ambakich_amba1269,new,lowersepikramu.new.0353
ApMa_apma1241,new,botin.new.0107
Mwakai_mong1344,new,koam.new.0041
UlwaPapuaNewGuinea_yaul1241,new,koam.new.0042
Ambakich_amba1269,night,lowersepikramu.night.0365
Ambakich_amba1269,night,lowersepikramu.night.0366
Ambakich_amba1269,night,lowersepikramu.night.0366
Ambakich_amba1269,night,lowersepikramu.night.0366
Ambakich_amba1269,night,lowersepikramu.night.0366
Ambakich_amba1269,night,lowersepikramu.night.0366
ApMa_apma1241,night,botin.night.0005
Mwakai_mong1344,night,koam.night.0043
UlwaPapuaNewGuinea_yaul1241,night,koam.night.0044
Ambakich_amba1269,nose,lowersepikramu.nose.0386
Ambakich_amba1269,nose,lowersepikramu.nose.0386
Ambakich_amba1269,nose,lowersepikramu.nose.0386
Ambakich_amba1269,nose,lowersepikramu.nose.0386
Ambakich_amba1269,nose,lowersepikramu.nose.0386
Ambakich_amba1269,nose,lowersepikramu.nose.0386
ApMa_apma1241,nose,botin.nose.0122
Mwakai_mong1344,nose,koam.nose.0045
UlwaPapuaNewGuinea_yaul1241,nose,koam.nose.0046
Ambakich_amba1269,one,lowersepikramu.one.0405
Ambakich_amba1269,one,lowersepikramu.one.0405
Ambakich_amba1269,one,lowersepikramu.one.0405
Ambakich_amba1269,one,lowersepikramu.one.0405
Ambakich_amba1269,one,lowersepikramu.one.0405
Ambakich_amba1269,one,lowersepikramu.one.0405
Ambakich_amba1269,one,lowersepikramu.one.0417
ApMa_apma1241,one,botin.one.0111
ApMa_apma1241,one,botin.one.0112
Mwakai_mong1344,one,?
UlwaPapuaNewGuinea_yaul1241,one,koam.one.0047
Ambakich_amba1269,path,lowersepikramu.path.0419
Ambakich_amba1269,path,lowersepikramu.path.0419
Ambakich_amba1269,path,lowersepikramu.path.0419
Ambakich_amba1269,path,lowersepikramu.path.0419
Ambakich_amba1269,path,lowersepikramu.path.0419
Ambakich_amba1269,path,lowersepikramu.path.0419
ApMa_apma1241,path,botin.path.0113
Mwakai_mong1344,path,?
UlwaPapuaNewGuinea_yaul1241,path,koam.path.0048
Ambakich_amba1269,person,lowersepikramu.person.0434
Ambakich_amba1269,person,lowersepikramu.person.0435
Ambakich_amba1269,person,lowersepikramu.person.0435
Ambakich_amba1269,person,lowersepikramu.person.0435
Ambakich_amba1269,person,lowersepikramu.person.0435
Ambakich_amba1269,person,lowersepikramu.person.0435
ApMa_apma1241,person,botin.person.0130
Mwakai_mong1344,person,koam.person.0049
UlwaPapuaNewGuinea_yaul1241,person,koam.person.0049
Ambakich_amba1269,see,lowersepikramu.see.0452
Ambakich_amba1269,see,lowersepikramu.see.0453
Ambakich_amba1269,see,lowersepikramu.see.0453
Ambakich_amba1269,see,lowersepikramu.see.0453
Ambakich_amba1269,see,lowersepikramu.see.0453
Ambakich_amba1269,see,lowersepikramu.see.0453
ApMa_apma1241,see,botin.see.0098
Mwakai_mong1344,see,koam.see.0050
UlwaPapuaNewGuinea_yaul1241,see,koam.see.0051
Ambakich_amba1269,skin,lowersepikramu.skin.0473
Ambakich_amba1269,skin,lowersepikramu.skin.0474
Ambakich_amba1269,skin,lowersepikramu.skin.0475
Ambakich_amba1269,skin,lowersepikramu.skin.0475
Ambakich_amba1269,skin,lowersepikramu.skin.0476
Ambakich_amba1269,skin,lowersepikramu.skin.0476
ApMa_apma1241,skin,botin.skin.0124
Mwakai_mong1344,skin,koam.skin.0052
UlwaPapuaNewGuinea_yaul1241,skin,koam.skin.0053
Ambakich_amba1269,star,lowersepikramu.star.0501
Ambakich_amba1269,star,lowersepikramu.star.0501
Ambakich_amba1269,star,lowersepikramu.star.0501
Ambakich_amba1269,star,lowersepikramu.star.0501
Ambakich_amba1269,star,lowersepikramu.star.0501
Ambakich_amba1269,star,lowersepikramu.star.0501
ApMa_apma1241,star,botin.star.0091
Mwakai_mong1344,star,koam.star.0054
UlwaPapuaNewGuinea_yaul1241,star,koam.star.0055
Ambakich_amba1269,stone,lowersepikramu.stone.0521
Ambakich_amba1269,stone,lowersepikramu.stone.0521
Ambakich_amba1269,stone,lowersepikramu.stone.0521
Ambakich_amba1269,stone,lowersepikramu.stone.0521
Ambakich_amba1269,stone,lowersepikramu.stone.0521
Ambakich_amba1269,stone,lowersepikramu.stone.0521
ApMa_apma1241,stone,botin.stone.0123
Mwakai_mong1344,stone,koam.stone.0056
UlwaPapuaNewGuinea_yaul1241,stone,koam.stone.0057
Ambakich_amba1269,sun,lowersepikramu.sun.0540
Ambakich_amba1269,sun,lowersepikramu.sun.0541
Ambakich_amba1269,sun,lowersepikramu.sun.0542
Ambakich_amba1269,sun,lowersepikramu.sun.0543
Ambakich_amba1269,sun,lowersepikramu.sun.0544
Ambakich_amba1269,sun,lowersepikramu.sun.0545
ApMa_apma1241,sun,botin.sun.0109
Mwakai_mong1344,sun,koam.sun.0058
UlwaPapuaNewGuinea_yaul1241,sun,koam.sun.0059
Ambakich_amba1269,tongue,lowersepikramu.tongue.0560
Ambakich_amba1269,tongue,lowersepikramu.tongue.0560
Ambakich_amba1269,tongue,lowersepikramu.tongue.0560
Ambakich_amba1269,tongue,lowersepikramu.tongue.0560
Ambakich_amba1269,tongue,lowersepikramu.tongue.0560
Ambakich_amba1269,tongue,lowersepikramu.tongue.0560
ApMa_apma1241,tongue,botin.tongue.0102
Mwakai_mong1344,tongue,koam.tongue.0060
UlwaPapuaNewGuinea_yaul1241,tongue,koam.tongue.0061
Ambakich_amba1269,tooth,lowersepikramu.tooth.0574
Ambakich_amba1269,tooth,lowersepikramu.tooth.0574
Ambakich_amba1269,tooth,lowersepikramu.tooth.0574
Ambakich_amba1269,tooth,lowersepikramu.tooth.0574
Ambakich_amba1269,tooth,lowersepikramu.tooth.0574
Ambakich_amba1269,tooth,lowersepikramu.tooth.0574
ApMa_apma1241,tooth,botin.tooth.0102
Mwakai_mong1344,tooth,koam.tooth.0062
UlwaPapuaNewGuinea_yaul1241,tooth,koam.tooth.0063
Ambakich_amba1269,tree,lowersepikramu.tree.0585
Ambakich_amba1269,tree,lowersepikramu.tree.0585
Ambakich_amba1269,tree,lowersepikramu.tree.0585
Ambakich_amba1269,tree,lowersepikramu.tree.0585
Ambakich_amba1269,tree,lowersepikramu.tree.0585
Ambakich_amba1269,tree,lowersepikramu.tree.0585
ApMa_apma1241,tree,botin.tree.0106
Mwakai_mong1344,tree,?
UlwaPapuaNewGuinea_yaul1241,tree,koam.tree.0064
Ambakich_amba1269,two,lowersepikramu.two.0597
Ambakich_amba1269,two,lowersepikramu.two.0597
Ambakich_amba1269,two,lowersepikramu.two.0597
Ambakich_amba1269,two,lowersepikramu.two.0597
Ambakich_amba1269,two,lowersepikramu.two.0597
Ambakich_amba1269,two,lowersepikramu.two.0597
ApMa_apma1241,two,botin.two.0067
Mwakai_mong1344,two,?
UlwaPapuaNewGuinea_yaul1241,two,koam.two.0065
Ambakich_amba1269,water,lowersepikramu.water.0617
Ambakich_amba1269,water,lowersepikramu.water.0617
Ambakich_amba1269,water,lowersepikramu.water.0617
Ambakich_amba1269,water,lowersepikramu.water.0617
Ambakich_amba1269,water,lowersepikramu.water.0617
Ambakich_amba1269,water,lowersepikramu.water.0617
ApMa_apma1241,water,botin.water.0095
Mwakai_mong1344,water,koam.water.0066
UlwaPapuaNewGuinea_yaul1241,water,koam.water.0066
