Language_ID,Feature_ID,Value
Aiome_aiom1240,1pl,lowersepikramu.1pl.0001
Andarum_anda1284,1pl,lowersepikramu.1pl.0001
Andarum_anda1284,1pl,lowersepikramu.1pl.0001
Angoram_ango1255,1pl,?
Anor_anor1241,1pl,lowersepikramu.1pl.0001
Aruamu_arua1260,1pl,lowersepikramu.1pl.0002
Awar_awar1249,1pl,lowersepikramu.1pl.0002
Banaro_bana1292,1pl,banaro.1pl.0001
Borei_bore1247,1pl,lowersepikramu.1pl.0002
Bosngun_bosn1248,1pl,lowersepikramu.1pl.0002
Bosngun_bosn1248,1pl,lowersepikramu.1pl.0002
Breri_brer1240,1pl,lowersepikramu.1pl.0001
Chambri_cham1313,1pl,lowersepikramu.1pl.0003
Chini_akru1241,1pl,lowersepikramu.1pl.0001
Gorovu_goro1261,1pl,lowersepikramu.1pl.0001
Itutang-Inapang_inap1241,1pl,lowersepikramu.1pl.0001
Kaian_kaia1245,1pl,lowersepikramu.1pl.0002
Kanggape_kang1291,1pl,lowersepikramu.1pl.0005
Kire_kire1240,1pl,lowersepikramu.1pl.0004
Kopar_kopa1248,1pl,lowersepikramu.1pl.0006
MurikPapuaNewGuinea_muri1260,1pl,?
Rao_raoo1244,1pl,lowersepikramu.1pl.0001
Romkun_romk1240,1pl,lowersepikramu.1pl.0001
Sepen_sepe1240,1pl,lowersepikramu.1pl.0007
Tabriak_tabr1243,1pl,?
Tanggu_tang1355,1pl,lowersepikramu.1pl.0005
Tanguat_tang1356,1pl,lowersepikramu.1pl.0005
Watam_wata1253,1pl,lowersepikramu.1pl.0002
Yimas_yima1243,1pl,lowersepikramu.1pl.0008
Aiome_aiom1240,1sg,lowersepikramu.1sg.0009
Andarum_anda1284,1sg,lowersepikramu.1sg.0010
Angoram_ango1255,1sg,lowersepikramu.1sg.0011
Anor_anor1241,1sg,lowersepikramu.1sg.0009
Aruamu_arua1260,1sg,lowersepikramu.1sg.0010
Awar_awar1249,1sg,lowersepikramu.1sg.0009
Banaro_bana1292,1sg,banaro.1sg.0002
Banaro_bana1292,1sg,banaro.1sg.0003
Borei_bore1247,1sg,lowersepikramu.1sg.0013
Bosngun_bosn1248,1sg,lowersepikramu.1sg.0009
Bosngun_bosn1248,1sg,lowersepikramu.1sg.0009
Breri_brer1240,1sg,lowersepikramu.1sg.0012
Chambri_cham1313,1sg,lowersepikramu.1sg.0011
Chini_akru1241,1sg,lowersepikramu.1sg.0010
Gorovu_goro1261,1sg,lowersepikramu.1sg.0009
Itutang-Inapang_inap1241,1sg,lowersepikramu.1sg.0009
Kaian_kaia1245,1sg,lowersepikramu.1sg.0014
Kanggape_kang1291,1sg,lowersepikramu.1sg.0010
Kire_kire1240,1sg,lowersepikramu.1sg.0010
Kopar_kopa1248,1sg,lowersepikramu.1sg.0011
MurikPapuaNewGuinea_muri1260,1sg,lowersepikramu.1sg.0009
Rao_raoo1244,1sg,lowersepikramu.1sg.0009
Romkun_romk1240,1sg,lowersepikramu.1sg.0010
Sepen_sepe1240,1sg,lowersepikramu.1sg.0010
Tabriak_tabr1243,1sg,lowersepikramu.1sg.0015
Tanggu_tang1355,1sg,lowersepikramu.1sg.0010
Tanguat_tang1356,1sg,lowersepikramu.1sg.0010
Watam_wata1253,1sg,lowersepikramu.1sg.0016
Yimas_yima1243,1sg,lowersepikramu.1sg.0011
Aiome_aiom1240,2sg,lowersepikramu.2sg.0017
Andarum_anda1284,2sg,lowersepikramu.2sg.0017
Angoram_ango1255,2sg,?
Anor_anor1241,2sg,lowersepikramu.2sg.0017
Aruamu_arua1260,2sg,lowersepikramu.2sg.0017
Awar_awar1249,2sg,lowersepikramu.2sg.0019
Banaro_bana1292,2sg,banaro.2sg.0004
Banaro_bana1292,2sg,banaro.2sg.0004
Banaro_bana1292,2sg,banaro.2sg.0004
Borei_bore1247,2sg,lowersepikramu.2sg.0020
Bosngun_bosn1248,2sg,lowersepikramu.2sg.0019
Bosngun_bosn1248,2sg,lowersepikramu.2sg.0019
Breri_brer1240,2sg,lowersepikramu.2sg.0017
Chambri_cham1313,2sg,lowersepikramu.2sg.0017
Chini_akru1241,2sg,lowersepikramu.2sg.0017
Gorovu_goro1261,2sg,lowersepikramu.2sg.0017
Itutang-Inapang_inap1241,2sg,lowersepikramu.2sg.0017
Kaian_kaia1245,2sg,lowersepikramu.2sg.0021
Kaian_kaia1245,2sg,lowersepikramu.2sg.0022
Kanggape_kang1291,2sg,lowersepikramu.2sg.0017
Kire_kire1240,2sg,lowersepikramu.2sg.0017
Kopar_kopa1248,2sg,lowersepikramu.2sg.0019
MurikPapuaNewGuinea_muri1260,2sg,?
Rao_raoo1244,2sg,lowersepikramu.2sg.0017
Romkun_romk1240,2sg,lowersepikramu.2sg.0017
Sepen_sepe1240,2sg,lowersepikramu.2sg.0017
Tabriak_tabr1243,2sg,?
Tanggu_tang1355,2sg,lowersepikramu.2sg.0017
Tanguat_tang1356,2sg,lowersepikramu.2sg.0017
Watam_wata1253,2sg,lowersepikramu.2sg.0020
Yimas_yima1243,2sg,lowersepikramu.2sg.0019
Aiome_aiom1240,blood,lowersepikramu.blood.0023
Andarum_anda1284,blood,lowersepikramu.blood.0024
Angoram_ango1255,blood,lowersepikramu.blood.0026
Anor_anor1241,blood,lowersepikramu.blood.0023
Aruamu_arua1260,blood,lowersepikramu.blood.0033
Awar_awar1249,blood,lowersepikramu.blood.0027
Banaro_bana1292,blood,banaro.blood.0005
Banaro_bana1292,blood,banaro.blood.0006
Borei_bore1247,blood,lowersepikramu.blood.0030
Bosngun_bosn1248,blood,lowersepikramu.blood.0028
Breri_brer1240,blood,lowersepikramu.blood.0024
Chambri_cham1313,blood,lowersepikramu.blood.0029
Chini_akru1241,blood,lowersepikramu.blood.0024
Gorovu_goro1261,blood,lowersepikramu.blood.0024
Itutang-Inapang_inap1241,blood,lowersepikramu.blood.0024
Kaian_kaia1245,blood,lowersepikramu.blood.0030
Kanggape_kang1291,blood,lowersepikramu.blood.0024
Kire_kire1240,blood,lowersepikramu.blood.0031
Kopar_kopa1248,blood,lowersepikramu.blood.0032
MurikPapuaNewGuinea_muri1260,blood,lowersepikramu.blood.0034
Rao_raoo1244,blood,lowersepikramu.blood.0035
Romkun_romk1240,blood,lowersepikramu.blood.0024
Sepen_sepe1240,blood,lowersepikramu.blood.0036
Tabriak_tabr1243,blood,lowersepikramu.blood.0037
Tanggu_tang1355,blood,lowersepikramu.blood.0024
Tanguat_tang1356,blood,lowersepikramu.blood.0024
Watam_wata1253,blood,lowersepikramu.blood.0038
Yimas_yima1243,blood,lowersepikramu.blood.0039
Aiome_aiom1240,bone,lowersepikramu.bone.0040
Aiome_aiom1240,bone,lowersepikramu.bone.0043
Andarum_anda1284,bone,lowersepikramu.bone.0043
Angoram_ango1255,bone,lowersepikramu.bone.0044
Anor_anor1241,bone,lowersepikramu.bone.0043
Aruamu_arua1260,bone,lowersepikramu.bone.0043
Awar_awar1249,bone,lowersepikramu.bone.0043
Banaro_bana1292,bone,banaro.bone.0007
Borei_bore1247,bone,lowersepikramu.bone.0043
Bosngun_bosn1248,bone,lowersepikramu.bone.0043
Bosngun_bosn1248,bone,lowersepikramu.bone.0043
Breri_brer1240,bone,lowersepikramu.bone.0045
Chambri_cham1313,bone,lowersepikramu.bone.0046
Chini_akru1241,bone,lowersepikramu.bone.0041
Gorovu_goro1261,bone,lowersepikramu.bone.0043
Itutang-Inapang_inap1241,bone,lowersepikramu.bone.0045
Kaian_kaia1245,bone,lowersepikramu.bone.0043
Kanggape_kang1291,bone,lowersepikramu.bone.0043
Kire_kire1240,bone,lowersepikramu.bone.0043
Kire_kire1240,bone,lowersepikramu.bone.0043
Kopar_kopa1248,bone,lowersepikramu.bone.0047
MurikPapuaNewGuinea_muri1260,bone,lowersepikramu.bone.0043
Rao_raoo1244,bone,lowersepikramu.bone.0043
Romkun_romk1240,bone,lowersepikramu.bone.0045
Sepen_sepe1240,bone,lowersepikramu.bone.0043
Tabriak_tabr1243,bone,lowersepikramu.bone.0048
Tanggu_tang1355,bone,lowersepikramu.bone.0041
Tanguat_tang1356,bone,lowersepikramu.bone.0041
Watam_wata1253,bone,lowersepikramu.bone.0043
Yimas_yima1243,bone,lowersepikramu.bone.0046
Aiome_aiom1240,breast,?
Andarum_anda1284,breast,?
Angoram_ango1255,breast,lowersepikramu.breast.0050
Anor_anor1241,breast,?
Aruamu_arua1260,breast,?
Awar_awar1249,breast,?
Banaro_bana1292,breast,banaro.breast.0008
Banaro_bana1292,breast,banaro.breast.0009
Borei_bore1247,breast,?
Bosngun_bosn1248,breast,?
Breri_brer1240,breast,?
Chambri_cham1313,breast,lowersepikramu.breast.0051
Chini_akru1241,breast,?
Gorovu_goro1261,breast,?
Itutang-Inapang_inap1241,breast,?
Kaian_kaia1245,breast,?
Kanggape_kang1291,breast,?
Kire_kire1240,breast,?
Kopar_kopa1248,breast,lowersepikramu.breast.0051
MurikPapuaNewGuinea_muri1260,breast,lowersepikramu.breast.0052
Rao_raoo1244,breast,lowersepikramu.breast.0053
Romkun_romk1240,breast,?
Sepen_sepe1240,breast,?
Tabriak_tabr1243,breast,lowersepikramu.breast.0054
Tanggu_tang1355,breast,?
Tanguat_tang1356,breast,?
Watam_wata1253,breast,?
Yimas_yima1243,breast,lowersepikramu.breast.0055
Aiome_aiom1240,come,lowersepikramu.come.0056
Andarum_anda1284,come,lowersepikramu.come.0060
Andarum_anda1284,come,lowersepikramu.come.0075
Angoram_ango1255,come,lowersepikramu.come.0061
Anor_anor1241,come,lowersepikramu.come.0062
Aruamu_arua1260,come,lowersepikramu.come.0062
Awar_awar1249,come,lowersepikramu.come.0063
Banaro_bana1292,come,banaro.come.0010
Banaro_bana1292,come,banaro.come.0011
Borei_bore1247,come,lowersepikramu.come.0064
Bosngun_bosn1248,come,lowersepikramu.come.0064
Breri_brer1240,come,lowersepikramu.come.0065
Chambri_cham1313,come,lowersepikramu.come.0058
Chini_akru1241,come,lowersepikramu.come.0057
Gorovu_goro1261,come,lowersepikramu.come.0066
Itutang-Inapang_inap1241,come,lowersepikramu.come.0058
Itutang-Inapang_inap1241,come,lowersepikramu.come.0058
Kaian_kaia1245,come,lowersepikramu.come.0064
Kanggape_kang1291,come,lowersepikramu.come.0058
Kire_kire1240,come,lowersepikramu.come.0062
Kopar_kopa1248,come,?
MurikPapuaNewGuinea_muri1260,come,lowersepikramu.come.0067
Rao_raoo1244,come,lowersepikramu.come.0068
Romkun_romk1240,come,lowersepikramu.come.0069
Sepen_sepe1240,come,lowersepikramu.come.0070
Tabriak_tabr1243,come,lowersepikramu.come.0071
Tanggu_tang1355,come,lowersepikramu.come.0072
Tanguat_tang1356,come,lowersepikramu.come.0073
Watam_wata1253,come,lowersepikramu.come.0074
Yimas_yima1243,come,lowersepikramu.come.0058
Aiome_aiom1240,die,lowersepikramu.die.0076
Andarum_anda1284,die,lowersepikramu.die.0080
Angoram_ango1255,die,lowersepikramu.die.0081
Anor_anor1241,die,lowersepikramu.die.0082
Aruamu_arua1260,die,lowersepikramu.die.0085
Awar_awar1249,die,lowersepikramu.die.0083
Banaro_bana1292,die,banaro.die.0012
Borei_bore1247,die,lowersepikramu.die.0083
Bosngun_bosn1248,die,lowersepikramu.die.0083
Bosngun_bosn1248,die,lowersepikramu.die.0083
Breri_brer1240,die,lowersepikramu.die.0084
Chambri_cham1313,die,?
Chini_akru1241,die,lowersepikramu.die.0077
Gorovu_goro1261,die,lowersepikramu.die.0086
Itutang-Inapang_inap1241,die,lowersepikramu.die.0084
Kaian_kaia1245,die,lowersepikramu.die.0083
Kanggape_kang1291,die,lowersepikramu.die.0080
Kire_kire1240,die,lowersepikramu.die.0085
Kire_kire1240,die,lowersepikramu.die.0085
Kopar_kopa1248,die,?
MurikPapuaNewGuinea_muri1260,die,lowersepikramu.die.0087
Rao_raoo1244,die,?
Romkun_romk1240,die,lowersepikramu.die.0088
Sepen_sepe1240,die,lowersepikramu.die.0085
Tabriak_tabr1243,die,lowersepikramu.die.0089
Tanggu_tang1355,die,lowersepikramu.die.0080
Tanguat_tang1356,die,lowersepikramu.die.0090
Watam_wata1253,die,lowersepikramu.die.0083
Yimas_yima1243,die,lowersepikramu.die.0083
Aiome_aiom1240,dog,lowersepikramu.dog.0091
Andarum_anda1284,dog,lowersepikramu.dog.0092
Angoram_ango1255,dog,lowersepikramu.dog.0094
Anor_anor1241,dog,lowersepikramu.dog.0095
Aruamu_arua1260,dog,lowersepikramu.dog.0099
Awar_awar1249,dog,lowersepikramu.dog.0096
Banaro_bana1292,dog,banaro.dog.0013
Banaro_bana1292,dog,banaro.dog.0014
Borei_bore1247,dog,lowersepikramu.dog.0097
Bosngun_bosn1248,dog,lowersepikramu.dog.0097
Breri_brer1240,dog,lowersepikramu.dog.0092
Chambri_cham1313,dog,lowersepikramu.dog.0098
Chini_akru1241,dog,lowersepikramu.dog.0092
Gorovu_goro1261,dog,lowersepikramu.dog.0100
Itutang-Inapang_inap1241,dog,lowersepikramu.dog.0092
Kaian_kaia1245,dog,lowersepikramu.dog.0097
Kanggape_kang1291,dog,lowersepikramu.dog.0092
Kire_kire1240,dog,lowersepikramu.dog.0099
Kopar_kopa1248,dog,lowersepikramu.dog.0092
MurikPapuaNewGuinea_muri1260,dog,lowersepikramu.dog.0101
Rao_raoo1244,dog,lowersepikramu.dog.0102
Romkun_romk1240,dog,lowersepikramu.dog.0092
Sepen_sepe1240,dog,lowersepikramu.dog.0099
Tabriak_tabr1243,dog,lowersepikramu.dog.0103
Tanggu_tang1355,dog,lowersepikramu.dog.0104
Tanguat_tang1356,dog,lowersepikramu.dog.0092
Watam_wata1253,dog,lowersepikramu.dog.0105
Yimas_yima1243,dog,lowersepikramu.dog.0106
Aiome_aiom1240,drink,lowersepikramu.drink.0107
Andarum_anda1284,drink,lowersepikramu.drink.0110
Angoram_ango1255,drink,lowersepikramu.drink.0111
Anor_anor1241,drink,lowersepikramu.drink.0107
Anor_anor1241,drink,lowersepikramu.drink.0108
Aruamu_arua1260,drink,lowersepikramu.drink.0108
Aruamu_arua1260,drink,lowersepikramu.drink.0120
Awar_awar1249,drink,lowersepikramu.drink.0112
Banaro_bana1292,drink,?
Borei_bore1247,drink,lowersepikramu.drink.0115
Bosngun_bosn1248,drink,lowersepikramu.drink.0112
Breri_brer1240,drink,lowersepikramu.drink.0113
Chambri_cham1313,drink,lowersepikramu.drink.0114
Chini_akru1241,drink,lowersepikramu.drink.0108
Gorovu_goro1261,drink,lowersepikramu.drink.0108
Itutang-Inapang_inap1241,drink,lowersepikramu.drink.0108
Kaian_kaia1245,drink,lowersepikramu.drink.0115
Kanggape_kang1291,drink,lowersepikramu.drink.0116
Kire_kire1240,drink,lowersepikramu.drink.0112
Kopar_kopa1248,drink,?
MurikPapuaNewGuinea_muri1260,drink,lowersepikramu.drink.0117
Rao_raoo1244,drink,?
Romkun_romk1240,drink,lowersepikramu.drink.0107
Sepen_sepe1240,drink,lowersepikramu.drink.0108
Tabriak_tabr1243,drink,lowersepikramu.drink.0109
Tanggu_tang1355,drink,lowersepikramu.drink.0118
Tanguat_tang1356,drink,lowersepikramu.drink.0119
Watam_wata1253,drink,lowersepikramu.drink.0108
Watam_wata1253,drink,lowersepikramu.drink.0108
Yimas_yima1243,drink,lowersepikramu.drink.0107
Aiome_aiom1240,ear,lowersepikramu.ear.0121
Andarum_anda1284,ear,lowersepikramu.ear.0122
Angoram_ango1255,ear,lowersepikramu.ear.0123
Anor_anor1241,ear,lowersepikramu.ear.0122
Aruamu_arua1260,ear,lowersepikramu.ear.0122
Awar_awar1249,ear,lowersepikramu.ear.0122
Banaro_bana1292,ear,banaro.ear.0015
Banaro_bana1292,ear,banaro.ear.0016
Borei_bore1247,ear,lowersepikramu.ear.0122
Bosngun_bosn1248,ear,lowersepikramu.ear.0122
Breri_brer1240,ear,lowersepikramu.ear.0124
Chambri_cham1313,ear,lowersepikramu.ear.0125
Chini_akru1241,ear,lowersepikramu.ear.0122
Gorovu_goro1261,ear,lowersepikramu.ear.0122
Itutang-Inapang_inap1241,ear,lowersepikramu.ear.0122
Kaian_kaia1245,ear,lowersepikramu.ear.0122
Kanggape_kang1291,ear,lowersepikramu.ear.0122
Kire_kire1240,ear,lowersepikramu.ear.0122
Kopar_kopa1248,ear,lowersepikramu.ear.0126
MurikPapuaNewGuinea_muri1260,ear,lowersepikramu.ear.0127
Rao_raoo1244,ear,lowersepikramu.ear.0128
Romkun_romk1240,ear,lowersepikramu.ear.0122
Sepen_sepe1240,ear,lowersepikramu.ear.0122
Tabriak_tabr1243,ear,lowersepikramu.ear.0129
Tanggu_tang1355,ear,lowersepikramu.ear.0122
Tanguat_tang1356,ear,lowersepikramu.ear.0130
Watam_wata1253,ear,lowersepikramu.ear.0122
Yimas_yima1243,ear,lowersepikramu.ear.0131
Aiome_aiom1240,eye,lowersepikramu.eye.0132
Andarum_anda1284,eye,lowersepikramu.eye.0135
Angoram_ango1255,eye,lowersepikramu.eye.0136
Anor_anor1241,eye,lowersepikramu.eye.0132
Aruamu_arua1260,eye,lowersepikramu.eye.0137
Awar_awar1249,eye,lowersepikramu.eye.0137
Banaro_bana1292,eye,banaro.eye.0017
Banaro_bana1292,eye,banaro.eye.0018
Borei_bore1247,eye,lowersepikramu.eye.0137
Bosngun_bosn1248,eye,lowersepikramu.eye.0137
Breri_brer1240,eye,lowersepikramu.eye.0133
Chambri_cham1313,eye,lowersepikramu.eye.0138
Chini_akru1241,eye,lowersepikramu.eye.0133
Gorovu_goro1261,eye,lowersepikramu.eye.0139
Itutang-Inapang_inap1241,eye,lowersepikramu.eye.0133
Kaian_kaia1245,eye,lowersepikramu.eye.0137
Kanggape_kang1291,eye,lowersepikramu.eye.0140
Kire_kire1240,eye,lowersepikramu.eye.0137
Kopar_kopa1248,eye,lowersepikramu.eye.0141
MurikPapuaNewGuinea_muri1260,eye,lowersepikramu.eye.0142
Rao_raoo1244,eye,lowersepikramu.eye.0143
Romkun_romk1240,eye,lowersepikramu.eye.0133
Sepen_sepe1240,eye,lowersepikramu.eye.0137
Tabriak_tabr1243,eye,lowersepikramu.eye.0144
Tanggu_tang1355,eye,lowersepikramu.eye.0140
Tanguat_tang1356,eye,lowersepikramu.eye.0140
Watam_wata1253,eye,lowersepikramu.eye.0137
Yimas_yima1243,eye,lowersepikramu.eye.0145
Aiome_aiom1240,fire,lowersepikramu.fire.0146
Andarum_anda1284,fire,lowersepikramu.fire.0147
Angoram_ango1255,fire,lowersepikramu.fire.0149
Anor_anor1241,fire,lowersepikramu.fire.0150
Aruamu_arua1260,fire,lowersepikramu.fire.0157
Awar_awar1249,fire,lowersepikramu.fire.0151
Banaro_bana1292,fire,banaro.fire.0019
Banaro_bana1292,fire,banaro.fire.0019
Borei_bore1247,fire,lowersepikramu.fire.0151
Bosngun_bosn1248,fire,lowersepikramu.fire.0151
Breri_brer1240,fire,lowersepikramu.fire.0147
Chambri_cham1313,fire,lowersepikramu.fire.0152
Chini_akru1241,fire,lowersepikramu.fire.0147
Gorovu_goro1261,fire,lowersepikramu.fire.0147
Itutang-Inapang_inap1241,fire,lowersepikramu.fire.0155
Kaian_kaia1245,fire,lowersepikramu.fire.0151
Kanggape_kang1291,fire,lowersepikramu.fire.0154
Kire_kire1240,fire,lowersepikramu.fire.0153
Kopar_kopa1248,fire,lowersepikramu.fire.0156
MurikPapuaNewGuinea_muri1260,fire,lowersepikramu.fire.0158
Rao_raoo1244,fire,lowersepikramu.fire.0146
Romkun_romk1240,fire,lowersepikramu.fire.0147
Sepen_sepe1240,fire,lowersepikramu.fire.0159
Tabriak_tabr1243,fire,lowersepikramu.fire.0150
Tanggu_tang1355,fire,lowersepikramu.fire.0159
Tanguat_tang1356,fire,lowersepikramu.fire.0155
Watam_wata1253,fire,lowersepikramu.fire.0151
Yimas_yima1243,fire,lowersepikramu.fire.0160
Aiome_aiom1240,fish,lowersepikramu.fish.0161
Andarum_anda1284,fish,lowersepikramu.fish.0164
Angoram_ango1255,fish,lowersepikramu.fish.0165
Anor_anor1241,fish,lowersepikramu.fish.0166
Aruamu_arua1260,fish,lowersepikramu.fish.0173
Awar_awar1249,fish,lowersepikramu.fish.0166
Banaro_bana1292,fish,banaro.fish.0020
Borei_bore1247,fish,lowersepikramu.fish.0168
Borei_bore1247,fish,lowersepikramu.fish.0177
Bosngun_bosn1248,fish,lowersepikramu.fish.0166
Breri_brer1240,fish,lowersepikramu.fish.0167
Chambri_cham1313,fish,lowersepikramu.fish.0166
Chini_akru1241,fish,lowersepikramu.fish.0162
Gorovu_goro1261,fish,lowersepikramu.fish.0170
Itutang-Inapang_inap1241,fish,lowersepikramu.fish.0166
Kaian_kaia1245,fish,lowersepikramu.fish.0166
Kanggape_kang1291,fish,lowersepikramu.fish.0171
Kire_kire1240,fish,lowersepikramu.fish.0169
Kopar_kopa1248,fish,lowersepikramu.fish.0172
MurikPapuaNewGuinea_muri1260,fish,lowersepikramu.fish.0166
Rao_raoo1244,fish,lowersepikramu.fish.0166
Romkun_romk1240,fish,lowersepikramu.fish.0166
Sepen_sepe1240,fish,lowersepikramu.fish.0166
Sepen_sepe1240,fish,lowersepikramu.fish.0166
Tabriak_tabr1243,fish,lowersepikramu.fish.0174
Tanggu_tang1355,fish,lowersepikramu.fish.0175
Tanguat_tang1356,fish,lowersepikramu.fish.0176
Watam_wata1253,fish,lowersepikramu.fish.0166
Yimas_yima1243,fish,?
Aiome_aiom1240,full,lowersepikramu.full.0178
Andarum_anda1284,full,lowersepikramu.full.0181
Angoram_ango1255,full,lowersepikramu.full.0182
Anor_anor1241,full,lowersepikramu.full.0183
Anor_anor1241,full,lowersepikramu.full.0183
Aruamu_arua1260,full,lowersepikramu.full.0193
Awar_awar1249,full,lowersepikramu.full.0184
Banaro_bana1292,full,banaro.full.0021
Banaro_bana1292,full,banaro.full.0022
Borei_bore1247,full,lowersepikramu.full.0187
Borei_bore1247,full,lowersepikramu.full.0198
Bosngun_bosn1248,full,lowersepikramu.full.0185
Breri_brer1240,full,lowersepikramu.full.0186
Chambri_cham1313,full,?
Chini_akru1241,full,lowersepikramu.full.0179
Gorovu_goro1261,full,lowersepikramu.full.0189
Itutang-Inapang_inap1241,full,lowersepikramu.full.0191
Kaian_kaia1245,full,lowersepikramu.full.0192
Kanggape_kang1291,full,lowersepikramu.full.0190
Kire_kire1240,full,lowersepikramu.full.0188
Kopar_kopa1248,full,?
MurikPapuaNewGuinea_muri1260,full,lowersepikramu.full.0194
Rao_raoo1244,full,?
Romkun_romk1240,full,lowersepikramu.full.0179
Sepen_sepe1240,full,lowersepikramu.full.0193
Tabriak_tabr1243,full,lowersepikramu.full.0195
Tanggu_tang1355,full,lowersepikramu.full.0196
Tanguat_tang1356,full,lowersepikramu.full.0197
Watam_wata1253,full,lowersepikramu.full.0187
Yimas_yima1243,full,?
Aiome_aiom1240,hand,lowersepikramu.hand.0199
Andarum_anda1284,hand,lowersepikramu.hand.0203
Angoram_ango1255,hand,lowersepikramu.hand.0204
Anor_anor1241,hand,lowersepikramu.hand.0205
Aruamu_arua1260,hand,lowersepikramu.hand.0213
Awar_awar1249,hand,lowersepikramu.hand.0206
Banaro_bana1292,hand,banaro.hand.0023
Banaro_bana1292,hand,banaro.hand.0024
Borei_bore1247,hand,lowersepikramu.hand.0209
Bosngun_bosn1248,hand,lowersepikramu.hand.0207
Breri_brer1240,hand,lowersepikramu.hand.0200
Chambri_cham1313,hand,lowersepikramu.hand.0208
Chini_akru1241,hand,lowersepikramu.hand.0200
Gorovu_goro1261,hand,lowersepikramu.hand.0211
Itutang-Inapang_inap1241,hand,lowersepikramu.hand.0200
Itutang-Inapang_inap1241,hand,lowersepikramu.hand.0213
Kaian_kaia1245,hand,lowersepikramu.hand.0214
Kanggape_kang1291,hand,lowersepikramu.hand.0212
Kire_kire1240,hand,lowersepikramu.hand.0210
Kopar_kopa1248,hand,?
MurikPapuaNewGuinea_muri1260,hand,lowersepikramu.hand.0215
Rao_raoo1244,hand,lowersepikramu.hand.0216
Romkun_romk1240,hand,lowersepikramu.hand.0200
Sepen_sepe1240,hand,lowersepikramu.hand.0217
Tabriak_tabr1243,hand,lowersepikramu.hand.0218
Tanggu_tang1355,hand,lowersepikramu.hand.0200
Tanggu_tang1355,hand,lowersepikramu.hand.0219
Tanguat_tang1356,hand,lowersepikramu.hand.0220
Watam_wata1253,hand,lowersepikramu.hand.0221
Yimas_yima1243,hand,lowersepikramu.hand.0208
Aiome_aiom1240,hear,lowersepikramu.hear.0222
Andarum_anda1284,hear,lowersepikramu.hear.0226
Angoram_ango1255,hear,lowersepikramu.hear.0227
Anor_anor1241,hear,lowersepikramu.hear.0222
Anor_anor1241,hear,lowersepikramu.hear.0240
Aruamu_arua1260,hear,lowersepikramu.hear.0230
Aruamu_arua1260,hear,lowersepikramu.hear.0230
Awar_awar1249,hear,lowersepikramu.hear.0228
Banaro_bana1292,hear,banaro.hear.0025
Banaro_bana1292,hear,banaro.hear.0026
Borei_bore1247,hear,lowersepikramu.hear.0230
Bosngun_bosn1248,hear,lowersepikramu.hear.0228
Breri_brer1240,hear,lowersepikramu.hear.0229
Chambri_cham1313,hear,?
Chini_akru1241,hear,lowersepikramu.hear.0223
Gorovu_goro1261,hear,lowersepikramu.hear.0232
Itutang-Inapang_inap1241,hear,lowersepikramu.hear.0233
Kaian_kaia1245,hear,lowersepikramu.hear.0230
Kanggape_kang1291,hear,lowersepikramu.hear.0230
Kire_kire1240,hear,lowersepikramu.hear.0231
Kopar_kopa1248,hear,lowersepikramu.hear.0234
MurikPapuaNewGuinea_muri1260,hear,lowersepikramu.hear.0235
Rao_raoo1244,hear,lowersepikramu.hear.0236
Romkun_romk1240,hear,lowersepikramu.hear.0230
Sepen_sepe1240,hear,lowersepikramu.hear.0230
Tabriak_tabr1243,hear,lowersepikramu.hear.0237
Tanggu_tang1355,hear,lowersepikramu.hear.0238
Tanguat_tang1356,hear,lowersepikramu.hear.0239
Watam_wata1253,hear,lowersepikramu.hear.0230
Yimas_yima1243,hear,lowersepikramu.hear.0234
Aiome_aiom1240,horn,?
Andarum_anda1284,horn,?
Angoram_ango1255,horn,lowersepikramu.horn.0242
Anor_anor1241,horn,?
Aruamu_arua1260,horn,?
Awar_awar1249,horn,?
Banaro_bana1292,horn,?
Borei_bore1247,horn,?
Bosngun_bosn1248,horn,?
Breri_brer1240,horn,?
Chambri_cham1313,horn,?
Chini_akru1241,horn,?
Gorovu_goro1261,horn,?
Itutang-Inapang_inap1241,horn,?
Kaian_kaia1245,horn,?
Kanggape_kang1291,horn,?
Kire_kire1240,horn,?
Kopar_kopa1248,horn,?
MurikPapuaNewGuinea_muri1260,horn,lowersepikramu.horn.0243
Rao_raoo1244,horn,?
Romkun_romk1240,horn,?
Sepen_sepe1240,horn,?
Tabriak_tabr1243,horn,?
Tanggu_tang1355,horn,?
Tanguat_tang1356,horn,?
Watam_wata1253,horn,?
Yimas_yima1243,horn,?
Aiome_aiom1240,knee,lowersepikramu.knee.0244
Aiome_aiom1240,knee,lowersepikramu.knee.0265
Andarum_anda1284,knee,lowersepikramu.knee.0248
Angoram_ango1255,knee,lowersepikramu.knee.0249
Anor_anor1241,knee,lowersepikramu.knee.0250
Aruamu_arua1260,knee,lowersepikramu.knee.0258
Awar_awar1249,knee,lowersepikramu.knee.0251
Banaro_bana1292,knee,?
Borei_bore1247,knee,lowersepikramu.knee.0248
Bosngun_bosn1248,knee,lowersepikramu.knee.0248
Breri_brer1240,knee,lowersepikramu.knee.0252
Chambri_cham1313,knee,lowersepikramu.knee.0253
Chini_akru1241,knee,lowersepikramu.knee.0245
Gorovu_goro1261,knee,lowersepikramu.knee.0254
Itutang-Inapang_inap1241,knee,lowersepikramu.knee.0256
Kaian_kaia1245,knee,lowersepikramu.knee.0248
Kanggape_kang1291,knee,lowersepikramu.knee.0255
Kire_kire1240,knee,lowersepikramu.knee.0248
Kopar_kopa1248,knee,lowersepikramu.knee.0257
MurikPapuaNewGuinea_muri1260,knee,lowersepikramu.knee.0259
Rao_raoo1244,knee,lowersepikramu.knee.0260
Romkun_romk1240,knee,lowersepikramu.knee.0261
Sepen_sepe1240,knee,lowersepikramu.knee.0248
Tabriak_tabr1243,knee,lowersepikramu.knee.0262
Tanggu_tang1355,knee,lowersepikramu.knee.0248
Tanguat_tang1356,knee,lowersepikramu.knee.0263
Watam_wata1253,knee,lowersepikramu.knee.0248
Yimas_yima1243,knee,lowersepikramu.knee.0264
Aiome_aiom1240,leaf,lowersepikramu.leaf.0266
Andarum_anda1284,leaf,lowersepikramu.leaf.0269
Angoram_ango1255,leaf,lowersepikramu.leaf.0270
Anor_anor1241,leaf,lowersepikramu.leaf.0271
Aruamu_arua1260,leaf,lowersepikramu.leaf.0267
Awar_awar1249,leaf,lowersepikramu.leaf.0267
Banaro_bana1292,leaf,banaro.leaf.0027
Banaro_bana1292,leaf,banaro.leaf.0028
Borei_bore1247,leaf,lowersepikramu.leaf.0267
Bosngun_bosn1248,leaf,lowersepikramu.leaf.0267
Breri_brer1240,leaf,lowersepikramu.leaf.0268
Chambri_cham1313,leaf,lowersepikramu.leaf.0272
Chini_akru1241,leaf,lowersepikramu.leaf.0267
Gorovu_goro1261,leaf,lowersepikramu.leaf.0268
Itutang-Inapang_inap1241,leaf,lowersepikramu.leaf.0267
Kaian_kaia1245,leaf,lowersepikramu.leaf.0267
Kanggape_kang1291,leaf,lowersepikramu.leaf.0273
Kire_kire1240,leaf,lowersepikramu.leaf.0267
Kopar_kopa1248,leaf,lowersepikramu.leaf.0272
MurikPapuaNewGuinea_muri1260,leaf,lowersepikramu.leaf.0274
Rao_raoo1244,leaf,lowersepikramu.leaf.0275
Romkun_romk1240,leaf,lowersepikramu.leaf.0267
Sepen_sepe1240,leaf,lowersepikramu.leaf.0267
Tabriak_tabr1243,leaf,lowersepikramu.leaf.0272
Tanggu_tang1355,leaf,lowersepikramu.leaf.0267
Tanguat_tang1356,leaf,lowersepikramu.leaf.0267
Watam_wata1253,leaf,lowersepikramu.leaf.0267
Yimas_yima1243,leaf,lowersepikramu.leaf.0272
Aiome_aiom1240,liver,lowersepikramu.liver.0276
Andarum_anda1284,liver,lowersepikramu.liver.0279
Angoram_ango1255,liver,lowersepikramu.liver.0280
Anor_anor1241,liver,lowersepikramu.liver.0281
Aruamu_arua1260,liver,lowersepikramu.liver.0288
Awar_awar1249,liver,lowersepikramu.liver.0279
Banaro_bana1292,liver,banaro.liver.0029
Borei_bore1247,liver,lowersepikramu.liver.0284
Bosngun_bosn1248,liver,lowersepikramu.liver.0282
Breri_brer1240,liver,lowersepikramu.liver.0277
Chambri_cham1313,liver,lowersepikramu.liver.0283
Chini_akru1241,liver,lowersepikramu.liver.0277
Gorovu_goro1261,liver,lowersepikramu.liver.0286
Itutang-Inapang_inap1241,liver,lowersepikramu.liver.0277
Kaian_kaia1245,liver,lowersepikramu.liver.0284
Kanggape_kang1291,liver,lowersepikramu.liver.0279
Kire_kire1240,liver,lowersepikramu.liver.0285
Kopar_kopa1248,liver,lowersepikramu.liver.0287
MurikPapuaNewGuinea_muri1260,liver,lowersepikramu.liver.0289
Rao_raoo1244,liver,lowersepikramu.liver.0290
Romkun_romk1240,liver,?
Sepen_sepe1240,liver,lowersepikramu.liver.0279
Tabriak_tabr1243,liver,lowersepikramu.liver.0291
Tanggu_tang1355,liver,lowersepikramu.liver.0279
Tanguat_tang1356,liver,lowersepikramu.liver.0277
Watam_wata1253,liver,lowersepikramu.liver.0292
Yimas_yima1243,liver,lowersepikramu.liver.0293
Aiome_aiom1240,louse,lowersepikramu.louse.0294
Andarum_anda1284,louse,lowersepikramu.louse.0297
Angoram_ango1255,louse,lowersepikramu.louse.0298
Anor_anor1241,louse,lowersepikramu.louse.0299
Aruamu_arua1260,louse,lowersepikramu.louse.0306
Awar_awar1249,louse,lowersepikramu.louse.0300
Banaro_bana1292,louse,banaro.louse.0030
Banaro_bana1292,louse,banaro.louse.0031
Borei_bore1247,louse,?
Bosngun_bosn1248,louse,lowersepikramu.louse.0301
Breri_brer1240,louse,lowersepikramu.louse.0295
Chambri_cham1313,louse,lowersepikramu.louse.0302
Chini_akru1241,louse,lowersepikramu.louse.0295
Gorovu_goro1261,louse,lowersepikramu.louse.0294
Itutang-Inapang_inap1241,louse,lowersepikramu.louse.0295
Kaian_kaia1245,louse,lowersepikramu.louse.0304
Kanggape_kang1291,louse,lowersepikramu.louse.0297
Kire_kire1240,louse,lowersepikramu.louse.0303
Kopar_kopa1248,louse,lowersepikramu.louse.0305
MurikPapuaNewGuinea_muri1260,louse,lowersepikramu.louse.0307
Rao_raoo1244,louse,lowersepikramu.louse.0308
Romkun_romk1240,louse,lowersepikramu.louse.0295
Sepen_sepe1240,louse,lowersepikramu.louse.0303
Tabriak_tabr1243,louse,lowersepikramu.louse.0309
Tanggu_tang1355,louse,lowersepikramu.louse.0310
Tanggu_tang1355,louse,lowersepikramu.louse.0313
Tanguat_tang1356,louse,lowersepikramu.louse.0297
Watam_wata1253,louse,lowersepikramu.louse.0311
Yimas_yima1243,louse,lowersepikramu.louse.0312
Aiome_aiom1240,mountain,lowersepikramu.mountain.0314
Andarum_anda1284,mountain,lowersepikramu.mountain.0317
Angoram_ango1255,mountain,lowersepikramu.mountain.0318
Anor_anor1241,mountain,lowersepikramu.mountain.0319
Aruamu_arua1260,mountain,lowersepikramu.mountain.0328
Awar_awar1249,mountain,lowersepikramu.mountain.0320
Banaro_bana1292,mountain,banaro.mountain.0032
Banaro_bana1292,mountain,banaro.mountain.0032
Banaro_bana1292,mountain,banaro.mountain.0033
Borei_bore1247,mountain,lowersepikramu.mountain.0324
Bosngun_bosn1248,mountain,lowersepikramu.mountain.0321
Breri_brer1240,mountain,lowersepikramu.mountain.0322
Chambri_cham1313,mountain,lowersepikramu.mountain.0323
Chini_akru1241,mountain,lowersepikramu.mountain.0315
Gorovu_goro1261,mountain,lowersepikramu.mountain.0316
Itutang-Inapang_inap1241,mountain,lowersepikramu.mountain.0326
Kaian_kaia1245,mountain,lowersepikramu.mountain.0324
Kanggape_kang1291,mountain,lowersepikramu.mountain.0324
Kire_kire1240,mountain,lowersepikramu.mountain.0325
Kopar_kopa1248,mountain,lowersepikramu.mountain.0327
MurikPapuaNewGuinea_muri1260,mountain,lowersepikramu.mountain.0329
Rao_raoo1244,mountain,lowersepikramu.mountain.0330
Romkun_romk1240,mountain,lowersepikramu.mountain.0322
Sepen_sepe1240,mountain,lowersepikramu.mountain.0331
Tabriak_tabr1243,mountain,lowersepikramu.mountain.0332
Tanggu_tang1355,mountain,lowersepikramu.mountain.0324
Tanggu_tang1355,mountain,lowersepikramu.mountain.0336
Tanguat_tang1356,mountain,lowersepikramu.mountain.0333
Watam_wata1253,mountain,lowersepikramu.mountain.0334
Yimas_yima1243,mountain,lowersepikramu.mountain.0335
Aiome_aiom1240,name,lowersepikramu.name.0337
Andarum_anda1284,name,lowersepikramu.name.0340
Angoram_ango1255,name,lowersepikramu.name.0341
Anor_anor1241,name,lowersepikramu.name.0337
Aruamu_arua1260,name,lowersepikramu.name.0342
Awar_awar1249,name,lowersepikramu.name.0342
Banaro_bana1292,name,banaro.name.0034
Borei_bore1247,name,lowersepikramu.name.0342
Bosngun_bosn1248,name,lowersepikramu.name.0343
Breri_brer1240,name,lowersepikramu.name.0342
Chambri_cham1313,name,?
Chini_akru1241,name,lowersepikramu.name.0338
Gorovu_goro1261,name,lowersepikramu.name.0344
Itutang-Inapang_inap1241,name,lowersepikramu.name.0342
Kaian_kaia1245,name,lowersepikramu.name.0346
Kanggape_kang1291,name,lowersepikramu.name.0345
Kire_kire1240,name,lowersepikramu.name.0339
Kopar_kopa1248,name,?
MurikPapuaNewGuinea_muri1260,name,lowersepikramu.name.0347
Rao_raoo1244,name,?
Romkun_romk1240,name,lowersepikramu.name.0342
Sepen_sepe1240,name,lowersepikramu.name.0342
Tabriak_tabr1243,name,lowersepikramu.name.0348
Tanggu_tang1355,name,lowersepikramu.name.0345
Tanguat_tang1356,name,lowersepikramu.name.0342
Watam_wata1253,name,lowersepikramu.name.0349
Yimas_yima1243,name,lowersepikramu.name.0350
Aiome_aiom1240,new,lowersepikramu.new.0351
Aiome_aiom1240,new,lowersepikramu.new.0356
Andarum_anda1284,new,lowersepikramu.new.0354
Angoram_ango1255,new,lowersepikramu.new.0355
Anor_anor1241,new,lowersepikramu.new.0356
Aruamu_arua1260,new,lowersepikramu.new.0357
Awar_awar1249,new,lowersepikramu.new.0357
Banaro_bana1292,new,banaro.new.0035
Banaro_bana1292,new,banaro.new.0035
Borei_bore1247,new,lowersepikramu.new.0357
Bosngun_bosn1248,new,lowersepikramu.new.0357
Breri_brer1240,new,lowersepikramu.new.0352
Chambri_cham1313,new,?
Chini_akru1241,new,lowersepikramu.new.0352
Gorovu_goro1261,new,lowersepikramu.new.0358
Itutang-Inapang_inap1241,new,lowersepikramu.new.0352
Kaian_kaia1245,new,lowersepikramu.new.0357
Kanggape_kang1291,new,lowersepikramu.new.0357
Kire_kire1240,new,lowersepikramu.new.0357
Kopar_kopa1248,new,lowersepikramu.new.0359
MurikPapuaNewGuinea_muri1260,new,lowersepikramu.new.0358
Rao_raoo1244,new,lowersepikramu.new.0360
Romkun_romk1240,new,lowersepikramu.new.0352
Sepen_sepe1240,new,lowersepikramu.new.0357
Tabriak_tabr1243,new,lowersepikramu.new.0361
Tanggu_tang1355,new,lowersepikramu.new.0352
Tanguat_tang1356,new,lowersepikramu.new.0362
Watam_wata1253,new,lowersepikramu.new.0357
Yimas_yima1243,new,lowersepikramu.new.0361
Aiome_aiom1240,night,lowersepikramu.night.0363
Andarum_anda1284,night,lowersepikramu.night.0367
Angoram_ango1255,night,lowersepikramu.night.0368
Anor_anor1241,night,lowersepikramu.night.0369
Aruamu_arua1260,night,lowersepikramu.night.0373
Awar_awar1249,night,lowersepikramu.night.0370
Banaro_bana1292,night,banaro.night.0036
Banaro_bana1292,night,banaro.night.0036
Borei_bore1247,night,lowersepikramu.night.0370
Bosngun_bosn1248,night,lowersepikramu.night.0370
Breri_brer1240,night,lowersepikramu.night.0366
Chambri_cham1313,night,lowersepikramu.night.0371
Chini_akru1241,night,lowersepikramu.night.0364
Gorovu_goro1261,night,lowersepikramu.night.0372
Itutang-Inapang_inap1241,night,lowersepikramu.night.0374
Kaian_kaia1245,night,lowersepikramu.night.0370
Kanggape_kang1291,night,lowersepikramu.night.0373
Kire_kire1240,night,lowersepikramu.night.0370
Kopar_kopa1248,night,lowersepikramu.night.0375
MurikPapuaNewGuinea_muri1260,night,lowersepikramu.night.0376
Rao_raoo1244,night,lowersepikramu.night.0377
Romkun_romk1240,night,lowersepikramu.night.0378
Sepen_sepe1240,night,lowersepikramu.night.0379
Tabriak_tabr1243,night,lowersepikramu.night.0380
Tanggu_tang1355,night,lowersepikramu.night.0367
Tanggu_tang1355,night,lowersepikramu.night.0383
Tanguat_tang1356,night,lowersepikramu.night.0373
Watam_wata1253,night,lowersepikramu.night.0381
Yimas_yima1243,night,lowersepikramu.night.0382
Aiome_aiom1240,nose,lowersepikramu.nose.0384
Aiome_aiom1240,nose,lowersepikramu.nose.0389
Andarum_anda1284,nose,lowersepikramu.nose.0387
Angoram_ango1255,nose,lowersepikramu.nose.0388
Anor_anor1241,nose,lowersepikramu.nose.0389
Anor_anor1241,nose,lowersepikramu.nose.0402
Aruamu_arua1260,nose,lowersepikramu.nose.0395
Awar_awar1249,nose,lowersepikramu.nose.0390
Banaro_bana1292,nose,banaro.nose.0037
Banaro_bana1292,nose,banaro.nose.0037
Borei_bore1247,nose,lowersepikramu.nose.0390
Bosngun_bosn1248,nose,lowersepikramu.nose.0390
Breri_brer1240,nose,lowersepikramu.nose.0391
Chambri_cham1313,nose,lowersepikramu.nose.0389
Chini_akru1241,nose,lowersepikramu.nose.0385
Gorovu_goro1261,nose,lowersepikramu.nose.0392
Itutang-Inapang_inap1241,nose,lowersepikramu.nose.0385
Kaian_kaia1245,nose,lowersepikramu.nose.0393
Kanggape_kang1291,nose,lowersepikramu.nose.0393
Kire_kire1240,nose,lowersepikramu.nose.0390
Kopar_kopa1248,nose,lowersepikramu.nose.0394
MurikPapuaNewGuinea_muri1260,nose,lowersepikramu.nose.0396
Rao_raoo1244,nose,lowersepikramu.nose.0397
Romkun_romk1240,nose,lowersepikramu.nose.0391
Sepen_sepe1240,nose,lowersepikramu.nose.0390
Tabriak_tabr1243,nose,lowersepikramu.nose.0398
Tanggu_tang1355,nose,lowersepikramu.nose.0393
Tanggu_tang1355,nose,lowersepikramu.nose.0399
Tanguat_tang1356,nose,lowersepikramu.nose.0400
Watam_wata1253,nose,lowersepikramu.nose.0390
Yimas_yima1243,nose,lowersepikramu.nose.0401
Aiome_aiom1240,one,lowersepikramu.one.0403
Andarum_anda1284,one,lowersepikramu.one.0406
Angoram_ango1255,one,lowersepikramu.one.0405
Anor_anor1241,one,lowersepikramu.one.0406
Aruamu_arua1260,one,lowersepikramu.one.0407
Aruamu_arua1260,one,lowersepikramu.one.0413
Awar_awar1249,one,lowersepikramu.one.0407
Banaro_bana1292,one,banaro.one.0038
Banaro_bana1292,one,banaro.one.0038
Borei_bore1247,one,lowersepikramu.one.0407
Bosngun_bosn1248,one,lowersepikramu.one.0408
Breri_brer1240,one,lowersepikramu.one.0409
Chambri_cham1313,one,lowersepikramu.one.0410
Chini_akru1241,one,lowersepikramu.one.0404
Gorovu_goro1261,one,lowersepikramu.one.0406
Itutang-Inapang_inap1241,one,lowersepikramu.one.0408
Kaian_kaia1245,one,lowersepikramu.one.0408
Kanggape_kang1291,one,lowersepikramu.one.0411
Kire_kire1240,one,lowersepikramu.one.0407
Kopar_kopa1248,one,lowersepikramu.one.0412
MurikPapuaNewGuinea_muri1260,one,lowersepikramu.one.0406
MurikPapuaNewGuinea_muri1260,one,lowersepikramu.one.0408
Rao_raoo1244,one,lowersepikramu.one.0409
Romkun_romk1240,one,lowersepikramu.one.0408
Romkun_romk1240,one,lowersepikramu.one.0409
Sepen_sepe1240,one,lowersepikramu.one.0414
Tabriak_tabr1243,one,lowersepikramu.one.0415
Tanggu_tang1355,one,lowersepikramu.one.0406
Tanguat_tang1356,one,lowersepikramu.one.0416
Watam_wata1253,one,lowersepikramu.one.0408
Yimas_yima1243,one,lowersepikramu.one.0415
Aiome_aiom1240,path,lowersepikramu.path.0418
Andarum_anda1284,path,lowersepikramu.path.0420
Angoram_ango1255,path,lowersepikramu.path.0421
Anor_anor1241,path,lowersepikramu.path.0418
Aruamu_arua1260,path,lowersepikramu.path.0427
Awar_awar1249,path,lowersepikramu.path.0422
Banaro_bana1292,path,banaro.path.0039
Banaro_bana1292,path,banaro.path.0039
Borei_bore1247,path,lowersepikramu.path.0423
Bosngun_bosn1248,path,lowersepikramu.path.0423
Breri_brer1240,path,lowersepikramu.path.0419
Chambri_cham1313,path,lowersepikramu.path.0424
Chini_akru1241,path,lowersepikramu.path.0419
Gorovu_goro1261,path,lowersepikramu.path.0425
Itutang-Inapang_inap1241,path,lowersepikramu.path.0426
Kaian_kaia1245,path,lowersepikramu.path.0423
Kanggape_kang1291,path,lowersepikramu.path.0419
Kire_kire1240,path,lowersepikramu.path.0423
Kopar_kopa1248,path,?
MurikPapuaNewGuinea_muri1260,path,lowersepikramu.path.0428
Rao_raoo1244,path,?
Romkun_romk1240,path,lowersepikramu.path.0419
Sepen_sepe1240,path,lowersepikramu.path.0423
Tabriak_tabr1243,path,lowersepikramu.path.0429
Tanggu_tang1355,path,lowersepikramu.path.0429
Tanguat_tang1356,path,lowersepikramu.path.0430
Watam_wata1253,path,lowersepikramu.path.0423
Yimas_yima1243,path,lowersepikramu.path.0431
Aiome_aiom1240,person,lowersepikramu.person.0432
Andarum_anda1284,person,lowersepikramu.person.0436
Andarum_anda1284,person,lowersepikramu.person.0449
Angoram_ango1255,person,lowersepikramu.person.0437
Anor_anor1241,person,lowersepikramu.person.0432
Aruamu_arua1260,person,lowersepikramu.person.0433
Awar_awar1249,person,lowersepikramu.person.0438
Banaro_bana1292,person,banaro.person.0040
Borei_bore1247,person,lowersepikramu.person.0438
Bosngun_bosn1248,person,lowersepikramu.person.0438
Breri_brer1240,person,lowersepikramu.person.0439
Chambri_cham1313,person,lowersepikramu.person.0440
Chini_akru1241,person,lowersepikramu.person.0433
Chini_akru1241,person,lowersepikramu.person.0448
Gorovu_goro1261,person,lowersepikramu.person.0441
Itutang-Inapang_inap1241,person,lowersepikramu.person.0442
Kaian_kaia1245,person,lowersepikramu.person.0438
Kanggape_kang1291,person,lowersepikramu.person.0436
Kire_kire1240,person,lowersepikramu.person.0433
Kopar_kopa1248,person,lowersepikramu.person.0435
MurikPapuaNewGuinea_muri1260,person,lowersepikramu.person.0443
Rao_raoo1244,person,lowersepikramu.person.0444
Romkun_romk1240,person,lowersepikramu.person.0445
Sepen_sepe1240,person,lowersepikramu.person.0433
Tabriak_tabr1243,person,lowersepikramu.person.0446
Tanggu_tang1355,person,lowersepikramu.person.0436
Tanguat_tang1356,person,lowersepikramu.person.0436
Watam_wata1253,person,lowersepikramu.person.0438
Yimas_yima1243,person,lowersepikramu.person.0447
Aiome_aiom1240,see,lowersepikramu.see.0450
Aiome_aiom1240,see,lowersepikramu.see.0470
Andarum_anda1284,see,lowersepikramu.see.0454
Angoram_ango1255,see,lowersepikramu.see.0455
Anor_anor1241,see,lowersepikramu.see.0456
Aruamu_arua1260,see,lowersepikramu.see.0465
Aruamu_arua1260,see,lowersepikramu.see.0465
Awar_awar1249,see,lowersepikramu.see.0457
Banaro_bana1292,see,banaro.see.0041
Banaro_bana1292,see,banaro.see.0041
Borei_bore1247,see,lowersepikramu.see.0461
Bosngun_bosn1248,see,lowersepikramu.see.0458
Breri_brer1240,see,lowersepikramu.see.0459
Chambri_cham1313,see,lowersepikramu.see.0460
Chini_akru1241,see,lowersepikramu.see.0451
Gorovu_goro1261,see,lowersepikramu.see.0451
Itutang-Inapang_inap1241,see,lowersepikramu.see.0463
Kaian_kaia1245,see,lowersepikramu.see.0454
Kanggape_kang1291,see,lowersepikramu.see.0462
Kire_kire1240,see,lowersepikramu.see.0451
Kopar_kopa1248,see,lowersepikramu.see.0464
MurikPapuaNewGuinea_muri1260,see,lowersepikramu.see.0466
Rao_raoo1244,see,lowersepikramu.see.0465
Romkun_romk1240,see,lowersepikramu.see.0465
Sepen_sepe1240,see,lowersepikramu.see.0452
Tabriak_tabr1243,see,lowersepikramu.see.0467
Tanggu_tang1355,see,lowersepikramu.see.0468
Tanguat_tang1356,see,lowersepikramu.see.0454
Watam_wata1253,see,lowersepikramu.see.0454
Yimas_yima1243,see,lowersepikramu.see.0469
Aiome_aiom1240,skin,lowersepikramu.skin.0471
Andarum_anda1284,skin,lowersepikramu.skin.0477
Angoram_ango1255,skin,lowersepikramu.skin.0478
Anor_anor1241,skin,lowersepikramu.skin.0479
Aruamu_arua1260,skin,lowersepikramu.skin.0488
Awar_awar1249,skin,lowersepikramu.skin.0480
Banaro_bana1292,skin,banaro.skin.0042
Borei_bore1247,skin,lowersepikramu.skin.0480
Bosngun_bosn1248,skin,lowersepikramu.skin.0481
Bosngun_bosn1248,skin,lowersepikramu.skin.0496
Breri_brer1240,skin,lowersepikramu.skin.0482
Chambri_cham1313,skin,lowersepikramu.skin.0483
Chini_akru1241,skin,lowersepikramu.skin.0472
Gorovu_goro1261,skin,lowersepikramu.skin.0484
Itutang-Inapang_inap1241,skin,lowersepikramu.skin.0486
Kaian_kaia1245,skin,lowersepikramu.skin.0480
Kanggape_kang1291,skin,lowersepikramu.skin.0485
Kire_kire1240,skin,lowersepikramu.skin.0472
Kopar_kopa1248,skin,lowersepikramu.skin.0487
MurikPapuaNewGuinea_muri1260,skin,lowersepikramu.skin.0489
Rao_raoo1244,skin,lowersepikramu.skin.0490
Romkun_romk1240,skin,lowersepikramu.skin.0491
Sepen_sepe1240,skin,lowersepikramu.skin.0472
Sepen_sepe1240,skin,lowersepikramu.skin.0497
Tabriak_tabr1243,skin,lowersepikramu.skin.0492
Tanggu_tang1355,skin,lowersepikramu.skin.0493
Tanguat_tang1356,skin,lowersepikramu.skin.0494
Watam_wata1253,skin,lowersepikramu.skin.0480
Watam_wata1253,skin,lowersepikramu.skin.0498
Yimas_yima1243,skin,lowersepikramu.skin.0495
Aiome_aiom1240,star,lowersepikramu.star.0499
Aiome_aiom1240,star,lowersepikramu.star.0501
Andarum_anda1284,star,lowersepikramu.star.0502
Angoram_ango1255,star,lowersepikramu.star.0503
Anor_anor1241,star,lowersepikramu.star.0504
Anor_anor1241,star,lowersepikramu.star.0516
Aruamu_arua1260,star,lowersepikramu.star.0510
Awar_awar1249,star,lowersepikramu.star.0501
Awar_awar1249,star,lowersepikramu.star.0517
Banaro_bana1292,star,banaro.star.0043
Banaro_bana1292,star,banaro.star.0044
Borei_bore1247,star,lowersepikramu.star.0504
Bosngun_bosn1248,star,lowersepikramu.star.0505
Breri_brer1240,star,lowersepikramu.star.0500
Chambri_cham1313,star,lowersepikramu.star.0506
Chini_akru1241,star,lowersepikramu.star.0500
Gorovu_goro1261,star,lowersepikramu.star.0507
Itutang-Inapang_inap1241,star,lowersepikramu.star.0508
Kaian_kaia1245,star,lowersepikramu.star.0504
Kanggape_kang1291,star,lowersepikramu.star.0501
Kire_kire1240,star,lowersepikramu.star.0501
Kopar_kopa1248,star,lowersepikramu.star.0509
MurikPapuaNewGuinea_muri1260,star,lowersepikramu.star.0511
Rao_raoo1244,star,lowersepikramu.star.0512
Romkun_romk1240,star,lowersepikramu.star.0500
Sepen_sepe1240,star,lowersepikramu.star.0502
Tabriak_tabr1243,star,lowersepikramu.star.0513
Tanggu_tang1355,star,lowersepikramu.star.0501
Tanggu_tang1355,star,lowersepikramu.star.0518
Tanguat_tang1356,star,lowersepikramu.star.0514
Watam_wata1253,star,lowersepikramu.star.0504
Yimas_yima1243,star,lowersepikramu.star.0515
Aiome_aiom1240,stone,lowersepikramu.stone.0519
Andarum_anda1284,stone,lowersepikramu.stone.0522
Angoram_ango1255,stone,lowersepikramu.stone.0521
Anor_anor1241,stone,lowersepikramu.stone.0523
Aruamu_arua1260,stone,lowersepikramu.stone.0530
Awar_awar1249,stone,lowersepikramu.stone.0524
Awar_awar1249,stone,lowersepikramu.stone.0525
Banaro_bana1292,stone,banaro.stone.0045
Borei_bore1247,stone,lowersepikramu.stone.0525
Bosngun_bosn1248,stone,lowersepikramu.stone.0525
Breri_brer1240,stone,lowersepikramu.stone.0520
Chambri_cham1313,stone,lowersepikramu.stone.0526
Chini_akru1241,stone,lowersepikramu.stone.0520
Gorovu_goro1261,stone,lowersepikramu.stone.0528
Itutang-Inapang_inap1241,stone,lowersepikramu.stone.0520
Kaian_kaia1245,stone,lowersepikramu.stone.0525
Kanggape_kang1291,stone,lowersepikramu.stone.0529
Kire_kire1240,stone,lowersepikramu.stone.0527
Kopar_kopa1248,stone,lowersepikramu.stone.0524
MurikPapuaNewGuinea_muri1260,stone,lowersepikramu.stone.0531
Rao_raoo1244,stone,lowersepikramu.stone.0532
Romkun_romk1240,stone,lowersepikramu.stone.0520
Sepen_sepe1240,stone,lowersepikramu.stone.0533
Tabriak_tabr1243,stone,lowersepikramu.stone.0534
Tanggu_tang1355,stone,lowersepikramu.stone.0525
Tanguat_tang1356,stone,lowersepikramu.stone.0535
Watam_wata1253,stone,lowersepikramu.stone.0536
Yimas_yima1243,stone,lowersepikramu.stone.0537
Aiome_aiom1240,sun,lowersepikramu.sun.0538
Andarum_anda1284,sun,lowersepikramu.sun.0546
Angoram_ango1255,sun,lowersepikramu.sun.0547
Anor_anor1241,sun,lowersepikramu.sun.0546
Aruamu_arua1260,sun,lowersepikramu.sun.0549
Awar_awar1249,sun,lowersepikramu.sun.0548
Banaro_bana1292,sun,banaro.sun.0046
Banaro_bana1292,sun,banaro.sun.0047
Borei_bore1247,sun,lowersepikramu.sun.0548
Bosngun_bosn1248,sun,lowersepikramu.sun.0548
Breri_brer1240,sun,lowersepikramu.sun.0549
Chambri_cham1313,sun,lowersepikramu.sun.0550
Chini_akru1241,sun,lowersepikramu.sun.0539
Gorovu_goro1261,sun,lowersepikramu.sun.0546
Itutang-Inapang_inap1241,sun,lowersepikramu.sun.0552
Kaian_kaia1245,sun,lowersepikramu.sun.0548
Kanggape_kang1291,sun,lowersepikramu.sun.0551
Kire_kire1240,sun,lowersepikramu.sun.0548
Kopar_kopa1248,sun,lowersepikramu.sun.0549
MurikPapuaNewGuinea_muri1260,sun,lowersepikramu.sun.0549
Rao_raoo1244,sun,lowersepikramu.sun.0553
Romkun_romk1240,sun,lowersepikramu.sun.0549
Sepen_sepe1240,sun,lowersepikramu.sun.0548
Tabriak_tabr1243,sun,lowersepikramu.sun.0554
Tanggu_tang1355,sun,lowersepikramu.sun.0546
Tanguat_tang1356,sun,lowersepikramu.sun.0555
Watam_wata1253,sun,lowersepikramu.sun.0556
Yimas_yima1243,sun,lowersepikramu.sun.0557
Aiome_aiom1240,tongue,lowersepikramu.tongue.0558
Andarum_anda1284,tongue,lowersepikramu.tongue.0561
Angoram_ango1255,tongue,lowersepikramu.tongue.0562
Anor_anor1241,tongue,lowersepikramu.tongue.0563
Aruamu_arua1260,tongue,lowersepikramu.tongue.0568
Awar_awar1249,tongue,lowersepikramu.tongue.0564
Banaro_bana1292,tongue,banaro.tongue.0048
Banaro_bana1292,tongue,banaro.tongue.0049
Borei_bore1247,tongue,lowersepikramu.tongue.0566
Bosngun_bosn1248,tongue,lowersepikramu.tongue.0564
Breri_brer1240,tongue,lowersepikramu.tongue.0559
Chambri_cham1313,tongue,lowersepikramu.tongue.0565
Chini_akru1241,tongue,lowersepikramu.tongue.0559
Gorovu_goro1261,tongue,?
Itutang-Inapang_inap1241,tongue,lowersepikramu.tongue.0566
Kaian_kaia1245,tongue,lowersepikramu.tongue.0564
Kanggape_kang1291,tongue,lowersepikramu.tongue.0564
Kire_kire1240,tongue,lowersepikramu.tongue.0567
Kopar_kopa1248,tongue,lowersepikramu.tongue.0564
MurikPapuaNewGuinea_muri1260,tongue,lowersepikramu.tongue.0569
Rao_raoo1244,tongue,lowersepikramu.tongue.0570
Romkun_romk1240,tongue,lowersepikramu.tongue.0559
Sepen_sepe1240,tongue,lowersepikramu.tongue.0568
Tabriak_tabr1243,tongue,lowersepikramu.tongue.0564
Tanggu_tang1355,tongue,lowersepikramu.tongue.0564
Tanguat_tang1356,tongue,lowersepikramu.tongue.0571
Watam_wata1253,tongue,lowersepikramu.tongue.0566
Yimas_yima1243,tongue,lowersepikramu.tongue.0564
Aiome_aiom1240,tooth,lowersepikramu.tooth.0572
Aiome_aiom1240,tooth,lowersepikramu.tooth.0582
Andarum_anda1284,tooth,lowersepikramu.tooth.0573
Angoram_ango1255,tooth,lowersepikramu.tooth.0575
Anor_anor1241,tooth,lowersepikramu.tooth.0573
Aruamu_arua1260,tooth,lowersepikramu.tooth.0573
Awar_awar1249,tooth,lowersepikramu.tooth.0573
Banaro_bana1292,tooth,banaro.tooth.0050
Banaro_bana1292,tooth,banaro.tooth.0051
Borei_bore1247,tooth,lowersepikramu.tooth.0573
Bosngun_bosn1248,tooth,lowersepikramu.tooth.0573
Breri_brer1240,tooth,lowersepikramu.tooth.0573
Chambri_cham1313,tooth,?
Chini_akru1241,tooth,lowersepikramu.tooth.0573
Gorovu_goro1261,tooth,lowersepikramu.tooth.0576
Itutang-Inapang_inap1241,tooth,lowersepikramu.tooth.0573
Kaian_kaia1245,tooth,lowersepikramu.tooth.0577
Kanggape_kang1291,tooth,lowersepikramu.tooth.0573
Kire_kire1240,tooth,lowersepikramu.tooth.0573
Kopar_kopa1248,tooth,lowersepikramu.tooth.0578
MurikPapuaNewGuinea_muri1260,tooth,lowersepikramu.tooth.0579
Rao_raoo1244,tooth,lowersepikramu.tooth.0573
Romkun_romk1240,tooth,lowersepikramu.tooth.0580
Sepen_sepe1240,tooth,lowersepikramu.tooth.0573
Tabriak_tabr1243,tooth,lowersepikramu.tooth.0581
Tanggu_tang1355,tooth,lowersepikramu.tooth.0573
Tanguat_tang1356,tooth,lowersepikramu.tooth.0573
Watam_wata1253,tooth,lowersepikramu.tooth.0577
Yimas_yima1243,tooth,lowersepikramu.tooth.0573
Aiome_aiom1240,tree,lowersepikramu.tree.0583
Andarum_anda1284,tree,lowersepikramu.tree.0586
Angoram_ango1255,tree,lowersepikramu.tree.0587
Anor_anor1241,tree,lowersepikramu.tree.0588
Aruamu_arua1260,tree,lowersepikramu.tree.0593
Awar_awar1249,tree,lowersepikramu.tree.0589
Banaro_bana1292,tree,banaro.tree.0052
Banaro_bana1292,tree,banaro.tree.0052
Borei_bore1247,tree,lowersepikramu.tree.0589
Bosngun_bosn1248,tree,lowersepikramu.tree.0589
Breri_brer1240,tree,lowersepikramu.tree.0590
Chambri_cham1313,tree,lowersepikramu.tree.0591
Chini_akru1241,tree,lowersepikramu.tree.0584
Gorovu_goro1261,tree,lowersepikramu.tree.0592
Itutang-Inapang_inap1241,tree,lowersepikramu.tree.0592
Kaian_kaia1245,tree,lowersepikramu.tree.0589
Kanggape_kang1291,tree,lowersepikramu.tree.0586
Kire_kire1240,tree,lowersepikramu.tree.0592
Kopar_kopa1248,tree,lowersepikramu.tree.0587
MurikPapuaNewGuinea_muri1260,tree,lowersepikramu.tree.0584
MurikPapuaNewGuinea_muri1260,tree,lowersepikramu.tree.0584
Rao_raoo1244,tree,lowersepikramu.tree.0594
Romkun_romk1240,tree,lowersepikramu.tree.0593
Sepen_sepe1240,tree,lowersepikramu.tree.0592
Tabriak_tabr1243,tree,lowersepikramu.tree.0591
Tanggu_tang1355,tree,lowersepikramu.tree.0586
Tanguat_tang1356,tree,lowersepikramu.tree.0586
Watam_wata1253,tree,lowersepikramu.tree.0589
Yimas_yima1243,tree,lowersepikramu.tree.0591
Aiome_aiom1240,two,lowersepikramu.two.0595
Andarum_anda1284,two,lowersepikramu.two.0598
Angoram_ango1255,two,lowersepikramu.two.0599
Anor_anor1241,two,lowersepikramu.two.0600
Aruamu_arua1260,two,lowersepikramu.two.0608
Awar_awar1249,two,lowersepikramu.two.0601
Banaro_bana1292,two,banaro.two.0053
Banaro_bana1292,two,banaro.two.0054
Borei_bore1247,two,lowersepikramu.two.0602
Bosngun_bosn1248,two,lowersepikramu.two.0602
Breri_brer1240,two,lowersepikramu.two.0603
Chambri_cham1313,two,lowersepikramu.two.0601
Chambri_cham1313,two,lowersepikramu.two.0614
Chambri_cham1313,two,lowersepikramu.two.0615
Chini_akru1241,two,lowersepikramu.two.0596
Gorovu_goro1261,two,lowersepikramu.two.0604
Itutang-Inapang_inap1241,two,lowersepikramu.two.0606
Kaian_kaia1245,two,lowersepikramu.two.0602
Kanggape_kang1291,two,lowersepikramu.two.0605
Kire_kire1240,two,lowersepikramu.two.0601
Kopar_kopa1248,two,lowersepikramu.two.0607
MurikPapuaNewGuinea_muri1260,two,?
Rao_raoo1244,two,lowersepikramu.two.0609
Romkun_romk1240,two,lowersepikramu.two.0596
Sepen_sepe1240,two,lowersepikramu.two.0601
Tabriak_tabr1243,two,lowersepikramu.two.0610
Tanggu_tang1355,two,lowersepikramu.two.0611
Tanguat_tang1356,two,lowersepikramu.two.0612
Watam_wata1253,two,lowersepikramu.two.0601
Yimas_yima1243,two,lowersepikramu.two.0613
Aiome_aiom1240,water,lowersepikramu.water.0616
Andarum_anda1284,water,lowersepikramu.water.0618
Angoram_ango1255,water,lowersepikramu.water.0619
Anor_anor1241,water,lowersepikramu.water.0620
Aruamu_arua1260,water,lowersepikramu.water.0624
Awar_awar1249,water,lowersepikramu.water.0621
Banaro_bana1292,water,banaro.water.0055
Banaro_bana1292,water,banaro.water.0055
Borei_bore1247,water,lowersepikramu.water.0622
Bosngun_bosn1248,water,lowersepikramu.water.0621
Breri_brer1240,water,lowersepikramu.water.0618
Chambri_cham1313,water,lowersepikramu.water.0619
Chini_akru1241,water,lowersepikramu.water.0617
Gorovu_goro1261,water,lowersepikramu.water.0618
Itutang-Inapang_inap1241,water,lowersepikramu.water.0618
Kaian_kaia1245,water,lowersepikramu.water.0619
Kanggape_kang1291,water,lowersepikramu.water.0618
Kire_kire1240,water,lowersepikramu.water.0623
Kopar_kopa1248,water,lowersepikramu.water.0619
MurikPapuaNewGuinea_muri1260,water,lowersepikramu.water.0625
Rao_raoo1244,water,lowersepikramu.water.0626
Romkun_romk1240,water,lowersepikramu.water.0618
Sepen_sepe1240,water,lowersepikramu.water.0617
Tabriak_tabr1243,water,lowersepikramu.water.0627
Tanggu_tang1355,water,lowersepikramu.water.0618
Tanguat_tang1356,water,lowersepikramu.water.0618
Watam_wata1253,water,lowersepikramu.water.0619
Yimas_yima1243,water,lowersepikramu.water.0619
