Language_ID,Feature_ID,Value
Acoli_acol1236,1pl,nilotic.1pl.0001
Adhola_adho1243,1pl,nilotic.1pl.0001
Akie_mosi1247,1pl,nilotic.1pl.0003
Alur_alur1250,1pl,nilotic.1pl.0001
Anuak_anua1242,1pl,nilotic.1pl.0001
Barabayiiga-Gisamjanga_dato1239,1pl,?
Bari_bari1284,1pl,nilotic.1pl.0002
Bari_bari1284,1pl,nilotic.1pl.0002
Bari_bari1284,1pl,nilotic.1pl.0002
Bari_bari1284,1pl,nilotic.1pl.0002
Dongotono_dong1294,1pl,nilotic.1pl.0007
Jumjum_jumj1238,1pl,nilotic.1pl.0008
Kakwa_kakw1240,1pl,nilotic.1pl.0002
Karamojong_kara1483,1pl,nilotic.1pl.0001
Keiyo_keiy1238,1pl,nilotic.1pl.0003
Keiyo_keiy1238,1pl,nilotic.1pl.0015
Kipsigis_kips1239,1pl,nilotic.1pl.0003
Kumam_kuma1275,1pl,nilotic.1pl.0001
Kupsabiny_kups1238,1pl,nilotic.1pl.0003
LangoUganda_lang1324,1pl,nilotic.1pl.0001
Lokoya_loko1254,1pl,nilotic.1pl.0007
LuoKenyaandTanzania_luok1236,1pl,nilotic.1pl.0001
Luwo_luwo1239,1pl,nilotic.1pl.0001
Luwo_luwo1239,1pl,nilotic.1pl.0014
Mabaan_maba1273,1pl,nilotic.1pl.0008
Mandari_mand1425,1pl,nilotic.1pl.0002
Masai_masa1300,1pl,nilotic.1pl.0004
Nandi_nand1266,1pl,nilotic.1pl.0003
Ngasa_ngas1238,1pl,nilotic.1pl.0004
NorthernBurun_buru1301,1pl,nilotic.1pl.0003
Nuer_nuer1246,1pl,nilotic.1pl.0009
Nyangatom_nyan1315,1pl,nilotic.1pl.0010
Okiek_okie1245,1pl,?
Omotik_omot1239,1pl,?
Pari_pari1256,1pl,nilotic.1pl.0001
Pokoot_poko1263,1pl,nilotic.1pl.0011
Sabaot_saba1262,1pl,nilotic.1pl.0003
Samburu_samb1315,1pl,nilotic.1pl.0004
Samburu_samb1315,1pl,nilotic.1pl.0004
Shilluk_shil1265,1pl,nilotic.1pl.0001
SouthCentralDinka_sout2833,1pl,nilotic.1pl.0005
SoutheasternDinka_sout2834,1pl,nilotic.1pl.0006
SouthwesternDinka_sout2832,1pl,nilotic.1pl.0012
Terik_teri1244,1pl,nilotic.1pl.0003
Teso_teso1249,1pl,nilotic.1pl.0013
Tugen_tuge1241,1pl,nilotic.1pl.0003
Turkana_turk1308,1pl,nilotic.1pl.0010
Turkana_turk1308,1pl,nilotic.1pl.0016
Acoli_acol1236,1sg,nilotic.1sg.0017
Adhola_adho1243,1sg,nilotic.1sg.0017
Akie_mosi1247,1sg,nilotic.1sg.0017
Alur_alur1250,1sg,nilotic.1sg.0017
Anuak_anua1242,1sg,nilotic.1sg.0017
Barabayiiga-Gisamjanga_dato1239,1sg,?
Bari_bari1284,1sg,nilotic.1sg.0017
Bari_bari1284,1sg,nilotic.1sg.0017
Bari_bari1284,1sg,nilotic.1sg.0017
Bari_bari1284,1sg,nilotic.1sg.0017
Dongotono_dong1294,1sg,nilotic.1sg.0017
Jumjum_jumj1238,1sg,nilotic.1sg.0017
Kakwa_kakw1240,1sg,nilotic.1sg.0017
Karamojong_kara1483,1sg,nilotic.1sg.0017
Keiyo_keiy1238,1sg,nilotic.1sg.0017
Kipsigis_kips1239,1sg,nilotic.1sg.0017
Kumam_kuma1275,1sg,nilotic.1sg.0017
Kupsabiny_kups1238,1sg,nilotic.1sg.0017
LangoUganda_lang1324,1sg,nilotic.1sg.0017
Lokoya_loko1254,1sg,nilotic.1sg.0017
LuoKenyaandTanzania_luok1236,1sg,nilotic.1sg.0017
Luwo_luwo1239,1sg,nilotic.1sg.0017
Luwo_luwo1239,1sg,nilotic.1sg.0019
Mabaan_maba1273,1sg,nilotic.1sg.0019
Mandari_mand1425,1sg,nilotic.1sg.0017
Masai_masa1300,1sg,nilotic.1sg.0017
Nandi_nand1266,1sg,nilotic.1sg.0017
Ngasa_ngas1238,1sg,nilotic.1sg.0017
NorthernBurun_buru1301,1sg,nilotic.1sg.0017
Nuer_nuer1246,1sg,nilotic.1sg.0017
Nyangatom_nyan1315,1sg,nilotic.1sg.0017
Okiek_okie1245,1sg,?
Omotik_omot1239,1sg,?
Pari_pari1256,1sg,nilotic.1sg.0017
Pokoot_poko1263,1sg,nilotic.1sg.0017
Sabaot_saba1262,1sg,nilotic.1sg.0017
Samburu_samb1315,1sg,nilotic.1sg.0017
Samburu_samb1315,1sg,nilotic.1sg.0017
Shilluk_shil1265,1sg,nilotic.1sg.0017
SouthCentralDinka_sout2833,1sg,nilotic.1sg.0018
SoutheasternDinka_sout2834,1sg,nilotic.1sg.0018
SouthwesternDinka_sout2832,1sg,nilotic.1sg.0017
Terik_teri1244,1sg,nilotic.1sg.0017
Teso_teso1249,1sg,nilotic.1sg.0017
Tugen_tuge1241,1sg,nilotic.1sg.0017
Turkana_turk1308,1sg,nilotic.1sg.0017
Acoli_acol1236,2sg,nilotic.2sg.0020
Adhola_adho1243,2sg,nilotic.2sg.0020
Akie_mosi1247,2sg,nilotic.2sg.0022
Alur_alur1250,2sg,nilotic.2sg.0020
Anuak_anua1242,2sg,nilotic.2sg.0020
Barabayiiga-Gisamjanga_dato1239,2sg,?
Bari_bari1284,2sg,nilotic.2sg.0021
Bari_bari1284,2sg,nilotic.2sg.0021
Bari_bari1284,2sg,nilotic.2sg.0021
Bari_bari1284,2sg,nilotic.2sg.0021
Dongotono_dong1294,2sg,nilotic.2sg.0023
Jumjum_jumj1238,2sg,nilotic.2sg.0022
Kakwa_kakw1240,2sg,nilotic.2sg.0021
Karamojong_kara1483,2sg,nilotic.2sg.0020
Keiyo_keiy1238,2sg,nilotic.2sg.0022
Kipsigis_kips1239,2sg,nilotic.2sg.0022
Kumam_kuma1275,2sg,nilotic.2sg.0020
Kupsabiny_kups1238,2sg,nilotic.2sg.0022
LangoUganda_lang1324,2sg,nilotic.2sg.0020
Lokoya_loko1254,2sg,nilotic.2sg.0023
LuoKenyaandTanzania_luok1236,2sg,nilotic.2sg.0020
Luwo_luwo1239,2sg,nilotic.2sg.0020
Luwo_luwo1239,2sg,nilotic.2sg.0020
Luwo_luwo1239,2sg,nilotic.2sg.0020
Luwo_luwo1239,2sg,nilotic.2sg.0024
Mabaan_maba1273,2sg,nilotic.2sg.0025
Mandari_mand1425,2sg,nilotic.2sg.0021
Masai_masa1300,2sg,nilotic.2sg.0023
Nandi_nand1266,2sg,nilotic.2sg.0022
Ngasa_ngas1238,2sg,nilotic.2sg.0023
NorthernBurun_buru1301,2sg,nilotic.2sg.0022
Nuer_nuer1246,2sg,nilotic.2sg.0020
Nyangatom_nyan1315,2sg,nilotic.2sg.0022
Okiek_okie1245,2sg,?
Omotik_omot1239,2sg,?
Pari_pari1256,2sg,nilotic.2sg.0022
Pokoot_poko1263,2sg,nilotic.2sg.0022
Pokoot_poko1263,2sg,nilotic.2sg.0022
Sabaot_saba1262,2sg,nilotic.2sg.0022
Samburu_samb1315,2sg,nilotic.2sg.0023
Samburu_samb1315,2sg,nilotic.2sg.0023
Shilluk_shil1265,2sg,nilotic.2sg.0020
SouthCentralDinka_sout2833,2sg,?
SoutheasternDinka_sout2834,2sg,nilotic.2sg.0020
SouthwesternDinka_sout2832,2sg,nilotic.2sg.0020
Terik_teri1244,2sg,?
Teso_teso1249,2sg,nilotic.2sg.0026
Tugen_tuge1241,2sg,nilotic.2sg.0022
Turkana_turk1308,2sg,nilotic.2sg.0020
Turkana_turk1308,2sg,nilotic.2sg.0027
Acoli_acol1236,blood,nilotic.blood.0028
Adhola_adho1243,blood,nilotic.blood.0028
Akie_mosi1247,blood,nilotic.blood.0034
Alur_alur1250,blood,nilotic.blood.0028
Anuak_anua1242,blood,nilotic.blood.0028
Barabayiiga-Gisamjanga_dato1239,blood,nilotic.blood.0030
Bari_bari1284,blood,nilotic.blood.0028
Bari_bari1284,blood,nilotic.blood.0028
Bari_bari1284,blood,nilotic.blood.0028
Bari_bari1284,blood,nilotic.blood.0032
Dongotono_dong1294,blood,nilotic.blood.0029
Jumjum_jumj1238,blood,nilotic.blood.0028
Kakwa_kakw1240,blood,nilotic.blood.0028
Karamojong_kara1483,blood,nilotic.blood.0029
Keiyo_keiy1238,blood,nilotic.blood.0031
Kipsigis_kips1239,blood,nilotic.blood.0031
Kumam_kuma1275,blood,nilotic.blood.0028
Kupsabiny_kups1238,blood,nilotic.blood.0031
LangoUganda_lang1324,blood,nilotic.blood.0028
Lokoya_loko1254,blood,nilotic.blood.0029
LuoKenyaandTanzania_luok1236,blood,nilotic.blood.0028
Luwo_luwo1239,blood,nilotic.blood.0028
Mabaan_maba1273,blood,nilotic.blood.0028
Mandari_mand1425,blood,nilotic.blood.0028
Masai_masa1300,blood,nilotic.blood.0033
Nandi_nand1266,blood,nilotic.blood.0031
Ngasa_ngas1238,blood,?
NorthernBurun_buru1301,blood,nilotic.blood.0028
Nuer_nuer1246,blood,nilotic.blood.0028
Nyangatom_nyan1315,blood,nilotic.blood.0029
Okiek_okie1245,blood,nilotic.blood.0031
Omotik_omot1239,blood,nilotic.blood.0035
Pari_pari1256,blood,nilotic.blood.0028
Pokoot_poko1263,blood,nilotic.blood.0036
Sabaot_saba1262,blood,nilotic.blood.0031
Samburu_samb1315,blood,nilotic.blood.0029
Samburu_samb1315,blood,nilotic.blood.0029
Shilluk_shil1265,blood,nilotic.blood.0028
SouthCentralDinka_sout2833,blood,nilotic.blood.0028
SoutheasternDinka_sout2834,blood,nilotic.blood.0028
SouthwesternDinka_sout2832,blood,nilotic.blood.0037
Terik_teri1244,blood,nilotic.blood.0031
Teso_teso1249,blood,nilotic.blood.0029
Tugen_tuge1241,blood,nilotic.blood.0031
Turkana_turk1308,blood,nilotic.blood.0029
Acoli_acol1236,bone,nilotic.bone.0038
Adhola_adho1243,bone,nilotic.bone.0038
Akie_mosi1247,bone,nilotic.bone.0047
Alur_alur1250,bone,nilotic.bone.0038
Anuak_anua1242,bone,nilotic.bone.0038
Anuak_anua1242,bone,nilotic.bone.0038
Barabayiiga-Gisamjanga_dato1239,bone,nilotic.bone.0042
Bari_bari1284,bone,nilotic.bone.0039
Bari_bari1284,bone,nilotic.bone.0039
Bari_bari1284,bone,nilotic.bone.0039
Bari_bari1284,bone,nilotic.bone.0039
Bari_bari1284,bone,nilotic.bone.0039
Dongotono_dong1294,bone,nilotic.bone.0041
Jumjum_jumj1238,bone,nilotic.bone.0044
Kakwa_kakw1240,bone,nilotic.bone.0039
Karamojong_kara1483,bone,nilotic.bone.0045
Keiyo_keiy1238,bone,nilotic.bone.0045
Keiyo_keiy1238,bone,nilotic.bone.0046
Kipsigis_kips1239,bone,?
Kumam_kuma1275,bone,nilotic.bone.0038
Kupsabiny_kups1238,bone,nilotic.bone.0046
LangoUganda_lang1324,bone,nilotic.bone.0038
Lokoya_loko1254,bone,nilotic.bone.0041
LuoKenyaandTanzania_luok1236,bone,nilotic.bone.0038
Luwo_luwo1239,bone,nilotic.bone.0038
Mabaan_maba1273,bone,nilotic.bone.0044
Mandari_mand1425,bone,nilotic.bone.0045
Masai_masa1300,bone,nilotic.bone.0041
Nandi_nand1266,bone,nilotic.bone.0046
Ngasa_ngas1238,bone,nilotic.bone.0041
NorthernBurun_buru1301,bone,nilotic.bone.0040
Nuer_nuer1246,bone,nilotic.bone.0038
Nuer_nuer1246,bone,nilotic.bone.0038
Nyangatom_nyan1315,bone,nilotic.bone.0046
Okiek_okie1245,bone,nilotic.bone.0045
Omotik_omot1239,bone,nilotic.bone.0048
Pari_pari1256,bone,nilotic.bone.0038
Pokoot_poko1263,bone,nilotic.bone.0046
Sabaot_saba1262,bone,nilotic.bone.0046
Samburu_samb1315,bone,nilotic.bone.0041
Samburu_samb1315,bone,nilotic.bone.0041
Shilluk_shil1265,bone,nilotic.bone.0038
SouthCentralDinka_sout2833,bone,nilotic.bone.0043
SoutheasternDinka_sout2834,bone,?
SouthwesternDinka_sout2832,bone,nilotic.bone.0039
Terik_teri1244,bone,nilotic.bone.0046
Teso_teso1249,bone,nilotic.bone.0045
Tugen_tuge1241,bone,nilotic.bone.0046
Turkana_turk1308,bone,nilotic.bone.0045
Acoli_acol1236,breast,nilotic.breast.0049
Adhola_adho1243,breast,nilotic.breast.0049
Akie_mosi1247,breast,nilotic.breast.0050
Alur_alur1250,breast,nilotic.breast.0049
Anuak_anua1242,breast,nilotic.breast.0049
Barabayiiga-Gisamjanga_dato1239,breast,nilotic.breast.0052
Bari_bari1284,breast,nilotic.breast.0050
Bari_bari1284,breast,nilotic.breast.0050
Bari_bari1284,breast,nilotic.breast.0050
Bari_bari1284,breast,nilotic.breast.0050
Dongotono_dong1294,breast,nilotic.breast.0050
Jumjum_jumj1238,breast,nilotic.breast.0051
Kakwa_kakw1240,breast,nilotic.breast.0050
Karamojong_kara1483,breast,?
Keiyo_keiy1238,breast,nilotic.breast.0050
Keiyo_keiy1238,breast,nilotic.breast.0050
Kipsigis_kips1239,breast,nilotic.breast.0055
Kumam_kuma1275,breast,nilotic.breast.0049
Kupsabiny_kups1238,breast,nilotic.breast.0050
LangoUganda_lang1324,breast,nilotic.breast.0049
Lokoya_loko1254,breast,nilotic.breast.0056
LuoKenyaandTanzania_luok1236,breast,nilotic.breast.0049
Luwo_luwo1239,breast,nilotic.breast.0054
Mabaan_maba1273,breast,nilotic.breast.0051
Mandari_mand1425,breast,nilotic.breast.0050
Masai_masa1300,breast,nilotic.breast.0050
Nandi_nand1266,breast,nilotic.breast.0050
Ngasa_ngas1238,breast,nilotic.breast.0050
NorthernBurun_buru1301,breast,nilotic.breast.0051
Nuer_nuer1246,breast,nilotic.breast.0057
Nyangatom_nyan1315,breast,nilotic.breast.0052
Okiek_okie1245,breast,nilotic.breast.0050
Omotik_omot1239,breast,nilotic.breast.0050
Pari_pari1256,breast,?
Pokoot_poko1263,breast,nilotic.breast.0052
Sabaot_saba1262,breast,nilotic.breast.0050
Samburu_samb1315,breast,nilotic.breast.0050
Samburu_samb1315,breast,nilotic.breast.0050
Shilluk_shil1265,breast,nilotic.breast.0049
SouthCentralDinka_sout2833,breast,nilotic.breast.0053
SoutheasternDinka_sout2834,breast,nilotic.breast.0053
SouthwesternDinka_sout2832,breast,nilotic.breast.0053
Terik_teri1244,breast,nilotic.breast.0050
Teso_teso1249,breast,nilotic.breast.0058
Tugen_tuge1241,breast,nilotic.breast.0052
Turkana_turk1308,breast,nilotic.breast.0050
Acoli_acol1236,come,nilotic.come.0059
Adhola_adho1243,come,nilotic.come.0059
Akie_mosi1247,come,nilotic.come.0065
Alur_alur1250,come,nilotic.come.0059
Anuak_anua1242,come,nilotic.come.0060
Barabayiiga-Gisamjanga_dato1239,come,?
Bari_bari1284,come,nilotic.come.0061
Bari_bari1284,come,nilotic.come.0061
Bari_bari1284,come,nilotic.come.0061
Bari_bari1284,come,nilotic.come.0064
Dongotono_dong1294,come,nilotic.come.0063
Jumjum_jumj1238,come,nilotic.come.0062
Kakwa_kakw1240,come,nilotic.come.0064
Karamojong_kara1483,come,nilotic.come.0066
Keiyo_keiy1238,come,nilotic.come.0065
Keiyo_keiy1238,come,nilotic.come.0065
Kipsigis_kips1239,come,nilotic.come.0065
Kumam_kuma1275,come,nilotic.come.0059
Kupsabiny_kups1238,come,nilotic.come.0067
LangoUganda_lang1324,come,nilotic.come.0059
Lokoya_loko1254,come,nilotic.come.0068
LuoKenyaandTanzania_luok1236,come,nilotic.come.0059
Luwo_luwo1239,come,nilotic.come.0059
Mabaan_maba1273,come,nilotic.come.0061
Mandari_mand1425,come,nilotic.come.0064
Masai_masa1300,come,nilotic.come.0063
Nandi_nand1266,come,nilotic.come.0069
Ngasa_ngas1238,come,?
NorthernBurun_buru1301,come,nilotic.come.0062
Nuer_nuer1246,come,nilotic.come.0064
Nyangatom_nyan1315,come,nilotic.come.0064
Okiek_okie1245,come,?
Omotik_omot1239,come,?
Pari_pari1256,come,nilotic.come.0071
Pokoot_poko1263,come,nilotic.come.0063
Pokoot_poko1263,come,nilotic.come.0072
Sabaot_saba1262,come,nilotic.come.0070
Samburu_samb1315,come,nilotic.come.0063
Samburu_samb1315,come,nilotic.come.0063
Shilluk_shil1265,come,nilotic.come.0064
SouthCentralDinka_sout2833,come,nilotic.come.0059
SoutheasternDinka_sout2834,come,nilotic.come.0059
SouthwesternDinka_sout2832,come,nilotic.come.0064
Terik_teri1244,come,nilotic.come.0059
Teso_teso1249,come,nilotic.come.0066
Tugen_tuge1241,come,nilotic.come.0070
Turkana_turk1308,come,nilotic.come.0066
Acoli_acol1236,die,nilotic.die.0073
Adhola_adho1243,die,nilotic.die.0073
Akie_mosi1247,die,nilotic.die.0077
Alur_alur1250,die,nilotic.die.0073
Anuak_anua1242,die,nilotic.die.0073
Barabayiiga-Gisamjanga_dato1239,die,nilotic.die.0077
Bari_bari1284,die,nilotic.die.0074
Bari_bari1284,die,nilotic.die.0074
Bari_bari1284,die,nilotic.die.0074
Bari_bari1284,die,nilotic.die.0074
Dongotono_dong1294,die,nilotic.die.0079
Jumjum_jumj1238,die,nilotic.die.0080
Kakwa_kakw1240,die,nilotic.die.0074
Karamojong_kara1483,die,nilotic.die.0081
Keiyo_keiy1238,die,nilotic.die.0077
Kipsigis_kips1239,die,nilotic.die.0077
Kumam_kuma1275,die,nilotic.die.0073
Kupsabiny_kups1238,die,nilotic.die.0077
LangoUganda_lang1324,die,nilotic.die.0082
Lokoya_loko1254,die,nilotic.die.0083
LuoKenyaandTanzania_luok1236,die,nilotic.die.0073
Luwo_luwo1239,die,nilotic.die.0073
Mabaan_maba1273,die,nilotic.die.0080
Mandari_mand1425,die,nilotic.die.0074
Masai_masa1300,die,nilotic.die.0083
Nandi_nand1266,die,nilotic.die.0084
Ngasa_ngas1238,die,?
NorthernBurun_buru1301,die,nilotic.die.0075
Nuer_nuer1246,die,nilotic.die.0086
Nyangatom_nyan1315,die,nilotic.die.0074
Okiek_okie1245,die,nilotic.die.0085
Omotik_omot1239,die,nilotic.die.0085
Pari_pari1256,die,nilotic.die.0073
Pari_pari1256,die,nilotic.die.0073
Pokoot_poko1263,die,nilotic.die.0077
Pokoot_poko1263,die,nilotic.die.0077
Pokoot_poko1263,die,nilotic.die.0088
Sabaot_saba1262,die,nilotic.die.0085
Samburu_samb1315,die,nilotic.die.0076
Samburu_samb1315,die,nilotic.die.0083
Shilluk_shil1265,die,nilotic.die.0073
SouthCentralDinka_sout2833,die,nilotic.die.0078
SoutheasternDinka_sout2834,die,?
SouthwesternDinka_sout2832,die,nilotic.die.0087
Terik_teri1244,die,nilotic.die.0085
Teso_teso1249,die,nilotic.die.0081
Tugen_tuge1241,die,nilotic.die.0085
Turkana_turk1308,die,nilotic.die.0081
Acoli_acol1236,dog,nilotic.dog.0089
Adhola_adho1243,dog,nilotic.dog.0089
Akie_mosi1247,dog,nilotic.dog.0096
Alur_alur1250,dog,nilotic.dog.0089
Anuak_anua1242,dog,nilotic.dog.0089
Barabayiiga-Gisamjanga_dato1239,dog,nilotic.dog.0093
Bari_bari1284,dog,nilotic.dog.0090
Bari_bari1284,dog,nilotic.dog.0090
Bari_bari1284,dog,nilotic.dog.0090
Bari_bari1284,dog,nilotic.dog.0090
Dongotono_dong1294,dog,nilotic.dog.0095
Jumjum_jumj1238,dog,nilotic.dog.0093
Kakwa_kakw1240,dog,nilotic.dog.0090
Karamojong_kara1483,dog,nilotic.dog.0097
Keiyo_keiy1238,dog,nilotic.dog.0098
Keiyo_keiy1238,dog,nilotic.dog.0105
Kipsigis_kips1239,dog,nilotic.dog.0096
Kumam_kuma1275,dog,nilotic.dog.0089
Kupsabiny_kups1238,dog,nilotic.dog.0096
LangoUganda_lang1324,dog,nilotic.dog.0089
Lokoya_loko1254,dog,nilotic.dog.0099
LuoKenyaandTanzania_luok1236,dog,nilotic.dog.0089
Luwo_luwo1239,dog,nilotic.dog.0089
Mabaan_maba1273,dog,nilotic.dog.0093
Mandari_mand1425,dog,nilotic.dog.0090
Masai_masa1300,dog,nilotic.dog.0092
Nandi_nand1266,dog,?
Ngasa_ngas1238,dog,?
NorthernBurun_buru1301,dog,nilotic.dog.0091
Nuer_nuer1246,dog,nilotic.dog.0101
Nyangatom_nyan1315,dog,nilotic.dog.0102
Okiek_okie1245,dog,nilotic.dog.0096
Omotik_omot1239,dog,nilotic.dog.0096
Pari_pari1256,dog,nilotic.dog.0089
Pokoot_poko1263,dog,nilotic.dog.0093
Pokoot_poko1263,dog,nilotic.dog.0105
Sabaot_saba1262,dog,nilotic.dog.0096
Samburu_samb1315,dog,nilotic.dog.0092
Samburu_samb1315,dog,nilotic.dog.0092
Shilluk_shil1265,dog,nilotic.dog.0089
SouthCentralDinka_sout2833,dog,nilotic.dog.0093
SoutheasternDinka_sout2834,dog,nilotic.dog.0094
SoutheasternDinka_sout2834,dog,nilotic.dog.0094
SouthwesternDinka_sout2832,dog,nilotic.dog.0093
Terik_teri1244,dog,nilotic.dog.0098
Teso_teso1249,dog,nilotic.dog.0103
Tugen_tuge1241,dog,nilotic.dog.0100
Turkana_turk1308,dog,nilotic.dog.0104
Acoli_acol1236,drink,nilotic.drink.0106
Adhola_adho1243,drink,nilotic.drink.0106
Akie_mosi1247,drink,nilotic.drink.0114
Alur_alur1250,drink,nilotic.drink.0106
Anuak_anua1242,drink,nilotic.drink.0106
Barabayiiga-Gisamjanga_dato1239,drink,nilotic.drink.0109
Barabayiiga-Gisamjanga_dato1239,drink,nilotic.drink.0109
Bari_bari1284,drink,nilotic.drink.0107
Bari_bari1284,drink,nilotic.drink.0107
Bari_bari1284,drink,nilotic.drink.0107
Bari_bari1284,drink,nilotic.drink.0107
Dongotono_dong1294,drink,nilotic.drink.0111
Jumjum_jumj1238,drink,nilotic.drink.0106
Kakwa_kakw1240,drink,nilotic.drink.0107
Karamojong_kara1483,drink,nilotic.drink.0111
Keiyo_keiy1238,drink,nilotic.drink.0112
Kipsigis_kips1239,drink,nilotic.drink.0109
Kipsigis_kips1239,drink,nilotic.drink.0113
Kumam_kuma1275,drink,nilotic.drink.0106
Kupsabiny_kups1238,drink,nilotic.drink.0113
LangoUganda_lang1324,drink,nilotic.drink.0106
Lokoya_loko1254,drink,nilotic.drink.0111
LuoKenyaandTanzania_luok1236,drink,nilotic.drink.0106
Luwo_luwo1239,drink,nilotic.drink.0106
Mabaan_maba1273,drink,nilotic.drink.0106
Mandari_mand1425,drink,nilotic.drink.0107
Masai_masa1300,drink,nilotic.drink.0108
Masai_masa1300,drink,nilotic.drink.0111
Nandi_nand1266,drink,nilotic.drink.0115
Nandi_nand1266,drink,nilotic.drink.0116
Nandi_nand1266,drink,nilotic.drink.0121
Nandi_nand1266,drink,nilotic.drink.0123
Ngasa_ngas1238,drink,nilotic.drink.0106
NorthernBurun_buru1301,drink,nilotic.drink.0106
Nuer_nuer1246,drink,nilotic.drink.0106
Nyangatom_nyan1315,drink,nilotic.drink.0111
Okiek_okie1245,drink,nilotic.drink.0119
Omotik_omot1239,drink,nilotic.drink.0117
Pari_pari1256,drink,nilotic.drink.0106
Pari_pari1256,drink,nilotic.drink.0106
Pokoot_poko1263,drink,nilotic.drink.0118
Pokoot_poko1263,drink,nilotic.drink.0120
Pokoot_poko1263,drink,nilotic.drink.0122
Sabaot_saba1262,drink,nilotic.drink.0116
Samburu_samb1315,drink,nilotic.drink.0108
Samburu_samb1315,drink,nilotic.drink.0108
Samburu_samb1315,drink,nilotic.drink.0111
Shilluk_shil1265,drink,nilotic.drink.0106
SouthCentralDinka_sout2833,drink,nilotic.drink.0110
SoutheasternDinka_sout2834,drink,nilotic.drink.0110
SouthwesternDinka_sout2832,drink,nilotic.drink.0110
Terik_teri1244,drink,nilotic.drink.0112
Teso_teso1249,drink,nilotic.drink.0111
Tugen_tuge1241,drink,nilotic.drink.0116
Turkana_turk1308,drink,nilotic.drink.0111
Acoli_acol1236,ear,nilotic.ear.0124
Adhola_adho1243,ear,nilotic.ear.0124
Akie_mosi1247,ear,nilotic.ear.0124
Alur_alur1250,ear,nilotic.ear.0124
Anuak_anua1242,ear,nilotic.ear.0124
Barabayiiga-Gisamjanga_dato1239,ear,nilotic.ear.0124
Bari_bari1284,ear,nilotic.ear.0125
Bari_bari1284,ear,nilotic.ear.0125
Bari_bari1284,ear,nilotic.ear.0125
Bari_bari1284,ear,nilotic.ear.0125
Dongotono_dong1294,ear,nilotic.ear.0126
Jumjum_jumj1238,ear,nilotic.ear.0127
Kakwa_kakw1240,ear,nilotic.ear.0125
Karamojong_kara1483,ear,nilotic.ear.0128
Keiyo_keiy1238,ear,nilotic.ear.0124
Kipsigis_kips1239,ear,nilotic.ear.0124
Kumam_kuma1275,ear,nilotic.ear.0124
Kupsabiny_kups1238,ear,nilotic.ear.0124
LangoUganda_lang1324,ear,nilotic.ear.0124
Lokoya_loko1254,ear,nilotic.ear.0126
LuoKenyaandTanzania_luok1236,ear,nilotic.ear.0124
Luwo_luwo1239,ear,nilotic.ear.0124
Mabaan_maba1273,ear,nilotic.ear.0127
Mandari_mand1425,ear,nilotic.ear.0125
Masai_masa1300,ear,nilotic.ear.0126
Nandi_nand1266,ear,nilotic.ear.0124
Ngasa_ngas1238,ear,nilotic.ear.0130
NorthernBurun_buru1301,ear,nilotic.ear.0124
Nuer_nuer1246,ear,nilotic.ear.0129
Nyangatom_nyan1315,ear,nilotic.ear.0124
Okiek_okie1245,ear,nilotic.ear.0124
Omotik_omot1239,ear,nilotic.ear.0124
Pari_pari1256,ear,nilotic.ear.0124
Pokoot_poko1263,ear,nilotic.ear.0124
Sabaot_saba1262,ear,nilotic.ear.0124
Samburu_samb1315,ear,nilotic.ear.0126
Samburu_samb1315,ear,nilotic.ear.0126
Shilluk_shil1265,ear,nilotic.ear.0124
SouthCentralDinka_sout2833,ear,nilotic.ear.0124
SoutheasternDinka_sout2834,ear,nilotic.ear.0124
SouthwesternDinka_sout2832,ear,nilotic.ear.0124
Terik_teri1244,ear,nilotic.ear.0124
Teso_teso1249,ear,nilotic.ear.0128
Tugen_tuge1241,ear,nilotic.ear.0124
Turkana_turk1308,ear,nilotic.ear.0128
Acoli_acol1236,eye,nilotic.eye.0131
Adhola_adho1243,eye,nilotic.eye.0131
Akie_mosi1247,eye,nilotic.eye.0132
Alur_alur1250,eye,nilotic.eye.0131
Anuak_anua1242,eye,nilotic.eye.0131
Barabayiiga-Gisamjanga_dato1239,eye,nilotic.eye.0132
Bari_bari1284,eye,nilotic.eye.0132
Bari_bari1284,eye,nilotic.eye.0132
Bari_bari1284,eye,nilotic.eye.0132
Bari_bari1284,eye,nilotic.eye.0132
Dongotono_dong1294,eye,nilotic.eye.0132
Jumjum_jumj1238,eye,nilotic.eye.0131
Kakwa_kakw1240,eye,nilotic.eye.0132
Karamojong_kara1483,eye,nilotic.eye.0132
Keiyo_keiy1238,eye,nilotic.eye.0132
Kipsigis_kips1239,eye,nilotic.eye.0132
Kumam_kuma1275,eye,nilotic.eye.0131
Kupsabiny_kups1238,eye,nilotic.eye.0132
LangoUganda_lang1324,eye,nilotic.eye.0131
Lokoya_loko1254,eye,nilotic.eye.0132
LuoKenyaandTanzania_luok1236,eye,nilotic.eye.0131
Luwo_luwo1239,eye,nilotic.eye.0132
Mabaan_maba1273,eye,nilotic.eye.0131
Mandari_mand1425,eye,nilotic.eye.0132
Masai_masa1300,eye,nilotic.eye.0132
Nandi_nand1266,eye,nilotic.eye.0132
Ngasa_ngas1238,eye,nilotic.eye.0132
NorthernBurun_buru1301,eye,nilotic.eye.0131
Nuer_nuer1246,eye,nilotic.eye.0131
Nyangatom_nyan1315,eye,nilotic.eye.0132
Okiek_okie1245,eye,nilotic.eye.0132
Omotik_omot1239,eye,nilotic.eye.0132
Pari_pari1256,eye,nilotic.eye.0131
Pokoot_poko1263,eye,nilotic.eye.0132
Sabaot_saba1262,eye,nilotic.eye.0132
Samburu_samb1315,eye,nilotic.eye.0132
Samburu_samb1315,eye,nilotic.eye.0132
Shilluk_shil1265,eye,nilotic.eye.0131
SouthCentralDinka_sout2833,eye,nilotic.eye.0133
SoutheasternDinka_sout2834,eye,nilotic.eye.0133
SouthwesternDinka_sout2832,eye,nilotic.eye.0133
Terik_teri1244,eye,nilotic.eye.0132
Teso_teso1249,eye,nilotic.eye.0132
Tugen_tuge1241,eye,nilotic.eye.0132
Turkana_turk1308,eye,nilotic.eye.0132
Acoli_acol1236,fire,nilotic.fire.0134
Adhola_adho1243,fire,nilotic.fire.0134
Akie_mosi1247,fire,nilotic.fire.0138
Alur_alur1250,fire,nilotic.fire.0134
Anuak_anua1242,fire,nilotic.fire.0134
Barabayiiga-Gisamjanga_dato1239,fire,nilotic.fire.0136
Bari_bari1284,fire,nilotic.fire.0135
Bari_bari1284,fire,nilotic.fire.0135
Bari_bari1284,fire,nilotic.fire.0135
Bari_bari1284,fire,nilotic.fire.0135
Dongotono_dong1294,fire,nilotic.fire.0135
Jumjum_jumj1238,fire,nilotic.fire.0137
Kakwa_kakw1240,fire,nilotic.fire.0135
Karamojong_kara1483,fire,nilotic.fire.0139
Keiyo_keiy1238,fire,nilotic.fire.0138
Kipsigis_kips1239,fire,nilotic.fire.0138
Kumam_kuma1275,fire,nilotic.fire.0134
Kupsabiny_kups1238,fire,nilotic.fire.0134
LangoUganda_lang1324,fire,nilotic.fire.0134
Lokoya_loko1254,fire,nilotic.fire.0135
LuoKenyaandTanzania_luok1236,fire,nilotic.fire.0134
Luwo_luwo1239,fire,nilotic.fire.0134
Mabaan_maba1273,fire,nilotic.fire.0137
Mandari_mand1425,fire,nilotic.fire.0135
Masai_masa1300,fire,nilotic.fire.0135
Nandi_nand1266,fire,nilotic.fire.0134
Ngasa_ngas1238,fire,nilotic.fire.0135
NorthernBurun_buru1301,fire,nilotic.fire.0134
Nuer_nuer1246,fire,nilotic.fire.0134
Nyangatom_nyan1315,fire,nilotic.fire.0140
Okiek_okie1245,fire,nilotic.fire.0138
Omotik_omot1239,fire,nilotic.fire.0138
Pari_pari1256,fire,nilotic.fire.0134
Pokoot_poko1263,fire,nilotic.fire.0138
Sabaot_saba1262,fire,nilotic.fire.0138
Samburu_samb1315,fire,nilotic.fire.0135
Samburu_samb1315,fire,nilotic.fire.0135
Shilluk_shil1265,fire,nilotic.fire.0134
SouthCentralDinka_sout2833,fire,nilotic.fire.0134
SoutheasternDinka_sout2834,fire,?
SouthwesternDinka_sout2832,fire,nilotic.fire.0134
Terik_teri1244,fire,nilotic.fire.0138
Teso_teso1249,fire,nilotic.fire.0139
Tugen_tuge1241,fire,nilotic.fire.0138
Turkana_turk1308,fire,nilotic.fire.0141
Acoli_acol1236,fish,nilotic.fish.0142
Adhola_adho1243,fish,nilotic.fish.0142
Akie_mosi1247,fish,nilotic.fish.0148
Alur_alur1250,fish,nilotic.fish.0142
Anuak_anua1242,fish,nilotic.fish.0142
Barabayiiga-Gisamjanga_dato1239,fish,nilotic.fish.0145
Bari_bari1284,fish,nilotic.fish.0143
Bari_bari1284,fish,nilotic.fish.0143
Bari_bari1284,fish,nilotic.fish.0143
Bari_bari1284,fish,nilotic.fish.0143
Dongotono_dong1294,fish,nilotic.fish.0146
Jumjum_jumj1238,fish,nilotic.fish.0147
Kakwa_kakw1240,fish,nilotic.fish.0143
Karamojong_kara1483,fish,nilotic.fish.0149
Keiyo_keiy1238,fish,nilotic.fish.0146
Keiyo_keiy1238,fish,nilotic.fish.0156
Keiyo_keiy1238,fish,nilotic.fish.0157
Kipsigis_kips1239,fish,nilotic.fish.0148
Kumam_kuma1275,fish,nilotic.fish.0150
Kupsabiny_kups1238,fish,nilotic.fish.0151
LangoUganda_lang1324,fish,nilotic.fish.0142
Lokoya_loko1254,fish,nilotic.fish.0152
LuoKenyaandTanzania_luok1236,fish,nilotic.fish.0142
Luwo_luwo1239,fish,nilotic.fish.0142
Mabaan_maba1273,fish,nilotic.fish.0154
Mandari_mand1425,fish,nilotic.fish.0143
Masai_masa1300,fish,nilotic.fish.0153
Nandi_nand1266,fish,nilotic.fish.0148
Nandi_nand1266,fish,nilotic.fish.0155
Ngasa_ngas1238,fish,nilotic.fish.0153
NorthernBurun_buru1301,fish,nilotic.fish.0142
Nuer_nuer1246,fish,nilotic.fish.0142
Nyangatom_nyan1315,fish,nilotic.fish.0149
Nyangatom_nyan1315,fish,nilotic.fish.0149
Okiek_okie1245,fish,nilotic.fish.0148
Omotik_omot1239,fish,nilotic.fish.0148
Pari_pari1256,fish,nilotic.fish.0142
Pokoot_poko1263,fish,nilotic.fish.0149
Sabaot_saba1262,fish,nilotic.fish.0143
Samburu_samb1315,fish,nilotic.fish.0144
Samburu_samb1315,fish,nilotic.fish.0153
Shilluk_shil1265,fish,nilotic.fish.0142
SouthCentralDinka_sout2833,fish,nilotic.fish.0142
SoutheasternDinka_sout2834,fish,nilotic.fish.0142
SouthwesternDinka_sout2832,fish,nilotic.fish.0142
Terik_teri1244,fish,nilotic.fish.0155
Teso_teso1249,fish,nilotic.fish.0149
Tugen_tuge1241,fish,nilotic.fish.0148
Turkana_turk1308,fish,nilotic.fish.0149
Acoli_acol1236,full,nilotic.full.0158
Adhola_adho1243,full,nilotic.full.0158
Akie_mosi1247,full,?
Alur_alur1250,full,nilotic.full.0158
Anuak_anua1242,full,?
Barabayiiga-Gisamjanga_dato1239,full,?
Bari_bari1284,full,nilotic.full.0159
Bari_bari1284,full,nilotic.full.0159
Bari_bari1284,full,nilotic.full.0159
Bari_bari1284,full,nilotic.full.0159
Dongotono_dong1294,full,nilotic.full.0160
Jumjum_jumj1238,full,?
Kakwa_kakw1240,full,nilotic.full.0159
Karamojong_kara1483,full,?
Keiyo_keiy1238,full,?
Kipsigis_kips1239,full,nilotic.full.0161
Kumam_kuma1275,full,nilotic.full.0158
Kupsabiny_kups1238,full,nilotic.full.0161
LangoUganda_lang1324,full,nilotic.full.0158
Lokoya_loko1254,full,nilotic.full.0162
LuoKenyaandTanzania_luok1236,full,nilotic.full.0158
Luwo_luwo1239,full,?
Mabaan_maba1273,full,?
Mandari_mand1425,full,nilotic.full.0159
Masai_masa1300,full,nilotic.full.0160
Nandi_nand1266,full,nilotic.full.0163
Nandi_nand1266,full,nilotic.full.0167
Ngasa_ngas1238,full,nilotic.full.0164
NorthernBurun_buru1301,full,?
Nuer_nuer1246,full,?
Nyangatom_nyan1315,full,?
Okiek_okie1245,full,?
Omotik_omot1239,full,?
Pari_pari1256,full,nilotic.full.0158
Pokoot_poko1263,full,nilotic.full.0161
Pokoot_poko1263,full,nilotic.full.0168
Pokoot_poko1263,full,nilotic.full.0169
Sabaot_saba1262,full,nilotic.full.0161
Samburu_samb1315,full,nilotic.full.0160
Samburu_samb1315,full,nilotic.full.0160
Shilluk_shil1265,full,nilotic.full.0158
SouthCentralDinka_sout2833,full,?
SoutheasternDinka_sout2834,full,?
SouthwesternDinka_sout2832,full,nilotic.full.0165
Terik_teri1244,full,?
Teso_teso1249,full,nilotic.full.0166
Tugen_tuge1241,full,nilotic.full.0161
Turkana_turk1308,full,nilotic.full.0166
Acoli_acol1236,hand,nilotic.hand.0170
Adhola_adho1243,hand,nilotic.hand.0170
Akie_mosi1247,hand,nilotic.hand.0175
Alur_alur1250,hand,nilotic.hand.0170
Anuak_anua1242,hand,nilotic.hand.0170
Barabayiiga-Gisamjanga_dato1239,hand,?
Bari_bari1284,hand,nilotic.hand.0171
Bari_bari1284,hand,nilotic.hand.0171
Bari_bari1284,hand,nilotic.hand.0171
Bari_bari1284,hand,nilotic.hand.0171
Dongotono_dong1294,hand,nilotic.hand.0171
Jumjum_jumj1238,hand,nilotic.hand.0173
Kakwa_kakw1240,hand,nilotic.hand.0171
Karamojong_kara1483,hand,nilotic.hand.0172
Keiyo_keiy1238,hand,nilotic.hand.0175
Kipsigis_kips1239,hand,nilotic.hand.0174
Kumam_kuma1275,hand,nilotic.hand.0170
Kupsabiny_kups1238,hand,nilotic.hand.0175
LangoUganda_lang1324,hand,nilotic.hand.0170
Lokoya_loko1254,hand,nilotic.hand.0172
LuoKenyaandTanzania_luok1236,hand,nilotic.hand.0176
Luwo_luwo1239,hand,nilotic.hand.0170
Mabaan_maba1273,hand,nilotic.hand.0177
Mandari_mand1425,hand,nilotic.hand.0171
Masai_masa1300,hand,nilotic.hand.0172
Nandi_nand1266,hand,nilotic.hand.0175
Ngasa_ngas1238,hand,nilotic.hand.0172
NorthernBurun_buru1301,hand,nilotic.hand.0172
Nuer_nuer1246,hand,nilotic.hand.0179
Nyangatom_nyan1315,hand,nilotic.hand.0171
Okiek_okie1245,hand,nilotic.hand.0175
Omotik_omot1239,hand,nilotic.hand.0180
Pari_pari1256,hand,nilotic.hand.0170
Pokoot_poko1263,hand,nilotic.hand.0175
Pokoot_poko1263,hand,nilotic.hand.0178
Sabaot_saba1262,hand,nilotic.hand.0175
Samburu_samb1315,hand,nilotic.hand.0172
Samburu_samb1315,hand,nilotic.hand.0172
Shilluk_shil1265,hand,nilotic.hand.0170
SouthCentralDinka_sout2833,hand,nilotic.hand.0170
SoutheasternDinka_sout2834,hand,nilotic.hand.0170
SouthwesternDinka_sout2832,hand,nilotic.hand.0170
Terik_teri1244,hand,nilotic.hand.0175
Teso_teso1249,hand,nilotic.hand.0172
Tugen_tuge1241,hand,nilotic.hand.0178
Turkana_turk1308,hand,nilotic.hand.0171
Acoli_acol1236,hear,nilotic.hear.0181
Adhola_adho1243,hear,nilotic.hear.0181
Akie_mosi1247,hear,nilotic.hear.0186
Alur_alur1250,hear,nilotic.hear.0181
Anuak_anua1242,hear,nilotic.hear.0181
Barabayiiga-Gisamjanga_dato1239,hear,nilotic.hear.0181
Bari_bari1284,hear,nilotic.hear.0182
Bari_bari1284,hear,nilotic.hear.0182
Bari_bari1284,hear,nilotic.hear.0182
Bari_bari1284,hear,nilotic.hear.0182
Dongotono_dong1294,hear,nilotic.hear.0184
Jumjum_jumj1238,hear,nilotic.hear.0185
Kakwa_kakw1240,hear,nilotic.hear.0182
Karamojong_kara1483,hear,nilotic.hear.0187
Keiyo_keiy1238,hear,nilotic.hear.0186
Keiyo_keiy1238,hear,nilotic.hear.0186
Kipsigis_kips1239,hear,nilotic.hear.0186
Kumam_kuma1275,hear,nilotic.hear.0181
Kupsabiny_kups1238,hear,nilotic.hear.0188
LangoUganda_lang1324,hear,nilotic.hear.0181
Lokoya_loko1254,hear,nilotic.hear.0189
LuoKenyaandTanzania_luok1236,hear,nilotic.hear.0181
Luwo_luwo1239,hear,nilotic.hear.0185
Mabaan_maba1273,hear,nilotic.hear.0190
Mandari_mand1425,hear,nilotic.hear.0182
Masai_masa1300,hear,nilotic.hear.0184
Nandi_nand1266,hear,nilotic.hear.0186
Ngasa_ngas1238,hear,nilotic.hear.0184
NorthernBurun_buru1301,hear,nilotic.hear.0183
Nuer_nuer1246,hear,nilotic.hear.0185
Nyangatom_nyan1315,hear,?
Okiek_okie1245,hear,?
Omotik_omot1239,hear,nilotic.hear.0181
Pari_pari1256,hear,nilotic.hear.0181
Pokoot_poko1263,hear,nilotic.hear.0191
Pokoot_poko1263,hear,nilotic.hear.0195
Sabaot_saba1262,hear,nilotic.hear.0193
Samburu_samb1315,hear,nilotic.hear.0184
Samburu_samb1315,hear,nilotic.hear.0184
Shilluk_shil1265,hear,nilotic.hear.0185
SouthCentralDinka_sout2833,hear,?
SoutheasternDinka_sout2834,hear,?
SouthwesternDinka_sout2832,hear,nilotic.hear.0192
Terik_teri1244,hear,nilotic.hear.0186
Teso_teso1249,hear,nilotic.hear.0187
Tugen_tuge1241,hear,nilotic.hear.0186
Turkana_turk1308,hear,nilotic.hear.0194
Acoli_acol1236,horn,nilotic.horn.0196
Acoli_acol1236,horn,nilotic.horn.0206
Adhola_adho1243,horn,nilotic.horn.0196
Akie_mosi1247,horn,nilotic.horn.0204
Alur_alur1250,horn,nilotic.horn.0196
Anuak_anua1242,horn,nilotic.horn.0196
Barabayiiga-Gisamjanga_dato1239,horn,nilotic.horn.0199
Barabayiiga-Gisamjanga_dato1239,horn,nilotic.horn.0201
Barabayiiga-Gisamjanga_dato1239,horn,nilotic.horn.0209
Bari_bari1284,horn,nilotic.horn.0197
Bari_bari1284,horn,nilotic.horn.0197
Bari_bari1284,horn,nilotic.horn.0197
Bari_bari1284,horn,nilotic.horn.0202
Dongotono_dong1294,horn,nilotic.horn.0200
Jumjum_jumj1238,horn,nilotic.horn.0196
Kakwa_kakw1240,horn,?
Karamojong_kara1483,horn,?
Keiyo_keiy1238,horn,nilotic.horn.0201
Kipsigis_kips1239,horn,?
Kumam_kuma1275,horn,nilotic.horn.0196
Kupsabiny_kups1238,horn,nilotic.horn.0201
LangoUganda_lang1324,horn,nilotic.horn.0196
Lokoya_loko1254,horn,nilotic.horn.0200
LuoKenyaandTanzania_luok1236,horn,nilotic.horn.0196
Luwo_luwo1239,horn,nilotic.horn.0196
Mabaan_maba1273,horn,nilotic.horn.0196
Mandari_mand1425,horn,nilotic.horn.0197
Masai_masa1300,horn,nilotic.horn.0203
Nandi_nand1266,horn,nilotic.horn.0201
Nandi_nand1266,horn,nilotic.horn.0207
Ngasa_ngas1238,horn,nilotic.horn.0205
NorthernBurun_buru1301,horn,nilotic.horn.0196
Nuer_nuer1246,horn,nilotic.horn.0196
Nyangatom_nyan1315,horn,nilotic.horn.0200
Okiek_okie1245,horn,nilotic.horn.0204
Omotik_omot1239,horn,nilotic.horn.0199
Pari_pari1256,horn,nilotic.horn.0196
Pokoot_poko1263,horn,nilotic.horn.0201
Pokoot_poko1263,horn,nilotic.horn.0208
Pokoot_poko1263,horn,nilotic.horn.0210
Sabaot_saba1262,horn,nilotic.horn.0201
Samburu_samb1315,horn,nilotic.horn.0198
Samburu_samb1315,horn,nilotic.horn.0198
Shilluk_shil1265,horn,nilotic.horn.0196
SouthCentralDinka_sout2833,horn,nilotic.horn.0196
SoutheasternDinka_sout2834,horn,nilotic.horn.0196
SouthwesternDinka_sout2832,horn,nilotic.horn.0196
Terik_teri1244,horn,nilotic.horn.0201
Teso_teso1249,horn,nilotic.horn.0200
Tugen_tuge1241,horn,nilotic.horn.0201
Turkana_turk1308,horn,nilotic.horn.0200
Acoli_acol1236,knee,nilotic.knee.0211
Adhola_adho1243,knee,nilotic.knee.0211
Akie_mosi1247,knee,nilotic.knee.0212
Alur_alur1250,knee,nilotic.knee.0211
Anuak_anua1242,knee,nilotic.knee.0211
Barabayiiga-Gisamjanga_dato1239,knee,nilotic.knee.0212
Bari_bari1284,knee,nilotic.knee.0212
Bari_bari1284,knee,nilotic.knee.0212
Bari_bari1284,knee,nilotic.knee.0212
Bari_bari1284,knee,nilotic.knee.0212
Dongotono_dong1294,knee,nilotic.knee.0212
Jumjum_jumj1238,knee,?
Kakwa_kakw1240,knee,nilotic.knee.0212
Karamojong_kara1483,knee,?
Keiyo_keiy1238,knee,nilotic.knee.0212
Keiyo_keiy1238,knee,nilotic.knee.0212
Keiyo_keiy1238,knee,nilotic.knee.0212
Kipsigis_kips1239,knee,?
Kumam_kuma1275,knee,nilotic.knee.0211
Kupsabiny_kups1238,knee,nilotic.knee.0212
LangoUganda_lang1324,knee,nilotic.knee.0211
Lokoya_loko1254,knee,nilotic.knee.0212
LuoKenyaandTanzania_luok1236,knee,nilotic.knee.0211
Luwo_luwo1239,knee,nilotic.knee.0211
Mabaan_maba1273,knee,?
Mandari_mand1425,knee,nilotic.knee.0212
Masai_masa1300,knee,nilotic.knee.0212
Nandi_nand1266,knee,nilotic.knee.0212
Ngasa_ngas1238,knee,nilotic.knee.0212
NorthernBurun_buru1301,knee,?
Nuer_nuer1246,knee,nilotic.knee.0214
Nyangatom_nyan1315,knee,nilotic.knee.0212
Okiek_okie1245,knee,nilotic.knee.0212
Omotik_omot1239,knee,nilotic.knee.0212
Pari_pari1256,knee,nilotic.knee.0211
Pokoot_poko1263,knee,nilotic.knee.0212
Sabaot_saba1262,knee,nilotic.knee.0212
Samburu_samb1315,knee,nilotic.knee.0212
Samburu_samb1315,knee,nilotic.knee.0212
Shilluk_shil1265,knee,nilotic.knee.0211
SouthCentralDinka_sout2833,knee,nilotic.knee.0213
SoutheasternDinka_sout2834,knee,?
SouthwesternDinka_sout2832,knee,nilotic.knee.0213
Terik_teri1244,knee,nilotic.knee.0212
Teso_teso1249,knee,nilotic.knee.0212
Tugen_tuge1241,knee,nilotic.knee.0212
Turkana_turk1308,knee,nilotic.knee.0212
Acoli_acol1236,leaf,nilotic.leaf.0215
Acoli_acol1236,leaf,nilotic.leaf.0216
Adhola_adho1243,leaf,nilotic.leaf.0216
Akie_mosi1247,leaf,nilotic.leaf.0220
Alur_alur1250,leaf,nilotic.leaf.0215
Anuak_anua1242,leaf,nilotic.leaf.0215
Barabayiiga-Gisamjanga_dato1239,leaf,nilotic.leaf.0220
Bari_bari1284,leaf,nilotic.leaf.0217
Bari_bari1284,leaf,nilotic.leaf.0217
Bari_bari1284,leaf,nilotic.leaf.0217
Bari_bari1284,leaf,nilotic.leaf.0225
Dongotono_dong1294,leaf,nilotic.leaf.0222
Jumjum_jumj1238,leaf,nilotic.leaf.0223
Kakwa_kakw1240,leaf,nilotic.leaf.0217
Karamojong_kara1483,leaf,nilotic.leaf.0224
Keiyo_keiy1238,leaf,nilotic.leaf.0220
Keiyo_keiy1238,leaf,nilotic.leaf.0220
Kipsigis_kips1239,leaf,nilotic.leaf.0220
Kumam_kuma1275,leaf,nilotic.leaf.0215
Kupsabiny_kups1238,leaf,nilotic.leaf.0220
LangoUganda_lang1324,leaf,nilotic.leaf.0215
Lokoya_loko1254,leaf,nilotic.leaf.0222
LuoKenyaandTanzania_luok1236,leaf,nilotic.leaf.0215
Luwo_luwo1239,leaf,?
Mabaan_maba1273,leaf,nilotic.leaf.0223
Mandari_mand1425,leaf,nilotic.leaf.0217
Masai_masa1300,leaf,nilotic.leaf.0219
Nandi_nand1266,leaf,nilotic.leaf.0220
Ngasa_ngas1238,leaf,nilotic.leaf.0229
NorthernBurun_buru1301,leaf,nilotic.leaf.0218
Nuer_nuer1246,leaf,nilotic.leaf.0226
Nyangatom_nyan1315,leaf,nilotic.leaf.0227
Okiek_okie1245,leaf,?
Omotik_omot1239,leaf,nilotic.leaf.0228
Pari_pari1256,leaf,nilotic.leaf.0215
Pokoot_poko1263,leaf,nilotic.leaf.0220
Sabaot_saba1262,leaf,nilotic.leaf.0220
Samburu_samb1315,leaf,nilotic.leaf.0219
Samburu_samb1315,leaf,nilotic.leaf.0219
Shilluk_shil1265,leaf,nilotic.leaf.0226
SouthCentralDinka_sout2833,leaf,nilotic.leaf.0221
SouthCentralDinka_sout2833,leaf,nilotic.leaf.0231
SoutheasternDinka_sout2834,leaf,nilotic.leaf.0221
SouthwesternDinka_sout2832,leaf,nilotic.leaf.0221
SouthwesternDinka_sout2832,leaf,nilotic.leaf.0231
Terik_teri1244,leaf,nilotic.leaf.0220
Teso_teso1249,leaf,nilotic.leaf.0230
Tugen_tuge1241,leaf,nilotic.leaf.0220
Turkana_turk1308,leaf,nilotic.leaf.0224
Turkana_turk1308,leaf,nilotic.leaf.0231
Acoli_acol1236,liver,nilotic.liver.0232
Adhola_adho1243,liver,nilotic.liver.0232
Akie_mosi1247,liver,nilotic.liver.0235
Alur_alur1250,liver,nilotic.liver.0232
Anuak_anua1242,liver,nilotic.liver.0232
Barabayiiga-Gisamjanga_dato1239,liver,nilotic.liver.0235
Barabayiiga-Gisamjanga_dato1239,liver,nilotic.liver.0235
Bari_bari1284,liver,nilotic.liver.0233
Bari_bari1284,liver,nilotic.liver.0233
Bari_bari1284,liver,nilotic.liver.0233
Bari_bari1284,liver,nilotic.liver.0233
Dongotono_dong1294,liver,nilotic.liver.0233
Jumjum_jumj1238,liver,nilotic.liver.0232
Kakwa_kakw1240,liver,nilotic.liver.0233
Karamojong_kara1483,liver,nilotic.liver.0234
Keiyo_keiy1238,liver,nilotic.liver.0235
Keiyo_keiy1238,liver,nilotic.liver.0235
Kipsigis_kips1239,liver,nilotic.liver.0235
Kumam_kuma1275,liver,nilotic.liver.0234
Kupsabiny_kups1238,liver,nilotic.liver.0235
LangoUganda_lang1324,liver,nilotic.liver.0232
Lokoya_loko1254,liver,nilotic.liver.0234
LuoKenyaandTanzania_luok1236,liver,nilotic.liver.0232
Luwo_luwo1239,liver,?
Mabaan_maba1273,liver,nilotic.liver.0232
Mandari_mand1425,liver,nilotic.liver.0233
Masai_masa1300,liver,nilotic.liver.0233
Nandi_nand1266,liver,nilotic.liver.0235
Ngasa_ngas1238,liver,nilotic.liver.0234
NorthernBurun_buru1301,liver,nilotic.liver.0234
Nuer_nuer1246,liver,nilotic.liver.0232
Nyangatom_nyan1315,liver,nilotic.liver.0234
Okiek_okie1245,liver,nilotic.liver.0235
Omotik_omot1239,liver,nilotic.liver.0235
Pari_pari1256,liver,?
Pokoot_poko1263,liver,nilotic.liver.0235
Sabaot_saba1262,liver,nilotic.liver.0235
Samburu_samb1315,liver,nilotic.liver.0233
Samburu_samb1315,liver,nilotic.liver.0233
Shilluk_shil1265,liver,nilotic.liver.0232
SouthCentralDinka_sout2833,liver,nilotic.liver.0232
SoutheasternDinka_sout2834,liver,nilotic.liver.0232
SouthwesternDinka_sout2832,liver,nilotic.liver.0232
Terik_teri1244,liver,nilotic.liver.0235
Teso_teso1249,liver,nilotic.liver.0234
Tugen_tuge1241,liver,nilotic.liver.0235
Turkana_turk1308,liver,nilotic.liver.0234
Acoli_acol1236,louse,nilotic.louse.0236
Adhola_adho1243,louse,nilotic.louse.0236
Akie_mosi1247,louse,nilotic.louse.0237
Alur_alur1250,louse,?
Anuak_anua1242,louse,nilotic.louse.0236
Barabayiiga-Gisamjanga_dato1239,louse,nilotic.louse.0236
Bari_bari1284,louse,nilotic.louse.0237
Bari_bari1284,louse,nilotic.louse.0237
Bari_bari1284,louse,nilotic.louse.0243
Bari_bari1284,louse,nilotic.louse.0243
Dongotono_dong1294,louse,nilotic.louse.0240
Jumjum_jumj1238,louse,nilotic.louse.0241
Kakwa_kakw1240,louse,nilotic.louse.0237
Karamojong_kara1483,louse,nilotic.louse.0242
Keiyo_keiy1238,louse,nilotic.louse.0237
Keiyo_keiy1238,louse,nilotic.louse.0237
Kipsigis_kips1239,louse,?
Kumam_kuma1275,louse,nilotic.louse.0236
Kupsabiny_kups1238,louse,nilotic.louse.0237
LangoUganda_lang1324,louse,nilotic.louse.0236
Lokoya_loko1254,louse,nilotic.louse.0240
LuoKenyaandTanzania_luok1236,louse,nilotic.louse.0236
Luwo_luwo1239,louse,?
Mabaan_maba1273,louse,nilotic.louse.0241
Mandari_mand1425,louse,nilotic.louse.0236
Masai_masa1300,louse,nilotic.louse.0238
Nandi_nand1266,louse,nilotic.louse.0237
Ngasa_ngas1238,louse,nilotic.louse.0238
NorthernBurun_buru1301,louse,nilotic.louse.0236
Nuer_nuer1246,louse,nilotic.louse.0239
Nyangatom_nyan1315,louse,nilotic.louse.0237
Okiek_okie1245,louse,nilotic.louse.0237
Omotik_omot1239,louse,nilotic.louse.0236
Pari_pari1256,louse,?
Pokoot_poko1263,louse,nilotic.louse.0237
Pokoot_poko1263,louse,nilotic.louse.0237
Pokoot_poko1263,louse,nilotic.louse.0237
Sabaot_saba1262,louse,nilotic.louse.0237
Samburu_samb1315,louse,nilotic.louse.0238
Samburu_samb1315,louse,nilotic.louse.0238
Shilluk_shil1265,louse,nilotic.louse.0236
SouthCentralDinka_sout2833,louse,nilotic.louse.0239
SoutheasternDinka_sout2834,louse,nilotic.louse.0239
SouthwesternDinka_sout2832,louse,nilotic.louse.0239
Terik_teri1244,louse,nilotic.louse.0237
Teso_teso1249,louse,nilotic.louse.0242
Tugen_tuge1241,louse,nilotic.louse.0237
Turkana_turk1308,louse,nilotic.louse.0242
Acoli_acol1236,mountain,nilotic.mountain.0244
Adhola_adho1243,mountain,nilotic.mountain.0244
Akie_mosi1247,mountain,nilotic.mountain.0244
Alur_alur1250,mountain,nilotic.mountain.0244
Anuak_anua1242,mountain,nilotic.mountain.0244
Barabayiiga-Gisamjanga_dato1239,mountain,nilotic.mountain.0248
Bari_bari1284,mountain,nilotic.mountain.0245
Bari_bari1284,mountain,nilotic.mountain.0245
Bari_bari1284,mountain,nilotic.mountain.0245
Bari_bari1284,mountain,nilotic.mountain.0245
Dongotono_dong1294,mountain,nilotic.mountain.0247
Jumjum_jumj1238,mountain,nilotic.mountain.0249
Kakwa_kakw1240,mountain,nilotic.mountain.0250
Karamojong_kara1483,mountain,nilotic.mountain.0245
Keiyo_keiy1238,mountain,nilotic.mountain.0251
Kipsigis_kips1239,mountain,nilotic.mountain.0251
Kumam_kuma1275,mountain,nilotic.mountain.0245
Kupsabiny_kups1238,mountain,nilotic.mountain.0252
LangoUganda_lang1324,mountain,nilotic.mountain.0244
Lokoya_loko1254,mountain,nilotic.mountain.0247
LuoKenyaandTanzania_luok1236,mountain,nilotic.mountain.0244
Luwo_luwo1239,mountain,nilotic.mountain.0244
Luwo_luwo1239,mountain,nilotic.mountain.0244
Mabaan_maba1273,mountain,nilotic.mountain.0253
Mandari_mand1425,mountain,nilotic.mountain.0245
Masai_masa1300,mountain,nilotic.mountain.0247
Nandi_nand1266,mountain,nilotic.mountain.0251
Ngasa_ngas1238,mountain,nilotic.mountain.0247
NorthernBurun_buru1301,mountain,nilotic.mountain.0246
Nuer_nuer1246,mountain,nilotic.mountain.0249
Nyangatom_nyan1315,mountain,nilotic.mountain.0245
Okiek_okie1245,mountain,nilotic.mountain.0254
Okiek_okie1245,mountain,nilotic.mountain.0256
Omotik_omot1239,mountain,nilotic.mountain.0248
Pari_pari1256,mountain,nilotic.mountain.0244
Pokoot_poko1263,mountain,nilotic.mountain.0244
Pokoot_poko1263,mountain,nilotic.mountain.0244
Sabaot_saba1262,mountain,nilotic.mountain.0252
Samburu_samb1315,mountain,nilotic.mountain.0247
Samburu_samb1315,mountain,nilotic.mountain.0247
Shilluk_shil1265,mountain,nilotic.mountain.0244
SouthCentralDinka_sout2833,mountain,nilotic.mountain.0244
SoutheasternDinka_sout2834,mountain,nilotic.mountain.0244
SouthwesternDinka_sout2832,mountain,nilotic.mountain.0244
SouthwesternDinka_sout2832,mountain,nilotic.mountain.0244
Terik_teri1244,mountain,nilotic.mountain.0255
Teso_teso1249,mountain,nilotic.mountain.0245
Tugen_tuge1241,mountain,nilotic.mountain.0251
Turkana_turk1308,mountain,nilotic.mountain.0245
Acoli_acol1236,name,nilotic.name.0257
Adhola_adho1243,name,nilotic.name.0257
Akie_mosi1247,name,nilotic.name.0258
Alur_alur1250,name,nilotic.name.0257
Anuak_anua1242,name,nilotic.name.0257
Barabayiiga-Gisamjanga_dato1239,name,nilotic.name.0258
Barabayiiga-Gisamjanga_dato1239,name,nilotic.name.0258
Bari_bari1284,name,nilotic.name.0258
Bari_bari1284,name,nilotic.name.0258
Bari_bari1284,name,nilotic.name.0258
Bari_bari1284,name,nilotic.name.0258
Dongotono_dong1294,name,nilotic.name.0262
Jumjum_jumj1238,name,nilotic.name.0263
Kakwa_kakw1240,name,nilotic.name.0258
Karamojong_kara1483,name,nilotic.name.0262
Keiyo_keiy1238,name,nilotic.name.0258
Keiyo_keiy1238,name,nilotic.name.0258
Kipsigis_kips1239,name,?
Kumam_kuma1275,name,nilotic.name.0257
Kupsabiny_kups1238,name,nilotic.name.0258
LangoUganda_lang1324,name,nilotic.name.0257
Lokoya_loko1254,name,nilotic.name.0262
LuoKenyaandTanzania_luok1236,name,nilotic.name.0257
Luwo_luwo1239,name,nilotic.name.0257
Mabaan_maba1273,name,nilotic.name.0263
Mandari_mand1425,name,nilotic.name.0258
Masai_masa1300,name,nilotic.name.0260
Nandi_nand1266,name,nilotic.name.0262
Ngasa_ngas1238,name,nilotic.name.0260
NorthernBurun_buru1301,name,nilotic.name.0259
Nuer_nuer1246,name,nilotic.name.0264
Nuer_nuer1246,name,nilotic.name.0264
Nyangatom_nyan1315,name,nilotic.name.0262
Okiek_okie1245,name,nilotic.name.0266
Omotik_omot1239,name,?
Pari_pari1256,name,nilotic.name.0257
Pokoot_poko1263,name,nilotic.name.0258
Sabaot_saba1262,name,nilotic.name.0258
Samburu_samb1315,name,nilotic.name.0260
Samburu_samb1315,name,nilotic.name.0260
Shilluk_shil1265,name,nilotic.name.0257
SouthCentralDinka_sout2833,name,nilotic.name.0261
SoutheasternDinka_sout2834,name,nilotic.name.0261
SouthwesternDinka_sout2832,name,nilotic.name.0265
Terik_teri1244,name,nilotic.name.0258
Teso_teso1249,name,nilotic.name.0262
Tugen_tuge1241,name,nilotic.name.0258
Turkana_turk1308,name,nilotic.name.0262
Acoli_acol1236,new,nilotic.new.0267
Adhola_adho1243,new,nilotic.new.0267
Akie_mosi1247,new,?
Alur_alur1250,new,nilotic.new.0267
Anuak_anua1242,new,nilotic.new.0267
Barabayiiga-Gisamjanga_dato1239,new,nilotic.new.0271
Bari_bari1284,new,nilotic.new.0268
Bari_bari1284,new,nilotic.new.0274
Bari_bari1284,new,nilotic.new.0274
Bari_bari1284,new,nilotic.new.0274
Dongotono_dong1294,new,nilotic.new.0270
Jumjum_jumj1238,new,nilotic.new.0273
Kakwa_kakw1240,new,nilotic.new.0274
Karamojong_kara1483,new,nilotic.new.0273
Keiyo_keiy1238,new,nilotic.new.0275
Keiyo_keiy1238,new,nilotic.new.0275
Kipsigis_kips1239,new,?
Kumam_kuma1275,new,?
Kupsabiny_kups1238,new,nilotic.new.0275
LangoUganda_lang1324,new,nilotic.new.0267
Lokoya_loko1254,new,nilotic.new.0270
LuoKenyaandTanzania_luok1236,new,nilotic.new.0267
Luwo_luwo1239,new,nilotic.new.0267
Mabaan_maba1273,new,nilotic.new.0276
Mandari_mand1425,new,nilotic.new.0274
Masai_masa1300,new,nilotic.new.0270
Nandi_nand1266,new,?
Ngasa_ngas1238,new,?
NorthernBurun_buru1301,new,nilotic.new.0269
Nuer_nuer1246,new,nilotic.new.0277
Nyangatom_nyan1315,new,nilotic.new.0273
Okiek_okie1245,new,nilotic.new.0275
Omotik_omot1239,new,nilotic.new.0267
Pari_pari1256,new,nilotic.new.0267
Pari_pari1256,new,nilotic.new.0278
Pokoot_poko1263,new,nilotic.new.0275
Pokoot_poko1263,new,nilotic.new.0275
Sabaot_saba1262,new,nilotic.new.0275
Samburu_samb1315,new,nilotic.new.0270
Samburu_samb1315,new,nilotic.new.0270
Shilluk_shil1265,new,nilotic.new.0267
SouthCentralDinka_sout2833,new,nilotic.new.0272
SoutheasternDinka_sout2834,new,nilotic.new.0272
SouthwesternDinka_sout2832,new,nilotic.new.0267
Terik_teri1244,new,nilotic.new.0275
Teso_teso1249,new,nilotic.new.0273
Tugen_tuge1241,new,nilotic.new.0275
Turkana_turk1308,new,?
Acoli_acol1236,night,nilotic.night.0279
Adhola_adho1243,night,nilotic.night.0279
Akie_mosi1247,night,nilotic.night.0288
Alur_alur1250,night,nilotic.night.0279
Anuak_anua1242,night,nilotic.night.0279
Barabayiiga-Gisamjanga_dato1239,night,nilotic.night.0283
Bari_bari1284,night,nilotic.night.0280
Bari_bari1284,night,nilotic.night.0280
Bari_bari1284,night,nilotic.night.0280
Bari_bari1284,night,nilotic.night.0280
Dongotono_dong1294,night,nilotic.night.0282
Jumjum_jumj1238,night,nilotic.night.0279
Kakwa_kakw1240,night,nilotic.night.0284
Karamojong_kara1483,night,nilotic.night.0279
Keiyo_keiy1238,night,nilotic.night.0285
Keiyo_keiy1238,night,nilotic.night.0286
Kipsigis_kips1239,night,nilotic.night.0285
Kumam_kuma1275,night,nilotic.night.0279
Kupsabiny_kups1238,night,nilotic.night.0285
LangoUganda_lang1324,night,nilotic.night.0279
Lokoya_loko1254,night,nilotic.night.0282
LuoKenyaandTanzania_luok1236,night,nilotic.night.0287
Luwo_luwo1239,night,nilotic.night.0279
Luwo_luwo1239,night,nilotic.night.0279
Mabaan_maba1273,night,nilotic.night.0280
Mandari_mand1425,night,nilotic.night.0285
Masai_masa1300,night,nilotic.night.0282
Nandi_nand1266,night,nilotic.night.0289
Ngasa_ngas1238,night,nilotic.night.0282
NorthernBurun_buru1301,night,nilotic.night.0281
Nuer_nuer1246,night,nilotic.night.0279
Nyangatom_nyan1315,night,nilotic.night.0279
Okiek_okie1245,night,?
Omotik_omot1239,night,nilotic.night.0285
Pari_pari1256,night,?
Pokoot_poko1263,night,nilotic.night.0288
Pokoot_poko1263,night,nilotic.night.0290
Sabaot_saba1262,night,nilotic.night.0285
Samburu_samb1315,night,nilotic.night.0282
Samburu_samb1315,night,nilotic.night.0282
Shilluk_shil1265,night,nilotic.night.0279
SouthCentralDinka_sout2833,night,?
SoutheasternDinka_sout2834,night,nilotic.night.0279
SouthwesternDinka_sout2832,night,nilotic.night.0279
Terik_teri1244,night,nilotic.night.0286
Teso_teso1249,night,nilotic.night.0279
Tugen_tuge1241,night,nilotic.night.0285
Turkana_turk1308,night,nilotic.night.0279
Acoli_acol1236,nose,nilotic.nose.0291
Adhola_adho1243,nose,nilotic.nose.0292
Akie_mosi1247,nose,nilotic.nose.0299
Alur_alur1250,nose,nilotic.nose.0293
Anuak_anua1242,nose,nilotic.nose.0292
Barabayiiga-Gisamjanga_dato1239,nose,nilotic.nose.0296
Bari_bari1284,nose,nilotic.nose.0294
Bari_bari1284,nose,nilotic.nose.0294
Bari_bari1284,nose,nilotic.nose.0294
Bari_bari1284,nose,nilotic.nose.0294
Dongotono_dong1294,nose,nilotic.nose.0297
Jumjum_jumj1238,nose,nilotic.nose.0298
Kakwa_kakw1240,nose,nilotic.nose.0294
Karamojong_kara1483,nose,nilotic.nose.0294
Keiyo_keiy1238,nose,nilotic.nose.0299
Kipsigis_kips1239,nose,nilotic.nose.0299
Kumam_kuma1275,nose,nilotic.nose.0300
Kupsabiny_kups1238,nose,nilotic.nose.0299
LangoUganda_lang1324,nose,nilotic.nose.0292
Lokoya_loko1254,nose,nilotic.nose.0295
LuoKenyaandTanzania_luok1236,nose,nilotic.nose.0301
Luwo_luwo1239,nose,nilotic.nose.0292
Mabaan_maba1273,nose,nilotic.nose.0294
Mandari_mand1425,nose,nilotic.nose.0294
Masai_masa1300,nose,nilotic.nose.0294
Nandi_nand1266,nose,nilotic.nose.0299
Ngasa_ngas1238,nose,nilotic.nose.0294
NorthernBurun_buru1301,nose,nilotic.nose.0295
Nuer_nuer1246,nose,nilotic.nose.0292
Nyangatom_nyan1315,nose,nilotic.nose.0294
Okiek_okie1245,nose,nilotic.nose.0299
Omotik_omot1239,nose,nilotic.nose.0302
Pari_pari1256,nose,nilotic.nose.0303
Pokoot_poko1263,nose,nilotic.nose.0299
Pokoot_poko1263,nose,nilotic.nose.0299
Sabaot_saba1262,nose,nilotic.nose.0299
Samburu_samb1315,nose,nilotic.nose.0294
Samburu_samb1315,nose,nilotic.nose.0294
Shilluk_shil1265,nose,nilotic.nose.0304
SouthCentralDinka_sout2833,nose,nilotic.nose.0292
SoutheasternDinka_sout2834,nose,nilotic.nose.0292
SouthwesternDinka_sout2832,nose,nilotic.nose.0292
Terik_teri1244,nose,nilotic.nose.0299
Teso_teso1249,nose,nilotic.nose.0294
Tugen_tuge1241,nose,nilotic.nose.0299
Turkana_turk1308,nose,nilotic.nose.0294
Acoli_acol1236,one,nilotic.one.0305
Adhola_adho1243,one,nilotic.one.0305
Akie_mosi1247,one,nilotic.one.0312
Alur_alur1250,one,nilotic.one.0305
Anuak_anua1242,one,nilotic.one.0305
Barabayiiga-Gisamjanga_dato1239,one,nilotic.one.0308
Bari_bari1284,one,nilotic.one.0306
Bari_bari1284,one,nilotic.one.0306
Bari_bari1284,one,nilotic.one.0306
Bari_bari1284,one,nilotic.one.0306
Dongotono_dong1294,one,nilotic.one.0307
Jumjum_jumj1238,one,nilotic.one.0311
Kakwa_kakw1240,one,nilotic.one.0306
Karamojong_kara1483,one,nilotic.one.0313
Keiyo_keiy1238,one,nilotic.one.0312
Kipsigis_kips1239,one,nilotic.one.0312
Kumam_kuma1275,one,nilotic.one.0305
Kupsabiny_kups1238,one,nilotic.one.0312
LangoUganda_lang1324,one,nilotic.one.0305
Lokoya_loko1254,one,nilotic.one.0307
LuoKenyaandTanzania_luok1236,one,nilotic.one.0305
Luwo_luwo1239,one,nilotic.one.0310
Mabaan_maba1273,one,nilotic.one.0314
Mandari_mand1425,one,nilotic.one.0306
Masai_masa1300,one,nilotic.one.0307
Nandi_nand1266,one,nilotic.one.0309
Ngasa_ngas1238,one,nilotic.one.0307
NorthernBurun_buru1301,one,nilotic.one.0305
Nuer_nuer1246,one,nilotic.one.0305
Nyangatom_nyan1315,one,nilotic.one.0313
Okiek_okie1245,one,nilotic.one.0312
Omotik_omot1239,one,nilotic.one.0315
Pari_pari1256,one,nilotic.one.0310
Pari_pari1256,one,nilotic.one.0316
Pokoot_poko1263,one,nilotic.one.0312
Sabaot_saba1262,one,nilotic.one.0312
Samburu_samb1315,one,nilotic.one.0307
Samburu_samb1315,one,nilotic.one.0307
Shilluk_shil1265,one,nilotic.one.0305
SouthCentralDinka_sout2833,one,nilotic.one.0309
SoutheasternDinka_sout2834,one,?
SouthwesternDinka_sout2832,one,nilotic.one.0309
Terik_teri1244,one,nilotic.one.0312
Teso_teso1249,one,nilotic.one.0313
Tugen_tuge1241,one,nilotic.one.0312
Turkana_turk1308,one,nilotic.one.0313
Acoli_acol1236,path,nilotic.path.0317
Adhola_adho1243,path,nilotic.path.0317
Akie_mosi1247,path,nilotic.path.0320
Alur_alur1250,path,nilotic.path.0318
Anuak_anua1242,path,nilotic.path.0317
Barabayiiga-Gisamjanga_dato1239,path,nilotic.path.0322
Bari_bari1284,path,nilotic.path.0319
Bari_bari1284,path,nilotic.path.0319
Bari_bari1284,path,nilotic.path.0319
Bari_bari1284,path,nilotic.path.0319
Dongotono_dong1294,path,nilotic.path.0325
Jumjum_jumj1238,path,nilotic.path.0326
Kakwa_kakw1240,path,nilotic.path.0319
Karamojong_kara1483,path,nilotic.path.0327
Keiyo_keiy1238,path,nilotic.path.0320
Kipsigis_kips1239,path,nilotic.path.0320
Kumam_kuma1275,path,nilotic.path.0317
Kupsabiny_kups1238,path,nilotic.path.0320
LangoUganda_lang1324,path,nilotic.path.0317
Lokoya_loko1254,path,nilotic.path.0328
LuoKenyaandTanzania_luok1236,path,nilotic.path.0317
Luwo_luwo1239,path,nilotic.path.0317
Luwo_luwo1239,path,nilotic.path.0334
Mabaan_maba1273,path,nilotic.path.0326
Mandari_mand1425,path,nilotic.path.0319
Masai_masa1300,path,nilotic.path.0321
Nandi_nand1266,path,nilotic.path.0320
Ngasa_ngas1238,path,?
NorthernBurun_buru1301,path,nilotic.path.0320
Nuer_nuer1246,path,nilotic.path.0329
Nyangatom_nyan1315,path,nilotic.path.0330
Okiek_okie1245,path,?
Omotik_omot1239,path,nilotic.path.0331
Pari_pari1256,path,nilotic.path.0317
Pari_pari1256,path,nilotic.path.0332
Pokoot_poko1263,path,nilotic.path.0320
Sabaot_saba1262,path,nilotic.path.0320
Samburu_samb1315,path,nilotic.path.0321
Samburu_samb1315,path,nilotic.path.0321
Shilluk_shil1265,path,nilotic.path.0317
SouthCentralDinka_sout2833,path,nilotic.path.0323
SoutheasternDinka_sout2834,path,nilotic.path.0324
SouthwesternDinka_sout2832,path,nilotic.path.0333
Terik_teri1244,path,nilotic.path.0320
Teso_teso1249,path,nilotic.path.0330
Tugen_tuge1241,path,nilotic.path.0320
Turkana_turk1308,path,nilotic.path.0330
Acoli_acol1236,person,nilotic.person.0335
Adhola_adho1243,person,nilotic.person.0335
Akie_mosi1247,person,nilotic.person.0343
Alur_alur1250,person,nilotic.person.0335
Anuak_anua1242,person,nilotic.person.0335
Barabayiiga-Gisamjanga_dato1239,person,nilotic.person.0339
Bari_bari1284,person,nilotic.person.0336
Bari_bari1284,person,nilotic.person.0336
Bari_bari1284,person,nilotic.person.0336
Bari_bari1284,person,nilotic.person.0336
Dongotono_dong1294,person,nilotic.person.0338
Jumjum_jumj1238,person,nilotic.person.0342
Kakwa_kakw1240,person,nilotic.person.0336
Karamojong_kara1483,person,nilotic.person.0338
Keiyo_keiy1238,person,nilotic.person.0343
Keiyo_keiy1238,person,nilotic.person.0343
Kipsigis_kips1239,person,nilotic.person.0343
Kumam_kuma1275,person,nilotic.person.0344
Kupsabiny_kups1238,person,nilotic.person.0343
LangoUganda_lang1324,person,nilotic.person.0335
Lokoya_loko1254,person,nilotic.person.0338
LuoKenyaandTanzania_luok1236,person,nilotic.person.0335
Luwo_luwo1239,person,nilotic.person.0335
Mabaan_maba1273,person,nilotic.person.0342
Mandari_mand1425,person,nilotic.person.0336
Masai_masa1300,person,nilotic.person.0338
Nandi_nand1266,person,nilotic.person.0343
Ngasa_ngas1238,person,nilotic.person.0338
NorthernBurun_buru1301,person,nilotic.person.0337
Nuer_nuer1246,person,nilotic.person.0340
Nyangatom_nyan1315,person,nilotic.person.0345
Okiek_okie1245,person,nilotic.person.0343
Omotik_omot1239,person,nilotic.person.0343
Pari_pari1256,person,nilotic.person.0335
Pokoot_poko1263,person,nilotic.person.0343
Sabaot_saba1262,person,nilotic.person.0343
Sabaot_saba1262,person,nilotic.person.0343
Samburu_samb1315,person,nilotic.person.0338
Samburu_samb1315,person,nilotic.person.0338
Shilluk_shil1265,person,nilotic.person.0335
SouthCentralDinka_sout2833,person,nilotic.person.0339
SouthCentralDinka_sout2833,person,nilotic.person.0340
SoutheasternDinka_sout2834,person,nilotic.person.0341
SouthwesternDinka_sout2832,person,nilotic.person.0335
SouthwesternDinka_sout2832,person,nilotic.person.0335
Terik_teri1244,person,nilotic.person.0343
Teso_teso1249,person,nilotic.person.0338
Tugen_tuge1241,person,nilotic.person.0343
Tugen_tuge1241,person,nilotic.person.0343
Turkana_turk1308,person,nilotic.person.0335
Acoli_acol1236,see,nilotic.see.0346
Adhola_adho1243,see,nilotic.see.0346
Akie_mosi1247,see,nilotic.see.0361
Alur_alur1250,see,nilotic.see.0346
Anuak_anua1242,see,nilotic.see.0347
Barabayiiga-Gisamjanga_dato1239,see,?
Bari_bari1284,see,nilotic.see.0348
Bari_bari1284,see,nilotic.see.0348
Bari_bari1284,see,nilotic.see.0348
Bari_bari1284,see,nilotic.see.0348
Dongotono_dong1294,see,nilotic.see.0351
Jumjum_jumj1238,see,nilotic.see.0354
Kakwa_kakw1240,see,nilotic.see.0348
Karamojong_kara1483,see,nilotic.see.0356
Keiyo_keiy1238,see,nilotic.see.0357
Keiyo_keiy1238,see,nilotic.see.0357
Keiyo_keiy1238,see,nilotic.see.0369
Kipsigis_kips1239,see,nilotic.see.0355
Kipsigis_kips1239,see,nilotic.see.0357
Kipsigis_kips1239,see,nilotic.see.0366
Kumam_kuma1275,see,nilotic.see.0346
Kupsabiny_kups1238,see,nilotic.see.0358
LangoUganda_lang1324,see,nilotic.see.0346
Lokoya_loko1254,see,nilotic.see.0359
LuoKenyaandTanzania_luok1236,see,nilotic.see.0346
Luwo_luwo1239,see,nilotic.see.0353
Mabaan_maba1273,see,nilotic.see.0360
Mandari_mand1425,see,nilotic.see.0348
Masai_masa1300,see,nilotic.see.0350
Nandi_nand1266,see,nilotic.see.0362
Ngasa_ngas1238,see,?
NorthernBurun_buru1301,see,nilotic.see.0349
Nuer_nuer1246,see,nilotic.see.0346
Nyangatom_nyan1315,see,nilotic.see.0351
Nyangatom_nyan1315,see,nilotic.see.0367
Okiek_okie1245,see,?
Omotik_omot1239,see,nilotic.see.0363
Pari_pari1256,see,nilotic.see.0346
Pokoot_poko1263,see,nilotic.see.0364
Sabaot_saba1262,see,nilotic.see.0358
Samburu_samb1315,see,nilotic.see.0350
Samburu_samb1315,see,nilotic.see.0350
Shilluk_shil1265,see,nilotic.see.0346
SouthCentralDinka_sout2833,see,nilotic.see.0351
SoutheasternDinka_sout2834,see,nilotic.see.0352
SouthwesternDinka_sout2832,see,nilotic.see.0355
Terik_teri1244,see,nilotic.see.0365
Teso_teso1249,see,nilotic.see.0359
Tugen_tuge1241,see,nilotic.see.0363
Turkana_turk1308,see,nilotic.see.0356
Turkana_turk1308,see,nilotic.see.0368
Acoli_acol1236,skin,nilotic.skin.0370
Acoli_acol1236,skin,nilotic.skin.0371
Adhola_adho1243,skin,nilotic.skin.0371
Akie_mosi1247,skin,nilotic.skin.0384
Alur_alur1250,skin,nilotic.skin.0371
Anuak_anua1242,skin,nilotic.skin.0371
Barabayiiga-Gisamjanga_dato1239,skin,nilotic.skin.0375
Bari_bari1284,skin,nilotic.skin.0372
Bari_bari1284,skin,nilotic.skin.0372
Bari_bari1284,skin,nilotic.skin.0372
Bari_bari1284,skin,nilotic.skin.0372
Dongotono_dong1294,skin,nilotic.skin.0376
Jumjum_jumj1238,skin,nilotic.skin.0378
Kakwa_kakw1240,skin,nilotic.skin.0372
Karamojong_kara1483,skin,nilotic.skin.0379
Keiyo_keiy1238,skin,nilotic.skin.0375
Keiyo_keiy1238,skin,nilotic.skin.0380
Kipsigis_kips1239,skin,?
Kumam_kuma1275,skin,nilotic.skin.0371
Kupsabiny_kups1238,skin,nilotic.skin.0381
LangoUganda_lang1324,skin,nilotic.skin.0382
Lokoya_loko1254,skin,nilotic.skin.0379
LuoKenyaandTanzania_luok1236,skin,nilotic.skin.0382
Luwo_luwo1239,skin,nilotic.skin.0377
Mabaan_maba1273,skin,nilotic.skin.0383
Mandari_mand1425,skin,nilotic.skin.0372
Masai_masa1300,skin,nilotic.skin.0374
Nandi_nand1266,skin,nilotic.skin.0385
Ngasa_ngas1238,skin,nilotic.skin.0374
NorthernBurun_buru1301,skin,nilotic.skin.0373
Nuer_nuer1246,skin,nilotic.skin.0371
Nyangatom_nyan1315,skin,nilotic.skin.0386
Okiek_okie1245,skin,nilotic.skin.0375
Omotik_omot1239,skin,nilotic.skin.0375
Pari_pari1256,skin,nilotic.skin.0382
Pari_pari1256,skin,nilotic.skin.0387
Pokoot_poko1263,skin,nilotic.skin.0379
Sabaot_saba1262,skin,nilotic.skin.0388
Samburu_samb1315,skin,nilotic.skin.0374
Samburu_samb1315,skin,nilotic.skin.0374
Shilluk_shil1265,skin,nilotic.skin.0371
SouthCentralDinka_sout2833,skin,nilotic.skin.0371
SoutheasternDinka_sout2834,skin,nilotic.skin.0371
SouthwesternDinka_sout2832,skin,nilotic.skin.0371
Terik_teri1244,skin,nilotic.skin.0375
Teso_teso1249,skin,nilotic.skin.0379
Tugen_tuge1241,skin,nilotic.skin.0380
Turkana_turk1308,skin,nilotic.skin.0389
Acoli_acol1236,star,nilotic.star.0390
Adhola_adho1243,star,?
Akie_mosi1247,star,nilotic.star.0393
Alur_alur1250,star,nilotic.star.0391
Anuak_anua1242,star,nilotic.star.0391
Barabayiiga-Gisamjanga_dato1239,star,nilotic.star.0395
Bari_bari1284,star,nilotic.star.0392
Bari_bari1284,star,nilotic.star.0392
Bari_bari1284,star,nilotic.star.0392
Bari_bari1284,star,nilotic.star.0392
Dongotono_dong1294,star,nilotic.star.0394
Jumjum_jumj1238,star,nilotic.star.0397
Kakwa_kakw1240,star,nilotic.star.0398
Karamojong_kara1483,star,nilotic.star.0399
Keiyo_keiy1238,star,nilotic.star.0393
Keiyo_keiy1238,star,nilotic.star.0393
Keiyo_keiy1238,star,nilotic.star.0393
Kipsigis_kips1239,star,?
Kumam_kuma1275,star,nilotic.star.0400
Kupsabiny_kups1238,star,nilotic.star.0393
LangoUganda_lang1324,star,nilotic.star.0400
Lokoya_loko1254,star,nilotic.star.0401
LuoKenyaandTanzania_luok1236,star,nilotic.star.0402
Luwo_luwo1239,star,nilotic.star.0391
Mabaan_maba1273,star,nilotic.star.0403
Mandari_mand1425,star,nilotic.star.0392
Masai_masa1300,star,nilotic.star.0394
Nandi_nand1266,star,nilotic.star.0404
Ngasa_ngas1238,star,nilotic.star.0394
NorthernBurun_buru1301,star,nilotic.star.0393
Nuer_nuer1246,star,nilotic.star.0396
Nyangatom_nyan1315,star,nilotic.star.0399
Okiek_okie1245,star,nilotic.star.0406
Omotik_omot1239,star,nilotic.star.0405
Pari_pari1256,star,nilotic.star.0391
Pokoot_poko1263,star,nilotic.star.0393
Sabaot_saba1262,star,nilotic.star.0393
Sabaot_saba1262,star,nilotic.star.0393
Samburu_samb1315,star,nilotic.star.0394
Samburu_samb1315,star,nilotic.star.0394
Shilluk_shil1265,star,nilotic.star.0393
SouthCentralDinka_sout2833,star,nilotic.star.0396
SoutheasternDinka_sout2834,star,?
SouthwesternDinka_sout2832,star,nilotic.star.0396
Terik_teri1244,star,nilotic.star.0393
Teso_teso1249,star,nilotic.star.0399
Tugen_tuge1241,star,nilotic.star.0393
Turkana_turk1308,star,nilotic.star.0407
Acoli_acol1236,stone,nilotic.stone.0408
Acoli_acol1236,stone,nilotic.stone.0409
Adhola_adho1243,stone,nilotic.stone.0409
Akie_mosi1247,stone,nilotic.stone.0409
Alur_alur1250,stone,nilotic.stone.0409
Anuak_anua1242,stone,nilotic.stone.0409
Barabayiiga-Gisamjanga_dato1239,stone,nilotic.stone.0413
Bari_bari1284,stone,nilotic.stone.0410
Bari_bari1284,stone,nilotic.stone.0410
Bari_bari1284,stone,nilotic.stone.0410
Bari_bari1284,stone,nilotic.stone.0410
Dongotono_dong1294,stone,nilotic.stone.0415
Jumjum_jumj1238,stone,nilotic.stone.0411
Kakwa_kakw1240,stone,nilotic.stone.0410
Karamojong_kara1483,stone,nilotic.stone.0415
Keiyo_keiy1238,stone,nilotic.stone.0409
Keiyo_keiy1238,stone,nilotic.stone.0409
Kipsigis_kips1239,stone,nilotic.stone.0409
Kumam_kuma1275,stone,nilotic.stone.0417
Kupsabiny_kups1238,stone,nilotic.stone.0418
LangoUganda_lang1324,stone,nilotic.stone.0408
Lokoya_loko1254,stone,nilotic.stone.0415
LuoKenyaandTanzania_luok1236,stone,nilotic.stone.0409
Luwo_luwo1239,stone,nilotic.stone.0416
Mabaan_maba1273,stone,nilotic.stone.0409
Mandari_mand1425,stone,nilotic.stone.0419
Masai_masa1300,stone,nilotic.stone.0412
Nandi_nand1266,stone,nilotic.stone.0411
Nandi_nand1266,stone,nilotic.stone.0422
Ngasa_ngas1238,stone,?
NorthernBurun_buru1301,stone,nilotic.stone.0411
Nuer_nuer1246,stone,nilotic.stone.0420
Nyangatom_nyan1315,stone,nilotic.stone.0415
Okiek_okie1245,stone,nilotic.stone.0409
Omotik_omot1239,stone,nilotic.stone.0421
Pari_pari1256,stone,nilotic.stone.0409
Pokoot_poko1263,stone,nilotic.stone.0409
Pokoot_poko1263,stone,nilotic.stone.0423
Sabaot_saba1262,stone,nilotic.stone.0418
Samburu_samb1315,stone,nilotic.stone.0412
Samburu_samb1315,stone,nilotic.stone.0412
Shilluk_shil1265,stone,nilotic.stone.0409
SouthCentralDinka_sout2833,stone,nilotic.stone.0414
SoutheasternDinka_sout2834,stone,nilotic.stone.0414
SouthwesternDinka_sout2832,stone,nilotic.stone.0414
SouthwesternDinka_sout2832,stone,nilotic.stone.0424
Terik_teri1244,stone,nilotic.stone.0409
Teso_teso1249,stone,nilotic.stone.0415
Tugen_tuge1241,stone,nilotic.stone.0409
Turkana_turk1308,stone,nilotic.stone.0415
Acoli_acol1236,sun,nilotic.sun.0425
Adhola_adho1243,sun,nilotic.sun.0425
Akie_mosi1247,sun,nilotic.sun.0428
Alur_alur1250,sun,nilotic.sun.0425
Anuak_anua1242,sun,nilotic.sun.0425
Barabayiiga-Gisamjanga_dato1239,sun,nilotic.sun.0428
Bari_bari1284,sun,nilotic.sun.0426
Bari_bari1284,sun,nilotic.sun.0426
Bari_bari1284,sun,nilotic.sun.0426
Bari_bari1284,sun,nilotic.sun.0426
Dongotono_dong1294,sun,nilotic.sun.0426
Jumjum_jumj1238,sun,nilotic.sun.0425
Kakwa_kakw1240,sun,nilotic.sun.0426
Karamojong_kara1483,sun,nilotic.sun.0426
Keiyo_keiy1238,sun,nilotic.sun.0428
Keiyo_keiy1238,sun,nilotic.sun.0428
Kipsigis_kips1239,sun,?
Kumam_kuma1275,sun,nilotic.sun.0425
Kupsabiny_kups1238,sun,nilotic.sun.0428
LangoUganda_lang1324,sun,nilotic.sun.0425
Lokoya_loko1254,sun,nilotic.sun.0426
LuoKenyaandTanzania_luok1236,sun,nilotic.sun.0425
Luwo_luwo1239,sun,nilotic.sun.0425
Mabaan_maba1273,sun,nilotic.sun.0430
Mandari_mand1425,sun,nilotic.sun.0426
Masai_masa1300,sun,nilotic.sun.0426
Nandi_nand1266,sun,nilotic.sun.0428
Ngasa_ngas1238,sun,nilotic.sun.0426
NorthernBurun_buru1301,sun,nilotic.sun.0425
Nuer_nuer1246,sun,nilotic.sun.0425
Nyangatom_nyan1315,sun,nilotic.sun.0426
Okiek_okie1245,sun,nilotic.sun.0428
Omotik_omot1239,sun,nilotic.sun.0428
Pari_pari1256,sun,nilotic.sun.0425
Pokoot_poko1263,sun,nilotic.sun.0428
Sabaot_saba1262,sun,nilotic.sun.0428
Samburu_samb1315,sun,nilotic.sun.0427
Samburu_samb1315,sun,nilotic.sun.0427
Shilluk_shil1265,sun,nilotic.sun.0425
SouthCentralDinka_sout2833,sun,nilotic.sun.0429
SoutheasternDinka_sout2834,sun,nilotic.sun.0429
SouthwesternDinka_sout2832,sun,nilotic.sun.0429
Terik_teri1244,sun,nilotic.sun.0428
Teso_teso1249,sun,nilotic.sun.0426
Tugen_tuge1241,sun,nilotic.sun.0428
Turkana_turk1308,sun,nilotic.sun.0426
Acoli_acol1236,tongue,nilotic.tongue.0431
Adhola_adho1243,tongue,nilotic.tongue.0431
Akie_mosi1247,tongue,nilotic.tongue.0431
Alur_alur1250,tongue,nilotic.tongue.0431
Anuak_anua1242,tongue,nilotic.tongue.0431
Barabayiiga-Gisamjanga_dato1239,tongue,?
Bari_bari1284,tongue,nilotic.tongue.0431
Bari_bari1284,tongue,nilotic.tongue.0431
Bari_bari1284,tongue,nilotic.tongue.0431
Bari_bari1284,tongue,nilotic.tongue.0431
Dongotono_dong1294,tongue,nilotic.tongue.0431
Jumjum_jumj1238,tongue,nilotic.tongue.0432
Kakwa_kakw1240,tongue,nilotic.tongue.0431
Karamojong_kara1483,tongue,nilotic.tongue.0431
Keiyo_keiy1238,tongue,nilotic.tongue.0431
Keiyo_keiy1238,tongue,nilotic.tongue.0431
Keiyo_keiy1238,tongue,nilotic.tongue.0431
Kipsigis_kips1239,tongue,nilotic.tongue.0431
Kumam_kuma1275,tongue,nilotic.tongue.0431
Kupsabiny_kups1238,tongue,nilotic.tongue.0431
LangoUganda_lang1324,tongue,nilotic.tongue.0431
Lokoya_loko1254,tongue,nilotic.tongue.0431
LuoKenyaandTanzania_luok1236,tongue,nilotic.tongue.0431
Luwo_luwo1239,tongue,nilotic.tongue.0431
Mabaan_maba1273,tongue,nilotic.tongue.0432
Mandari_mand1425,tongue,nilotic.tongue.0431
Masai_masa1300,tongue,nilotic.tongue.0431
Nandi_nand1266,tongue,nilotic.tongue.0433
Ngasa_ngas1238,tongue,nilotic.tongue.0431
NorthernBurun_buru1301,tongue,nilotic.tongue.0431
Nuer_nuer1246,tongue,nilotic.tongue.0431
Nyangatom_nyan1315,tongue,nilotic.tongue.0431
Okiek_okie1245,tongue,nilotic.tongue.0431
Omotik_omot1239,tongue,nilotic.tongue.0431
Pari_pari1256,tongue,nilotic.tongue.0431
Pokoot_poko1263,tongue,nilotic.tongue.0431
Pokoot_poko1263,tongue,nilotic.tongue.0431
Pokoot_poko1263,tongue,nilotic.tongue.0431
Sabaot_saba1262,tongue,nilotic.tongue.0431
Samburu_samb1315,tongue,nilotic.tongue.0431
Samburu_samb1315,tongue,nilotic.tongue.0431
Shilluk_shil1265,tongue,nilotic.tongue.0431
SouthCentralDinka_sout2833,tongue,nilotic.tongue.0431
SoutheasternDinka_sout2834,tongue,nilotic.tongue.0431
SouthwesternDinka_sout2832,tongue,nilotic.tongue.0431
Terik_teri1244,tongue,nilotic.tongue.0431
Teso_teso1249,tongue,nilotic.tongue.0431
Tugen_tuge1241,tongue,nilotic.tongue.0431
Turkana_turk1308,tongue,nilotic.tongue.0431
Acoli_acol1236,tooth,nilotic.tooth.0434
Adhola_adho1243,tooth,nilotic.tooth.0434
Akie_mosi1247,tooth,nilotic.tooth.0436
Alur_alur1250,tooth,nilotic.tooth.0434
Anuak_anua1242,tooth,nilotic.tooth.0435
Barabayiiga-Gisamjanga_dato1239,tooth,nilotic.tooth.0436
Bari_bari1284,tooth,nilotic.tooth.0436
Bari_bari1284,tooth,nilotic.tooth.0436
Bari_bari1284,tooth,nilotic.tooth.0436
Bari_bari1284,tooth,nilotic.tooth.0436
Dongotono_dong1294,tooth,nilotic.tooth.0436
Jumjum_jumj1238,tooth,nilotic.tooth.0435
Kakwa_kakw1240,tooth,nilotic.tooth.0436
Karamojong_kara1483,tooth,nilotic.tooth.0436
Keiyo_keiy1238,tooth,nilotic.tooth.0436
Keiyo_keiy1238,tooth,nilotic.tooth.0436
Kipsigis_kips1239,tooth,?
Kumam_kuma1275,tooth,nilotic.tooth.0434
Kupsabiny_kups1238,tooth,nilotic.tooth.0436
LangoUganda_lang1324,tooth,nilotic.tooth.0434
Lokoya_loko1254,tooth,nilotic.tooth.0436
LuoKenyaandTanzania_luok1236,tooth,nilotic.tooth.0434
Luwo_luwo1239,tooth,nilotic.tooth.0435
Mabaan_maba1273,tooth,nilotic.tooth.0435
Mandari_mand1425,tooth,nilotic.tooth.0436
Masai_masa1300,tooth,nilotic.tooth.0436
Nandi_nand1266,tooth,nilotic.tooth.0436
Ngasa_ngas1238,tooth,nilotic.tooth.0436
NorthernBurun_buru1301,tooth,nilotic.tooth.0435
Nuer_nuer1246,tooth,nilotic.tooth.0435
Nuer_nuer1246,tooth,nilotic.tooth.0435
Nyangatom_nyan1315,tooth,nilotic.tooth.0436
Okiek_okie1245,tooth,nilotic.tooth.0436
Omotik_omot1239,tooth,nilotic.tooth.0437
Pari_pari1256,tooth,nilotic.tooth.0435
Pokoot_poko1263,tooth,nilotic.tooth.0436
Sabaot_saba1262,tooth,nilotic.tooth.0436
Samburu_samb1315,tooth,nilotic.tooth.0436
Samburu_samb1315,tooth,nilotic.tooth.0436
Shilluk_shil1265,tooth,nilotic.tooth.0435
SouthCentralDinka_sout2833,tooth,nilotic.tooth.0435
SoutheasternDinka_sout2834,tooth,nilotic.tooth.0435
SouthwesternDinka_sout2832,tooth,nilotic.tooth.0435
SouthwesternDinka_sout2832,tooth,nilotic.tooth.0435
Terik_teri1244,tooth,nilotic.tooth.0436
Teso_teso1249,tooth,nilotic.tooth.0436
Tugen_tuge1241,tooth,nilotic.tooth.0436
Turkana_turk1308,tooth,nilotic.tooth.0436
Acoli_acol1236,tree,nilotic.tree.0438
Adhola_adho1243,tree,nilotic.tree.0438
Akie_mosi1247,tree,nilotic.tree.0441
Alur_alur1250,tree,nilotic.tree.0438
Anuak_anua1242,tree,nilotic.tree.0438
Barabayiiga-Gisamjanga_dato1239,tree,nilotic.tree.0441
Bari_bari1284,tree,nilotic.tree.0439
Bari_bari1284,tree,nilotic.tree.0439
Bari_bari1284,tree,nilotic.tree.0439
Bari_bari1284,tree,nilotic.tree.0439
Dongotono_dong1294,tree,nilotic.tree.0443
Jumjum_jumj1238,tree,nilotic.tree.0442
Kakwa_kakw1240,tree,nilotic.tree.0439
Karamojong_kara1483,tree,nilotic.tree.0444
Keiyo_keiy1238,tree,nilotic.tree.0441
Keiyo_keiy1238,tree,nilotic.tree.0445
Kipsigis_kips1239,tree,nilotic.tree.0441
Kumam_kuma1275,tree,nilotic.tree.0438
Kupsabiny_kups1238,tree,nilotic.tree.0441
LangoUganda_lang1324,tree,nilotic.tree.0438
Lokoya_loko1254,tree,nilotic.tree.0446
LuoKenyaandTanzania_luok1236,tree,nilotic.tree.0438
Luwo_luwo1239,tree,?
Mabaan_maba1273,tree,nilotic.tree.0442
Mandari_mand1425,tree,nilotic.tree.0439
Masai_masa1300,tree,nilotic.tree.0439
Nandi_nand1266,tree,nilotic.tree.0441
Ngasa_ngas1238,tree,?
NorthernBurun_buru1301,tree,nilotic.tree.0438
Nuer_nuer1246,tree,nilotic.tree.0438
Nyangatom_nyan1315,tree,nilotic.tree.0444
Okiek_okie1245,tree,nilotic.tree.0441
Omotik_omot1239,tree,nilotic.tree.0441
Pari_pari1256,tree,nilotic.tree.0438
Pokoot_poko1263,tree,nilotic.tree.0441
Sabaot_saba1262,tree,nilotic.tree.0441
Samburu_samb1315,tree,nilotic.tree.0440
Samburu_samb1315,tree,nilotic.tree.0440
Shilluk_shil1265,tree,nilotic.tree.0438
SouthCentralDinka_sout2833,tree,nilotic.tree.0442
SoutheasternDinka_sout2834,tree,nilotic.tree.0442
SouthwesternDinka_sout2832,tree,nilotic.tree.0442
SouthwesternDinka_sout2832,tree,nilotic.tree.0442
Terik_teri1244,tree,nilotic.tree.0441
Teso_teso1249,tree,nilotic.tree.0444
Tugen_tuge1241,tree,nilotic.tree.0441
Turkana_turk1308,tree,nilotic.tree.0444
Acoli_acol1236,two,nilotic.two.0447
Adhola_adho1243,two,nilotic.two.0447
Akie_mosi1247,two,nilotic.two.0455
Alur_alur1250,two,nilotic.two.0447
Anuak_anua1242,two,nilotic.two.0447
Barabayiiga-Gisamjanga_dato1239,two,nilotic.two.0450
Bari_bari1284,two,nilotic.two.0448
Bari_bari1284,two,nilotic.two.0448
Bari_bari1284,two,nilotic.two.0448
Bari_bari1284,two,nilotic.two.0448
Dongotono_dong1294,two,nilotic.two.0452
Jumjum_jumj1238,two,nilotic.two.0453
Kakwa_kakw1240,two,nilotic.two.0448
Karamojong_kara1483,two,nilotic.two.0449
Keiyo_keiy1238,two,nilotic.two.0450
Kipsigis_kips1239,two,nilotic.two.0454
Kumam_kuma1275,two,nilotic.two.0447
Kupsabiny_kups1238,two,nilotic.two.0450
LangoUganda_lang1324,two,nilotic.two.0447
Lokoya_loko1254,two,nilotic.two.0449
LuoKenyaandTanzania_luok1236,two,nilotic.two.0447
Luwo_luwo1239,two,nilotic.two.0451
Mabaan_maba1273,two,nilotic.two.0453
Mandari_mand1425,two,nilotic.two.0448
Masai_masa1300,two,nilotic.two.0449
Nandi_nand1266,two,nilotic.two.0450
Ngasa_ngas1238,two,nilotic.two.0449
NorthernBurun_buru1301,two,nilotic.two.0447
Nuer_nuer1246,two,nilotic.two.0451
Nyangatom_nyan1315,two,nilotic.two.0456
Okiek_okie1245,two,nilotic.two.0450
Omotik_omot1239,two,nilotic.two.0455
Pari_pari1256,two,nilotic.two.0447
Pari_pari1256,two,nilotic.two.0457
Pokoot_poko1263,two,nilotic.two.0450
Sabaot_saba1262,two,nilotic.two.0450
Samburu_samb1315,two,nilotic.two.0449
Samburu_samb1315,two,nilotic.two.0449
Shilluk_shil1265,two,nilotic.two.0447
SouthCentralDinka_sout2833,two,nilotic.two.0451
SoutheasternDinka_sout2834,two,nilotic.two.0451
SouthwesternDinka_sout2832,two,nilotic.two.0451
Terik_teri1244,two,nilotic.two.0450
Teso_teso1249,two,nilotic.two.0449
Tugen_tuge1241,two,nilotic.two.0450
Turkana_turk1308,two,nilotic.two.0449
Acoli_acol1236,water,nilotic.water.0458
Adhola_adho1243,water,nilotic.water.0458
Akie_mosi1247,water,nilotic.water.0458
Alur_alur1250,water,nilotic.water.0458
Anuak_anua1242,water,nilotic.water.0458
Barabayiiga-Gisamjanga_dato1239,water,nilotic.water.0458
Bari_bari1284,water,nilotic.water.0458
Bari_bari1284,water,nilotic.water.0458
Bari_bari1284,water,nilotic.water.0458
Bari_bari1284,water,nilotic.water.0458
Dongotono_dong1294,water,nilotic.water.0459
Jumjum_jumj1238,water,nilotic.water.0458
Kakwa_kakw1240,water,nilotic.water.0458
Karamojong_kara1483,water,nilotic.water.0461
Keiyo_keiy1238,water,nilotic.water.0460
Kipsigis_kips1239,water,nilotic.water.0460
Kumam_kuma1275,water,nilotic.water.0458
Kupsabiny_kups1238,water,nilotic.water.0458
LangoUganda_lang1324,water,nilotic.water.0458
Lokoya_loko1254,water,nilotic.water.0459
LuoKenyaandTanzania_luok1236,water,nilotic.water.0458
Luwo_luwo1239,water,nilotic.water.0458
Luwo_luwo1239,water,nilotic.water.0458
Mabaan_maba1273,water,nilotic.water.0458
Mandari_mand1425,water,nilotic.water.0461
Masai_masa1300,water,nilotic.water.0459
Nandi_nand1266,water,nilotic.water.0462
Ngasa_ngas1238,water,nilotic.water.0459
NorthernBurun_buru1301,water,nilotic.water.0458
Nuer_nuer1246,water,nilotic.water.0458
Nyangatom_nyan1315,water,nilotic.water.0458
Okiek_okie1245,water,nilotic.water.0460
Omotik_omot1239,water,nilotic.water.0458
Pari_pari1256,water,nilotic.water.0458
Pokoot_poko1263,water,nilotic.water.0458
Sabaot_saba1262,water,nilotic.water.0458
Samburu_samb1315,water,nilotic.water.0459
Samburu_samb1315,water,nilotic.water.0459
Shilluk_shil1265,water,nilotic.water.0458
SouthCentralDinka_sout2833,water,?
SoutheasternDinka_sout2834,water,nilotic.water.0458
SoutheasternDinka_sout2834,water,nilotic.water.0458
SouthwesternDinka_sout2832,water,nilotic.water.0458
SouthwesternDinka_sout2832,water,nilotic.water.0458
Terik_teri1244,water,nilotic.water.0463
Teso_teso1249,water,nilotic.water.0461
Tugen_tuge1241,water,nilotic.water.0458
Turkana_turk1308,water,nilotic.water.0461
