Language_ID,Feature_ID,Value
BellaCoola_bell1243,1pl,salishan.1pl.0001
BellaCoola_bell1243,1pl,salishan.1pl.0005
Clallam_clal1241,1pl,salishan.1pl.0001
CoeurdAlene_coeu1236,1pl,salishan.1pl.0003
Columbia-Wenatchi_colu1241,1pl,salishan.1pl.0001
Comox_como1259,1pl,salishan.1pl.0001
Cowlitz_cowl1242,1pl,salishan.1pl.0002
Halkomelem_halk1245,1pl,salishan.1pl.0001
Halkomelem_halk1245,1pl,salishan.1pl.0001
Halkomelem_halk1245,1pl,salishan.1pl.0001
Kalispel-PenddOreille_kali1308,1pl,salishan.1pl.0004
Kalispel-PenddOreille_kali1308,1pl,salishan.1pl.0004
Lillooet_lill1248,1pl,salishan.1pl.0001
Nooksack_nook1247,1pl,salishan.1pl.0001
NorthernLushootseed_lush1252,1pl,salishan.1pl.0005
NorthernStraitsSalish_stra1244,1pl,salishan.1pl.0001
NorthernStraitsSalish_stra1244,1pl,salishan.1pl.0001
NorthernStraitsSalish_stra1244,1pl,salishan.1pl.0001
NorthernStraitsSalish_stra1244,1pl,salishan.1pl.0001
Okanagan_okan1243,1pl,salishan.1pl.0006
Quinault_quin1251,1pl,salishan.1pl.0002
Sechelt_sech1246,1pl,salishan.1pl.0001
Shuswap_shus1248,1pl,salishan.1pl.0007
SouthernPugetSoundSalish_sout2965,1pl,salishan.1pl.0001
SouthernPugetSoundSalish_sout2965,1pl,salishan.1pl.0005
SouthernPugetSoundSalish_sout2965,1pl,salishan.1pl.0009
Spokane_spok1245,1pl,salishan.1pl.0004
Squamish_squa1248,1pl,salishan.1pl.0001
Thompson_thom1243,1pl,salishan.1pl.0008
Tillamook_till1254,1pl,salishan.1pl.0001
Twana_twan1247,1pl,salishan.1pl.0001
UpperChehalis_uppe1439,1pl,salishan.1pl.0002
BellaCoola_bell1243,1sg,salishan.1sg.0010
Clallam_clal1241,1sg,salishan.1sg.0011
CoeurdAlene_coeu1236,1sg,salishan.1sg.0012
Columbia-Wenatchi_colu1241,1sg,salishan.1sg.0010
Comox_como1259,1sg,salishan.1sg.0018
Cowlitz_cowl1242,1sg,salishan.1sg.0010
Halkomelem_halk1245,1sg,salishan.1sg.0010
Halkomelem_halk1245,1sg,salishan.1sg.0010
Halkomelem_halk1245,1sg,salishan.1sg.0010
Kalispel-PenddOreille_kali1308,1sg,salishan.1sg.0013
Kalispel-PenddOreille_kali1308,1sg,salishan.1sg.0014
Lillooet_lill1248,1sg,salishan.1sg.0010
Lillooet_lill1248,1sg,salishan.1sg.0010
Nooksack_nook1247,1sg,salishan.1sg.0015
NorthernLushootseed_lush1252,1sg,salishan.1sg.0010
NorthernStraitsSalish_stra1244,1sg,salishan.1sg.0010
NorthernStraitsSalish_stra1244,1sg,salishan.1sg.0010
NorthernStraitsSalish_stra1244,1sg,salishan.1sg.0010
NorthernStraitsSalish_stra1244,1sg,salishan.1sg.0010
Okanagan_okan1243,1sg,salishan.1sg.0010
Quinault_quin1251,1sg,salishan.1sg.0016
Sechelt_sech1246,1sg,salishan.1sg.0017
Shuswap_shus1248,1sg,salishan.1sg.0016
SouthernPugetSoundSalish_sout2965,1sg,salishan.1sg.0010
SouthernPugetSoundSalish_sout2965,1sg,salishan.1sg.0010
SouthernPugetSoundSalish_sout2965,1sg,salishan.1sg.0011
SouthernPugetSoundSalish_sout2965,1sg,salishan.1sg.0011
Spokane_spok1245,1sg,salishan.1sg.0014
Squamish_squa1248,1sg,salishan.1sg.0010
Thompson_thom1243,1sg,salishan.1sg.0010
Thompson_thom1243,1sg,salishan.1sg.0016
Tillamook_till1254,1sg,salishan.1sg.0010
Twana_twan1247,1sg,salishan.1sg.0010
UpperChehalis_uppe1439,1sg,salishan.1sg.0010
BellaCoola_bell1243,2sg,salishan.2sg.0019
BellaCoola_bell1243,2sg,salishan.2sg.0019
Clallam_clal1241,2sg,salishan.2sg.0020
CoeurdAlene_coeu1236,2sg,salishan.2sg.0021
Columbia-Wenatchi_colu1241,2sg,salishan.2sg.0019
Comox_como1259,2sg,salishan.2sg.0020
Cowlitz_cowl1242,2sg,salishan.2sg.0020
Halkomelem_halk1245,2sg,salishan.2sg.0020
Halkomelem_halk1245,2sg,salishan.2sg.0020
Halkomelem_halk1245,2sg,salishan.2sg.0024
Kalispel-PenddOreille_kali1308,2sg,salishan.2sg.0019
Kalispel-PenddOreille_kali1308,2sg,salishan.2sg.0019
Lillooet_lill1248,2sg,salishan.2sg.0020
Nooksack_nook1247,2sg,salishan.2sg.0020
NorthernLushootseed_lush1252,2sg,salishan.2sg.0022
NorthernStraitsSalish_stra1244,2sg,salishan.2sg.0020
NorthernStraitsSalish_stra1244,2sg,salishan.2sg.0020
NorthernStraitsSalish_stra1244,2sg,salishan.2sg.0020
NorthernStraitsSalish_stra1244,2sg,salishan.2sg.0020
Okanagan_okan1243,2sg,salishan.2sg.0019
Quinault_quin1251,2sg,salishan.2sg.0020
Sechelt_sech1246,2sg,salishan.2sg.0020
Shuswap_shus1248,2sg,salishan.2sg.0023
SouthernPugetSoundSalish_sout2965,2sg,salishan.2sg.0020
SouthernPugetSoundSalish_sout2965,2sg,salishan.2sg.0020
SouthernPugetSoundSalish_sout2965,2sg,salishan.2sg.0022
Spokane_spok1245,2sg,salishan.2sg.0019
Squamish_squa1248,2sg,salishan.2sg.0020
Thompson_thom1243,2sg,salishan.2sg.0019
Tillamook_till1254,2sg,salishan.2sg.0019
Tillamook_till1254,2sg,salishan.2sg.0023
Twana_twan1247,2sg,salishan.2sg.0020
UpperChehalis_uppe1439,2sg,salishan.2sg.0020
BellaCoola_bell1243,blood,salishan.blood.0025
Clallam_clal1241,blood,salishan.blood.0027
CoeurdAlene_coeu1236,blood,salishan.blood.0028
Columbia-Wenatchi_colu1241,blood,salishan.blood.0029
Comox_como1259,blood,salishan.blood.0026
Cowlitz_cowl1242,blood,salishan.blood.0026
Halkomelem_halk1245,blood,salishan.blood.0027
Halkomelem_halk1245,blood,salishan.blood.0030
Halkomelem_halk1245,blood,salishan.blood.0030
Halkomelem_halk1245,blood,salishan.blood.0030
Kalispel-PenddOreille_kali1308,blood,salishan.blood.0031
Kalispel-PenddOreille_kali1308,blood,salishan.blood.0031
Lillooet_lill1248,blood,salishan.blood.0032
Lillooet_lill1248,blood,salishan.blood.0036
Nooksack_nook1247,blood,salishan.blood.0030
NorthernLushootseed_lush1252,blood,salishan.blood.0027
NorthernStraitsSalish_stra1244,blood,salishan.blood.0033
NorthernStraitsSalish_stra1244,blood,salishan.blood.0033
NorthernStraitsSalish_stra1244,blood,salishan.blood.0033
NorthernStraitsSalish_stra1244,blood,salishan.blood.0033
NorthernStraitsSalish_stra1244,blood,salishan.blood.0033
Okanagan_okan1243,blood,salishan.blood.0029
Quinault_quin1251,blood,salishan.blood.0026
Quinault_quin1251,blood,salishan.blood.0026
Sechelt_sech1246,blood,salishan.blood.0026
Shuswap_shus1248,blood,salishan.blood.0034
SouthernPugetSoundSalish_sout2965,blood,salishan.blood.0027
Spokane_spok1245,blood,salishan.blood.0031
Squamish_squa1248,blood,salishan.blood.0030
Thompson_thom1243,blood,salishan.blood.0032
Tillamook_till1254,blood,salishan.blood.0026
Twana_twan1247,blood,salishan.blood.0035
UpperChehalis_uppe1439,blood,salishan.blood.0026
BellaCoola_bell1243,bone,salishan.bone.0037
Clallam_clal1241,bone,salishan.bone.0039
CoeurdAlene_coeu1236,bone,salishan.bone.0039
Columbia-Wenatchi_colu1241,bone,salishan.bone.0039
Comox_como1259,bone,salishan.bone.0043
Cowlitz_cowl1242,bone,salishan.bone.0038
Halkomelem_halk1245,bone,salishan.bone.0039
Halkomelem_halk1245,bone,salishan.bone.0039
Halkomelem_halk1245,bone,salishan.bone.0039
Kalispel-PenddOreille_kali1308,bone,salishan.bone.0039
Kalispel-PenddOreille_kali1308,bone,salishan.bone.0039
Lillooet_lill1248,bone,salishan.bone.0040
Nooksack_nook1247,bone,salishan.bone.0039
NorthernLushootseed_lush1252,bone,salishan.bone.0039
NorthernStraitsSalish_stra1244,bone,salishan.bone.0039
NorthernStraitsSalish_stra1244,bone,salishan.bone.0039
NorthernStraitsSalish_stra1244,bone,salishan.bone.0039
NorthernStraitsSalish_stra1244,bone,salishan.bone.0039
NorthernStraitsSalish_stra1244,bone,salishan.bone.0042
Okanagan_okan1243,bone,salishan.bone.0039
Quinault_quin1251,bone,salishan.bone.0041
Sechelt_sech1246,bone,salishan.bone.0038
Shuswap_shus1248,bone,salishan.bone.0040
SouthernPugetSoundSalish_sout2965,bone,salishan.bone.0039
Spokane_spok1245,bone,salishan.bone.0039
Squamish_squa1248,bone,salishan.bone.0038
Thompson_thom1243,bone,salishan.bone.0040
Tillamook_till1254,bone,salishan.bone.0044
Twana_twan1247,bone,salishan.bone.0038
UpperChehalis_uppe1439,bone,salishan.bone.0038
BellaCoola_bell1243,breast,salishan.breast.0045
Clallam_clal1241,breast,salishan.breast.0047
CoeurdAlene_coeu1236,breast,salishan.breast.0048
Columbia-Wenatchi_colu1241,breast,salishan.breast.0049
Comox_como1259,breast,salishan.breast.0056
Cowlitz_cowl1242,breast,salishan.breast.0046
Halkomelem_halk1245,breast,salishan.breast.0046
Halkomelem_halk1245,breast,salishan.breast.0047
Halkomelem_halk1245,breast,salishan.breast.0053
Kalispel-PenddOreille_kali1308,breast,salishan.breast.0050
Kalispel-PenddOreille_kali1308,breast,salishan.breast.0052
Lillooet_lill1248,breast,salishan.breast.0051
Nooksack_nook1247,breast,salishan.breast.0054
NorthernLushootseed_lush1252,breast,salishan.breast.0047
NorthernStraitsSalish_stra1244,breast,salishan.breast.0047
NorthernStraitsSalish_stra1244,breast,salishan.breast.0047
NorthernStraitsSalish_stra1244,breast,salishan.breast.0047
NorthernStraitsSalish_stra1244,breast,salishan.breast.0057
NorthernStraitsSalish_stra1244,breast,salishan.breast.0057
Okanagan_okan1243,breast,salishan.breast.0052
Quinault_quin1251,breast,salishan.breast.0046
Sechelt_sech1246,breast,salishan.breast.0051
Sechelt_sech1246,breast,salishan.breast.0055
Shuswap_shus1248,breast,salishan.breast.0051
SouthernPugetSoundSalish_sout2965,breast,salishan.breast.0047
Spokane_spok1245,breast,salishan.breast.0052
Squamish_squa1248,breast,salishan.breast.0047
Thompson_thom1243,breast,salishan.breast.0051
Tillamook_till1254,breast,salishan.breast.0058
Twana_twan1247,breast,salishan.breast.0047
UpperChehalis_uppe1439,breast,salishan.breast.0046
BellaCoola_bell1243,come,salishan.come.0059
Clallam_clal1241,come,salishan.come.0061
CoeurdAlene_coeu1236,come,salishan.come.0062
Columbia-Wenatchi_colu1241,come,salishan.come.0063
Comox_como1259,come,salishan.come.0071
Cowlitz_cowl1242,come,salishan.come.0060
Halkomelem_halk1245,come,salishan.come.0064
Halkomelem_halk1245,come,salishan.come.0068
Halkomelem_halk1245,come,salishan.come.0068
Kalispel-PenddOreille_kali1308,come,salishan.come.0062
Kalispel-PenddOreille_kali1308,come,salishan.come.0065
Lillooet_lill1248,come,salishan.come.0066
Lillooet_lill1248,come,salishan.come.0074
Nooksack_nook1247,come,salishan.come.0061
Nooksack_nook1247,come,salishan.come.0068
NorthernLushootseed_lush1252,come,salishan.come.0067
NorthernStraitsSalish_stra1244,come,salishan.come.0061
NorthernStraitsSalish_stra1244,come,salishan.come.0061
NorthernStraitsSalish_stra1244,come,salishan.come.0068
NorthernStraitsSalish_stra1244,come,salishan.come.0068
Okanagan_okan1243,come,salishan.come.0060
Quinault_quin1251,come,salishan.come.0060
Sechelt_sech1246,come,salishan.come.0068
Sechelt_sech1246,come,salishan.come.0071
Shuswap_shus1248,come,salishan.come.0070
SouthernPugetSoundSalish_sout2965,come,salishan.come.0069
Spokane_spok1245,come,salishan.come.0072
Squamish_squa1248,come,salishan.come.0068
Thompson_thom1243,come,salishan.come.0066
Tillamook_till1254,come,salishan.come.0073
Tillamook_till1254,come,salishan.come.0073
Twana_twan1247,come,salishan.come.0073
UpperChehalis_uppe1439,come,salishan.come.0060
BellaCoola_bell1243,die,salishan.die.0075
Clallam_clal1241,die,salishan.die.0077
Clallam_clal1241,die,salishan.die.0077
CoeurdAlene_coeu1236,die,salishan.die.0078
Columbia-Wenatchi_colu1241,die,salishan.die.0078
Comox_como1259,die,salishan.die.0077
Cowlitz_cowl1242,die,salishan.die.0076
Halkomelem_halk1245,die,salishan.die.0077
Halkomelem_halk1245,die,salishan.die.0077
Halkomelem_halk1245,die,salishan.die.0077
Kalispel-PenddOreille_kali1308,die,salishan.die.0079
Kalispel-PenddOreille_kali1308,die,salishan.die.0081
Lillooet_lill1248,die,salishan.die.0080
Nooksack_nook1247,die,salishan.die.0077
NorthernLushootseed_lush1252,die,salishan.die.0076
NorthernStraitsSalish_stra1244,die,salishan.die.0077
NorthernStraitsSalish_stra1244,die,salishan.die.0077
NorthernStraitsSalish_stra1244,die,salishan.die.0077
NorthernStraitsSalish_stra1244,die,salishan.die.0077
NorthernStraitsSalish_stra1244,die,salishan.die.0077
NorthernStraitsSalish_stra1244,die,salishan.die.0077
Okanagan_okan1243,die,salishan.die.0081
Quinault_quin1251,die,salishan.die.0076
Sechelt_sech1246,die,salishan.die.0077
Shuswap_shus1248,die,salishan.die.0077
SouthernPugetSoundSalish_sout2965,die,salishan.die.0076
Spokane_spok1245,die,salishan.die.0079
Squamish_squa1248,die,salishan.die.0077
Squamish_squa1248,die,salishan.die.0082
Thompson_thom1243,die,salishan.die.0080
Tillamook_till1254,die,salishan.die.0083
Twana_twan1247,die,salishan.die.0076
UpperChehalis_uppe1439,die,salishan.die.0076
BellaCoola_bell1243,dog,salishan.dog.0084
Clallam_clal1241,dog,salishan.dog.0085
Clallam_clal1241,dog,salishan.dog.0088
CoeurdAlene_coeu1236,dog,salishan.dog.0086
CoeurdAlene_coeu1236,dog,salishan.dog.0086
Columbia-Wenatchi_colu1241,dog,salishan.dog.0087
Comox_como1259,dog,salishan.dog.0090
Cowlitz_cowl1242,dog,salishan.dog.0085
Halkomelem_halk1245,dog,salishan.dog.0088
Halkomelem_halk1245,dog,salishan.dog.0088
Halkomelem_halk1245,dog,salishan.dog.0088
Kalispel-PenddOreille_kali1308,dog,salishan.dog.0086
Kalispel-PenddOreille_kali1308,dog,salishan.dog.0086
Lillooet_lill1248,dog,salishan.dog.0085
Nooksack_nook1247,dog,salishan.dog.0088
NorthernLushootseed_lush1252,dog,salishan.dog.0088
NorthernStraitsSalish_stra1244,dog,salishan.dog.0085
NorthernStraitsSalish_stra1244,dog,salishan.dog.0085
NorthernStraitsSalish_stra1244,dog,salishan.dog.0085
NorthernStraitsSalish_stra1244,dog,salishan.dog.0088
Okanagan_okan1243,dog,salishan.dog.0085
Quinault_quin1251,dog,salishan.dog.0089
Sechelt_sech1246,dog,salishan.dog.0090
Shuswap_shus1248,dog,salishan.dog.0085
SouthernPugetSoundSalish_sout2965,dog,salishan.dog.0088
Spokane_spok1245,dog,salishan.dog.0085
Spokane_spok1245,dog,salishan.dog.0092
Squamish_squa1248,dog,salishan.dog.0088
Squamish_squa1248,dog,salishan.dog.0091
Thompson_thom1243,dog,salishan.dog.0085
Tillamook_till1254,dog,salishan.dog.0085
Tillamook_till1254,dog,salishan.dog.0085
Twana_twan1247,dog,salishan.dog.0088
UpperChehalis_uppe1439,dog,salishan.dog.0085
BellaCoola_bell1243,drink,salishan.drink.0093
Clallam_clal1241,drink,salishan.drink.0094
CoeurdAlene_coeu1236,drink,salishan.drink.0094
Columbia-Wenatchi_colu1241,drink,salishan.drink.0095
Comox_como1259,drink,salishan.drink.0094
Cowlitz_cowl1242,drink,salishan.drink.0094
Halkomelem_halk1245,drink,salishan.drink.0094
Halkomelem_halk1245,drink,salishan.drink.0094
Halkomelem_halk1245,drink,salishan.drink.0094
Kalispel-PenddOreille_kali1308,drink,salishan.drink.0096
Kalispel-PenddOreille_kali1308,drink,salishan.drink.0096
Lillooet_lill1248,drink,salishan.drink.0094
Nooksack_nook1247,drink,salishan.drink.0097
Nooksack_nook1247,drink,salishan.drink.0101
NorthernLushootseed_lush1252,drink,salishan.drink.0094
NorthernStraitsSalish_stra1244,drink,salishan.drink.0094
NorthernStraitsSalish_stra1244,drink,salishan.drink.0094
NorthernStraitsSalish_stra1244,drink,salishan.drink.0094
NorthernStraitsSalish_stra1244,drink,salishan.drink.0094
Okanagan_okan1243,drink,salishan.drink.0096
Quinault_quin1251,drink,salishan.drink.0094
Quinault_quin1251,drink,salishan.drink.0094
Sechelt_sech1246,drink,salishan.drink.0094
Shuswap_shus1248,drink,salishan.drink.0094
SouthernPugetSoundSalish_sout2965,drink,salishan.drink.0094
Spokane_spok1245,drink,salishan.drink.0096
Squamish_squa1248,drink,salishan.drink.0098
Thompson_thom1243,drink,salishan.drink.0094
Tillamook_till1254,drink,salishan.drink.0099
Twana_twan1247,drink,salishan.drink.0100
UpperChehalis_uppe1439,drink,salishan.drink.0094
BellaCoola_bell1243,ear,salishan.ear.0102
Clallam_clal1241,ear,salishan.ear.0103
CoeurdAlene_coeu1236,ear,salishan.ear.0104
Columbia-Wenatchi_colu1241,ear,salishan.ear.0104
Comox_como1259,ear,salishan.ear.0103
Cowlitz_cowl1242,ear,salishan.ear.0103
Halkomelem_halk1245,ear,salishan.ear.0103
Halkomelem_halk1245,ear,salishan.ear.0103
Halkomelem_halk1245,ear,salishan.ear.0103
Kalispel-PenddOreille_kali1308,ear,salishan.ear.0104
Kalispel-PenddOreille_kali1308,ear,salishan.ear.0104
Lillooet_lill1248,ear,salishan.ear.0104
Nooksack_nook1247,ear,salishan.ear.0103
NorthernLushootseed_lush1252,ear,salishan.ear.0103
NorthernStraitsSalish_stra1244,ear,salishan.ear.0103
NorthernStraitsSalish_stra1244,ear,salishan.ear.0103
NorthernStraitsSalish_stra1244,ear,salishan.ear.0103
NorthernStraitsSalish_stra1244,ear,salishan.ear.0103
Okanagan_okan1243,ear,salishan.ear.0104
Quinault_quin1251,ear,salishan.ear.0103
Sechelt_sech1246,ear,salishan.ear.0103
Shuswap_shus1248,ear,salishan.ear.0104
SouthernPugetSoundSalish_sout2965,ear,salishan.ear.0103
Spokane_spok1245,ear,salishan.ear.0104
Squamish_squa1248,ear,salishan.ear.0103
Squamish_squa1248,ear,salishan.ear.0103
Thompson_thom1243,ear,salishan.ear.0104
Tillamook_till1254,ear,salishan.ear.0104
Twana_twan1247,ear,salishan.ear.0103
UpperChehalis_uppe1439,ear,salishan.ear.0103
BellaCoola_bell1243,eye,salishan.eye.0105
Clallam_clal1241,eye,salishan.eye.0107
CoeurdAlene_coeu1236,eye,salishan.eye.0108
Columbia-Wenatchi_colu1241,eye,salishan.eye.0109
Comox_como1259,eye,salishan.eye.0107
Cowlitz_cowl1242,eye,salishan.eye.0106
Halkomelem_halk1245,eye,salishan.eye.0107
Halkomelem_halk1245,eye,salishan.eye.0107
Halkomelem_halk1245,eye,salishan.eye.0107
Kalispel-PenddOreille_kali1308,eye,salishan.eye.0110
Kalispel-PenddOreille_kali1308,eye,salishan.eye.0110
Lillooet_lill1248,eye,salishan.eye.0110
Nooksack_nook1247,eye,salishan.eye.0107
Nooksack_nook1247,eye,salishan.eye.0107
NorthernLushootseed_lush1252,eye,salishan.eye.0107
NorthernStraitsSalish_stra1244,eye,salishan.eye.0107
NorthernStraitsSalish_stra1244,eye,salishan.eye.0107
NorthernStraitsSalish_stra1244,eye,salishan.eye.0107
NorthernStraitsSalish_stra1244,eye,salishan.eye.0107
Okanagan_okan1243,eye,salishan.eye.0110
Quinault_quin1251,eye,salishan.eye.0106
Sechelt_sech1246,eye,salishan.eye.0107
Shuswap_shus1248,eye,salishan.eye.0110
SouthernPugetSoundSalish_sout2965,eye,salishan.eye.0107
Spokane_spok1245,eye,salishan.eye.0110
Squamish_squa1248,eye,salishan.eye.0107
Squamish_squa1248,eye,salishan.eye.0113
Thompson_thom1243,eye,salishan.eye.0110
Tillamook_till1254,eye,salishan.eye.0111
Twana_twan1247,eye,salishan.eye.0112
UpperChehalis_uppe1439,eye,salishan.eye.0106
BellaCoola_bell1243,fire,salishan.fire.0114
Clallam_clal1241,fire,salishan.fire.0116
Clallam_clal1241,fire,salishan.fire.0134
CoeurdAlene_coeu1236,fire,salishan.fire.0117
Columbia-Wenatchi_colu1241,fire,salishan.fire.0118
Columbia-Wenatchi_colu1241,fire,salishan.fire.0135
Comox_como1259,fire,salishan.fire.0126
Cowlitz_cowl1242,fire,salishan.fire.0120
Halkomelem_halk1245,fire,salishan.fire.0119
Halkomelem_halk1245,fire,salishan.fire.0119
Halkomelem_halk1245,fire,salishan.fire.0132
Kalispel-PenddOreille_kali1308,fire,salishan.fire.0121
Kalispel-PenddOreille_kali1308,fire,salishan.fire.0124
Lillooet_lill1248,fire,salishan.fire.0122
Nooksack_nook1247,fire,salishan.fire.0123
Nooksack_nook1247,fire,salishan.fire.0123
NorthernLushootseed_lush1252,fire,salishan.fire.0123
NorthernStraitsSalish_stra1244,fire,salishan.fire.0116
NorthernStraitsSalish_stra1244,fire,salishan.fire.0116
NorthernStraitsSalish_stra1244,fire,salishan.fire.0116
NorthernStraitsSalish_stra1244,fire,salishan.fire.0116
NorthernStraitsSalish_stra1244,fire,salishan.fire.0116
NorthernStraitsSalish_stra1244,fire,salishan.fire.0127
NorthernStraitsSalish_stra1244,fire,salishan.fire.0127
Okanagan_okan1243,fire,salishan.fire.0125
Quinault_quin1251,fire,salishan.fire.0126
Sechelt_sech1246,fire,salishan.fire.0128
Shuswap_shus1248,fire,salishan.fire.0129
SouthernPugetSoundSalish_sout2965,fire,salishan.fire.0123
SouthernPugetSoundSalish_sout2965,fire,salishan.fire.0123
Spokane_spok1245,fire,salishan.fire.0130
Squamish_squa1248,fire,salishan.fire.0131
Squamish_squa1248,fire,salishan.fire.0136
Thompson_thom1243,fire,salishan.fire.0122
Tillamook_till1254,fire,salishan.fire.0123
Twana_twan1247,fire,salishan.fire.0133
UpperChehalis_uppe1439,fire,salishan.fire.0115
BellaCoola_bell1243,fish,salishan.fish.0137
Clallam_clal1241,fish,salishan.fish.0139
CoeurdAlene_coeu1236,fish,salishan.fish.0140
Columbia-Wenatchi_colu1241,fish,?
Comox_como1259,fish,salishan.fish.0139
Cowlitz_cowl1242,fish,salishan.fish.0138
Cowlitz_cowl1242,fish,salishan.fish.0138
Halkomelem_halk1245,fish,salishan.fish.0138
Halkomelem_halk1245,fish,salishan.fish.0138
Halkomelem_halk1245,fish,salishan.fish.0141
Kalispel-PenddOreille_kali1308,fish,salishan.fish.0138
Kalispel-PenddOreille_kali1308,fish,salishan.fish.0143
Lillooet_lill1248,fish,salishan.fish.0141
Nooksack_nook1247,fish,salishan.fish.0141
NorthernLushootseed_lush1252,fish,salishan.fish.0142
NorthernStraitsSalish_stra1244,fish,salishan.fish.0139
NorthernStraitsSalish_stra1244,fish,salishan.fish.0139
NorthernStraitsSalish_stra1244,fish,salishan.fish.0139
NorthernStraitsSalish_stra1244,fish,salishan.fish.0145
NorthernStraitsSalish_stra1244,fish,salishan.fish.0145
Okanagan_okan1243,fish,salishan.fish.0144
Quinault_quin1251,fish,salishan.fish.0138
Sechelt_sech1246,fish,salishan.fish.0138
Shuswap_shus1248,fish,salishan.fish.0138
SouthernPugetSoundSalish_sout2965,fish,salishan.fish.0142
Spokane_spok1245,fish,salishan.fish.0138
Squamish_squa1248,fish,salishan.fish.0141
Thompson_thom1243,fish,salishan.fish.0138
Thompson_thom1243,fish,salishan.fish.0138
Tillamook_till1254,fish,salishan.fish.0146
Twana_twan1247,fish,salishan.fish.0142
UpperChehalis_uppe1439,fish,salishan.fish.0138
BellaCoola_bell1243,full,salishan.full.0147
Clallam_clal1241,full,salishan.full.0147
CoeurdAlene_coeu1236,full,salishan.full.0149
Columbia-Wenatchi_colu1241,full,salishan.full.0149
Columbia-Wenatchi_colu1241,full,salishan.full.0155
Comox_como1259,full,salishan.full.0147
Cowlitz_cowl1242,full,salishan.full.0147
Cowlitz_cowl1242,full,salishan.full.0149
Halkomelem_halk1245,full,salishan.full.0149
Halkomelem_halk1245,full,salishan.full.0149
Halkomelem_halk1245,full,salishan.full.0149
Kalispel-PenddOreille_kali1308,full,salishan.full.0149
Kalispel-PenddOreille_kali1308,full,salishan.full.0150
Lillooet_lill1248,full,salishan.full.0151
Nooksack_nook1247,full,salishan.full.0147
Nooksack_nook1247,full,salishan.full.0147
NorthernLushootseed_lush1252,full,salishan.full.0147
NorthernStraitsSalish_stra1244,full,salishan.full.0147
NorthernStraitsSalish_stra1244,full,salishan.full.0147
NorthernStraitsSalish_stra1244,full,salishan.full.0148
NorthernStraitsSalish_stra1244,full,salishan.full.0148
NorthernStraitsSalish_stra1244,full,salishan.full.0148
NorthernStraitsSalish_stra1244,full,salishan.full.0148
Okanagan_okan1243,full,salishan.full.0149
Quinault_quin1251,full,salishan.full.0147
Quinault_quin1251,full,salishan.full.0152
Sechelt_sech1246,full,salishan.full.0147
Shuswap_shus1248,full,salishan.full.0149
SouthernPugetSoundSalish_sout2965,full,salishan.full.0147
Spokane_spok1245,full,salishan.full.0149
Squamish_squa1248,full,salishan.full.0153
Squamish_squa1248,full,salishan.full.0153
Thompson_thom1243,full,salishan.full.0149
Thompson_thom1243,full,salishan.full.0149
Tillamook_till1254,full,salishan.full.0154
Tillamook_till1254,full,salishan.full.0156
Twana_twan1247,full,salishan.full.0151
UpperChehalis_uppe1439,full,salishan.full.0148
BellaCoola_bell1243,hand,salishan.hand.0157
Clallam_clal1241,hand,salishan.hand.0158
CoeurdAlene_coeu1236,hand,salishan.hand.0159
Columbia-Wenatchi_colu1241,hand,salishan.hand.0158
Comox_como1259,hand,salishan.hand.0158
Cowlitz_cowl1242,hand,salishan.hand.0158
Halkomelem_halk1245,hand,salishan.hand.0158
Halkomelem_halk1245,hand,salishan.hand.0158
Halkomelem_halk1245,hand,salishan.hand.0158
Kalispel-PenddOreille_kali1308,hand,salishan.hand.0158
Kalispel-PenddOreille_kali1308,hand,salishan.hand.0158
Lillooet_lill1248,hand,salishan.hand.0160
Nooksack_nook1247,hand,salishan.hand.0158
Nooksack_nook1247,hand,salishan.hand.0158
NorthernLushootseed_lush1252,hand,salishan.hand.0158
NorthernStraitsSalish_stra1244,hand,salishan.hand.0158
NorthernStraitsSalish_stra1244,hand,salishan.hand.0158
NorthernStraitsSalish_stra1244,hand,salishan.hand.0158
NorthernStraitsSalish_stra1244,hand,salishan.hand.0158
Okanagan_okan1243,hand,salishan.hand.0158
Quinault_quin1251,hand,salishan.hand.0161
Sechelt_sech1246,hand,salishan.hand.0158
Shuswap_shus1248,hand,salishan.hand.0158
SouthernPugetSoundSalish_sout2965,hand,salishan.hand.0158
SouthernPugetSoundSalish_sout2965,hand,salishan.hand.0158
SouthernPugetSoundSalish_sout2965,hand,salishan.hand.0164
Spokane_spok1245,hand,salishan.hand.0158
Squamish_squa1248,hand,salishan.hand.0162
Squamish_squa1248,hand,salishan.hand.0162
Thompson_thom1243,hand,salishan.hand.0158
Tillamook_till1254,hand,salishan.hand.0163
Twana_twan1247,hand,salishan.hand.0158
UpperChehalis_uppe1439,hand,salishan.hand.0158
BellaCoola_bell1243,hear,salishan.hear.0165
Clallam_clal1241,hear,salishan.hear.0167
CoeurdAlene_coeu1236,hear,salishan.hear.0168
Columbia-Wenatchi_colu1241,hear,salishan.hear.0168
Comox_como1259,hear,salishan.hear.0175
Cowlitz_cowl1242,hear,salishan.hear.0170
Halkomelem_halk1245,hear,salishan.hear.0169
Halkomelem_halk1245,hear,salishan.hear.0169
Halkomelem_halk1245,hear,salishan.hear.0169
Kalispel-PenddOreille_kali1308,hear,salishan.hear.0168
Kalispel-PenddOreille_kali1308,hear,salishan.hear.0168
Lillooet_lill1248,hear,salishan.hear.0171
Nooksack_nook1247,hear,salishan.hear.0167
NorthernLushootseed_lush1252,hear,salishan.hear.0172
NorthernStraitsSalish_stra1244,hear,salishan.hear.0167
NorthernStraitsSalish_stra1244,hear,salishan.hear.0174
NorthernStraitsSalish_stra1244,hear,salishan.hear.0174
NorthernStraitsSalish_stra1244,hear,salishan.hear.0174
Okanagan_okan1243,hear,salishan.hear.0173
Quinault_quin1251,hear,salishan.hear.0174
Sechelt_sech1246,hear,salishan.hear.0171
Shuswap_shus1248,hear,salishan.hear.0171
SouthernPugetSoundSalish_sout2965,hear,salishan.hear.0172
SouthernPugetSoundSalish_sout2965,hear,salishan.hear.0179
Spokane_spok1245,hear,salishan.hear.0168
Squamish_squa1248,hear,salishan.hear.0176
Thompson_thom1243,hear,salishan.hear.0171
Tillamook_till1254,hear,salishan.hear.0177
Twana_twan1247,hear,salishan.hear.0178
UpperChehalis_uppe1439,hear,salishan.hear.0166
BellaCoola_bell1243,horn,salishan.horn.0180
Clallam_clal1241,horn,salishan.horn.0182
CoeurdAlene_coeu1236,horn,salishan.horn.0183
Columbia-Wenatchi_colu1241,horn,salishan.horn.0183
Comox_como1259,horn,salishan.horn.0187
Cowlitz_cowl1242,horn,salishan.horn.0184
Halkomelem_halk1245,horn,salishan.horn.0182
Halkomelem_halk1245,horn,salishan.horn.0182
Halkomelem_halk1245,horn,salishan.horn.0182
Kalispel-PenddOreille_kali1308,horn,salishan.horn.0183
Kalispel-PenddOreille_kali1308,horn,salishan.horn.0183
Lillooet_lill1248,horn,salishan.horn.0185
Lillooet_lill1248,horn,salishan.horn.0188
Nooksack_nook1247,horn,salishan.horn.0182
NorthernLushootseed_lush1252,horn,salishan.horn.0181
NorthernStraitsSalish_stra1244,horn,salishan.horn.0182
NorthernStraitsSalish_stra1244,horn,salishan.horn.0182
NorthernStraitsSalish_stra1244,horn,salishan.horn.0182
NorthernStraitsSalish_stra1244,horn,salishan.horn.0182
Okanagan_okan1243,horn,salishan.horn.0186
Okanagan_okan1243,horn,salishan.horn.0189
Quinault_quin1251,horn,salishan.horn.0181
Quinault_quin1251,horn,salishan.horn.0181
Sechelt_sech1246,horn,salishan.horn.0181
Shuswap_shus1248,horn,salishan.horn.0181
SouthernPugetSoundSalish_sout2965,horn,salishan.horn.0181
Spokane_spok1245,horn,salishan.horn.0183
Squamish_squa1248,horn,salishan.horn.0182
Thompson_thom1243,horn,salishan.horn.0188
Tillamook_till1254,horn,salishan.horn.0181
Twana_twan1247,horn,salishan.horn.0181
UpperChehalis_uppe1439,horn,salishan.horn.0181
BellaCoola_bell1243,knee,salishan.knee.0190
Clallam_clal1241,knee,salishan.knee.0192
CoeurdAlene_coeu1236,knee,salishan.knee.0193
Columbia-Wenatchi_colu1241,knee,salishan.knee.0194
Comox_como1259,knee,salishan.knee.0202
Cowlitz_cowl1242,knee,salishan.knee.0191
Halkomelem_halk1245,knee,salishan.knee.0192
Halkomelem_halk1245,knee,salishan.knee.0197
Halkomelem_halk1245,knee,salishan.knee.0197
Kalispel-PenddOreille_kali1308,knee,salishan.knee.0193
Kalispel-PenddOreille_kali1308,knee,salishan.knee.0193
Lillooet_lill1248,knee,salishan.knee.0195
Nooksack_nook1247,knee,salishan.knee.0198
NorthernLushootseed_lush1252,knee,salishan.knee.0196
NorthernStraitsSalish_stra1244,knee,salishan.knee.0192
NorthernStraitsSalish_stra1244,knee,salishan.knee.0192
NorthernStraitsSalish_stra1244,knee,salishan.knee.0192
NorthernStraitsSalish_stra1244,knee,salishan.knee.0192
Okanagan_okan1243,knee,salishan.knee.0193
Quinault_quin1251,knee,salishan.knee.0199
Sechelt_sech1246,knee,salishan.knee.0200
Shuswap_shus1248,knee,salishan.knee.0201
SouthernPugetSoundSalish_sout2965,knee,salishan.knee.0196
Spokane_spok1245,knee,salishan.knee.0193
Spokane_spok1245,knee,salishan.knee.0205
Squamish_squa1248,knee,salishan.knee.0203
Thompson_thom1243,knee,salishan.knee.0192
Tillamook_till1254,knee,?
Twana_twan1247,knee,salishan.knee.0204
UpperChehalis_uppe1439,knee,salishan.knee.0191
BellaCoola_bell1243,leaf,salishan.leaf.0206
Clallam_clal1241,leaf,salishan.leaf.0208
CoeurdAlene_coeu1236,leaf,salishan.leaf.0209
Columbia-Wenatchi_colu1241,leaf,salishan.leaf.0209
Comox_como1259,leaf,salishan.leaf.0210
Cowlitz_cowl1242,leaf,salishan.leaf.0209
Halkomelem_halk1245,leaf,salishan.leaf.0208
Halkomelem_halk1245,leaf,salishan.leaf.0208
Halkomelem_halk1245,leaf,salishan.leaf.0208
Kalispel-PenddOreille_kali1308,leaf,salishan.leaf.0209
Kalispel-PenddOreille_kali1308,leaf,salishan.leaf.0209
Lillooet_lill1248,leaf,salishan.leaf.0209
Nooksack_nook1247,leaf,salishan.leaf.0208
NorthernLushootseed_lush1252,leaf,salishan.leaf.0208
NorthernStraitsSalish_stra1244,leaf,salishan.leaf.0208
NorthernStraitsSalish_stra1244,leaf,salishan.leaf.0208
NorthernStraitsSalish_stra1244,leaf,salishan.leaf.0208
NorthernStraitsSalish_stra1244,leaf,salishan.leaf.0208
NorthernStraitsSalish_stra1244,leaf,salishan.leaf.0208
Okanagan_okan1243,leaf,salishan.leaf.0209
Okanagan_okan1243,leaf,salishan.leaf.0209
Quinault_quin1251,leaf,salishan.leaf.0209
Quinault_quin1251,leaf,salishan.leaf.0209
Sechelt_sech1246,leaf,salishan.leaf.0208
Shuswap_shus1248,leaf,salishan.leaf.0209
SouthernPugetSoundSalish_sout2965,leaf,salishan.leaf.0208
Spokane_spok1245,leaf,salishan.leaf.0209
Squamish_squa1248,leaf,salishan.leaf.0208
Thompson_thom1243,leaf,salishan.leaf.0209
Tillamook_till1254,leaf,salishan.leaf.0211
Twana_twan1247,leaf,salishan.leaf.0212
UpperChehalis_uppe1439,leaf,salishan.leaf.0207
BellaCoola_bell1243,liver,salishan.liver.0213
Clallam_clal1241,liver,salishan.liver.0215
CoeurdAlene_coeu1236,liver,salishan.liver.0216
Columbia-Wenatchi_colu1241,liver,salishan.liver.0216
Comox_como1259,liver,salishan.liver.0222
Cowlitz_cowl1242,liver,salishan.liver.0214
Halkomelem_halk1245,liver,salishan.liver.0217
Halkomelem_halk1245,liver,salishan.liver.0217
Halkomelem_halk1245,liver,salishan.liver.0217
Kalispel-PenddOreille_kali1308,liver,salishan.liver.0216
Lillooet_lill1248,liver,salishan.liver.0218
Nooksack_nook1247,liver,salishan.liver.0217
Nooksack_nook1247,liver,salishan.liver.0217
NorthernLushootseed_lush1252,liver,salishan.liver.0215
NorthernLushootseed_lush1252,liver,salishan.liver.0217
NorthernStraitsSalish_stra1244,liver,salishan.liver.0215
NorthernStraitsSalish_stra1244,liver,salishan.liver.0215
NorthernStraitsSalish_stra1244,liver,salishan.liver.0215
NorthernStraitsSalish_stra1244,liver,salishan.liver.0215
Okanagan_okan1243,liver,salishan.liver.0216
Quinault_quin1251,liver,salishan.liver.0214
Quinault_quin1251,liver,salishan.liver.0219
Sechelt_sech1246,liver,salishan.liver.0220
Shuswap_shus1248,liver,salishan.liver.0221
SouthernPugetSoundSalish_sout2965,liver,salishan.liver.0215
SouthernPugetSoundSalish_sout2965,liver,salishan.liver.0217
Spokane_spok1245,liver,salishan.liver.0216
Squamish_squa1248,liver,salishan.liver.0223
Thompson_thom1243,liver,salishan.liver.0224
Tillamook_till1254,liver,?
Twana_twan1247,liver,salishan.liver.0217
UpperChehalis_uppe1439,liver,salishan.liver.0214
BellaCoola_bell1243,louse,salishan.louse.0225
Clallam_clal1241,louse,salishan.louse.0225
CoeurdAlene_coeu1236,louse,salishan.louse.0227
Columbia-Wenatchi_colu1241,louse,salishan.louse.0225
Comox_como1259,louse,salishan.louse.0225
Cowlitz_cowl1242,louse,salishan.louse.0225
Cowlitz_cowl1242,louse,salishan.louse.0226
Halkomelem_halk1245,louse,salishan.louse.0225
Halkomelem_halk1245,louse,salishan.louse.0225
Halkomelem_halk1245,louse,salishan.louse.0225
Kalispel-PenddOreille_kali1308,louse,salishan.louse.0226
Kalispel-PenddOreille_kali1308,louse,salishan.louse.0226
Lillooet_lill1248,louse,salishan.louse.0225
Nooksack_nook1247,louse,salishan.louse.0225
Nooksack_nook1247,louse,salishan.louse.0225
NorthernLushootseed_lush1252,louse,salishan.louse.0225
NorthernStraitsSalish_stra1244,louse,salishan.louse.0225
NorthernStraitsSalish_stra1244,louse,salishan.louse.0225
NorthernStraitsSalish_stra1244,louse,salishan.louse.0225
NorthernStraitsSalish_stra1244,louse,salishan.louse.0225
NorthernStraitsSalish_stra1244,louse,salishan.louse.0228
Okanagan_okan1243,louse,salishan.louse.0226
Quinault_quin1251,louse,salishan.louse.0225
Sechelt_sech1246,louse,salishan.louse.0225
Shuswap_shus1248,louse,salishan.louse.0226
SouthernPugetSoundSalish_sout2965,louse,salishan.louse.0225
Spokane_spok1245,louse,salishan.louse.0226
Squamish_squa1248,louse,salishan.louse.0225
Thompson_thom1243,louse,salishan.louse.0226
Tillamook_till1254,louse,salishan.louse.0225
Tillamook_till1254,louse,salishan.louse.0226
Twana_twan1247,louse,salishan.louse.0225
UpperChehalis_uppe1439,louse,salishan.louse.0225
UpperChehalis_uppe1439,louse,salishan.louse.0226
BellaCoola_bell1243,mountain,salishan.mountain.0229
Clallam_clal1241,mountain,salishan.mountain.0230
CoeurdAlene_coeu1236,mountain,salishan.mountain.0231
Columbia-Wenatchi_colu1241,mountain,salishan.mountain.0232
Comox_como1259,mountain,salishan.mountain.0237
Cowlitz_cowl1242,mountain,salishan.mountain.0233
Halkomelem_halk1245,mountain,salishan.mountain.0229
Halkomelem_halk1245,mountain,salishan.mountain.0229
Halkomelem_halk1245,mountain,salishan.mountain.0229
Halkomelem_halk1245,mountain,salishan.mountain.0229
Kalispel-PenddOreille_kali1308,mountain,salishan.mountain.0232
Kalispel-PenddOreille_kali1308,mountain,salishan.mountain.0232
Lillooet_lill1248,mountain,salishan.mountain.0234
Nooksack_nook1247,mountain,salishan.mountain.0229
NorthernLushootseed_lush1252,mountain,salishan.mountain.0229
NorthernStraitsSalish_stra1244,mountain,salishan.mountain.0229
NorthernStraitsSalish_stra1244,mountain,salishan.mountain.0229
NorthernStraitsSalish_stra1244,mountain,salishan.mountain.0229
NorthernStraitsSalish_stra1244,mountain,salishan.mountain.0229
Okanagan_okan1243,mountain,salishan.mountain.0235
Quinault_quin1251,mountain,salishan.mountain.0229
Sechelt_sech1246,mountain,salishan.mountain.0229
Shuswap_shus1248,mountain,salishan.mountain.0236
SouthernPugetSoundSalish_sout2965,mountain,salishan.mountain.0229
Spokane_spok1245,mountain,salishan.mountain.0232
Squamish_squa1248,mountain,salishan.mountain.0229
Thompson_thom1243,mountain,salishan.mountain.0234
Tillamook_till1254,mountain,salishan.mountain.0238
Tillamook_till1254,mountain,salishan.mountain.0238
Twana_twan1247,mountain,salishan.mountain.0229
UpperChehalis_uppe1439,mountain,salishan.mountain.0229
BellaCoola_bell1243,name,salishan.name.0239
Clallam_clal1241,name,salishan.name.0240
CoeurdAlene_coeu1236,name,salishan.name.0239
Columbia-Wenatchi_colu1241,name,salishan.name.0241
Comox_como1259,name,salishan.name.0244
Cowlitz_cowl1242,name,salishan.name.0239
Halkomelem_halk1245,name,salishan.name.0239
Halkomelem_halk1245,name,salishan.name.0239
Halkomelem_halk1245,name,salishan.name.0240
Kalispel-PenddOreille_kali1308,name,salishan.name.0239
Kalispel-PenddOreille_kali1308,name,salishan.name.0239
Lillooet_lill1248,name,salishan.name.0239
Nooksack_nook1247,name,salishan.name.0240
NorthernLushootseed_lush1252,name,salishan.name.0240
NorthernStraitsSalish_stra1244,name,salishan.name.0240
NorthernStraitsSalish_stra1244,name,salishan.name.0240
NorthernStraitsSalish_stra1244,name,salishan.name.0243
NorthernStraitsSalish_stra1244,name,salishan.name.0243
NorthernStraitsSalish_stra1244,name,salishan.name.0247
NorthernStraitsSalish_stra1244,name,salishan.name.0247
Okanagan_okan1243,name,salishan.name.0239
Quinault_quin1251,name,salishan.name.0242
Sechelt_sech1246,name,salishan.name.0239
Shuswap_shus1248,name,salishan.name.0239
SouthernPugetSoundSalish_sout2965,name,salishan.name.0240
SouthernPugetSoundSalish_sout2965,name,salishan.name.0246
Spokane_spok1245,name,salishan.name.0239
Squamish_squa1248,name,salishan.name.0240
Squamish_squa1248,name,salishan.name.0240
Thompson_thom1243,name,salishan.name.0239
Tillamook_till1254,name,salishan.name.0240
Tillamook_till1254,name,salishan.name.0248
Twana_twan1247,name,salishan.name.0245
UpperChehalis_uppe1439,name,salishan.name.0239
BellaCoola_bell1243,new,salishan.new.0249
Clallam_clal1241,new,salishan.new.0250
CoeurdAlene_coeu1236,new,salishan.new.0251
Columbia-Wenatchi_colu1241,new,salishan.new.0252
Comox_como1259,new,salishan.new.0250
Cowlitz_cowl1242,new,salishan.new.0253
Halkomelem_halk1245,new,salishan.new.0250
Halkomelem_halk1245,new,salishan.new.0250
Halkomelem_halk1245,new,salishan.new.0250
Kalispel-PenddOreille_kali1308,new,salishan.new.0251
Kalispel-PenddOreille_kali1308,new,salishan.new.0251
Lillooet_lill1248,new,salishan.new.0252
Nooksack_nook1247,new,salishan.new.0250
Nooksack_nook1247,new,salishan.new.0250
NorthernLushootseed_lush1252,new,salishan.new.0250
NorthernLushootseed_lush1252,new,salishan.new.0254
NorthernStraitsSalish_stra1244,new,salishan.new.0250
NorthernStraitsSalish_stra1244,new,salishan.new.0250
NorthernStraitsSalish_stra1244,new,salishan.new.0250
NorthernStraitsSalish_stra1244,new,salishan.new.0250
Okanagan_okan1243,new,salishan.new.0251
Quinault_quin1251,new,salishan.new.0255
Quinault_quin1251,new,salishan.new.0258
Sechelt_sech1246,new,salishan.new.0250
Shuswap_shus1248,new,salishan.new.0256
SouthernPugetSoundSalish_sout2965,new,salishan.new.0250
SouthernPugetSoundSalish_sout2965,new,salishan.new.0254
Spokane_spok1245,new,salishan.new.0251
Squamish_squa1248,new,salishan.new.0250
Thompson_thom1243,new,salishan.new.0252
Tillamook_till1254,new,salishan.new.0257
Twana_twan1247,new,salishan.new.0252
UpperChehalis_uppe1439,new,salishan.new.0250
BellaCoola_bell1243,night,salishan.night.0259
Clallam_clal1241,night,salishan.night.0261
CoeurdAlene_coeu1236,night,salishan.night.0262
Columbia-Wenatchi_colu1241,night,salishan.night.0263
Comox_como1259,night,salishan.night.0261
Cowlitz_cowl1242,night,salishan.night.0260
Halkomelem_halk1245,night,salishan.night.0261
Halkomelem_halk1245,night,salishan.night.0261
Halkomelem_halk1245,night,salishan.night.0261
Kalispel-PenddOreille_kali1308,night,salishan.night.0264
Kalispel-PenddOreille_kali1308,night,salishan.night.0264
Lillooet_lill1248,night,salishan.night.0265
Nooksack_nook1247,night,salishan.night.0261
NorthernLushootseed_lush1252,night,salishan.night.0266
NorthernStraitsSalish_stra1244,night,salishan.night.0261
NorthernStraitsSalish_stra1244,night,salishan.night.0261
NorthernStraitsSalish_stra1244,night,salishan.night.0261
NorthernStraitsSalish_stra1244,night,salishan.night.0261
Okanagan_okan1243,night,salishan.night.0267
Quinault_quin1251,night,salishan.night.0269
Quinault_quin1251,night,salishan.night.0273
Sechelt_sech1246,night,salishan.night.0261
Shuswap_shus1248,night,salishan.night.0270
SouthernPugetSoundSalish_sout2965,night,salishan.night.0268
Spokane_spok1245,night,salishan.night.0264
Squamish_squa1248,night,salishan.night.0261
Thompson_thom1243,night,salishan.night.0262
Tillamook_till1254,night,salishan.night.0271
Twana_twan1247,night,salishan.night.0272
UpperChehalis_uppe1439,night,salishan.night.0260
BellaCoola_bell1243,nose,salishan.nose.0274
Clallam_clal1241,nose,salishan.nose.0274
CoeurdAlene_coeu1236,nose,salishan.nose.0274
Columbia-Wenatchi_colu1241,nose,salishan.nose.0274
Comox_como1259,nose,salishan.nose.0274
Cowlitz_cowl1242,nose,salishan.nose.0274
Halkomelem_halk1245,nose,salishan.nose.0274
Halkomelem_halk1245,nose,salishan.nose.0274
Halkomelem_halk1245,nose,salishan.nose.0274
Kalispel-PenddOreille_kali1308,nose,salishan.nose.0275
Kalispel-PenddOreille_kali1308,nose,salishan.nose.0275
Lillooet_lill1248,nose,salishan.nose.0275
Nooksack_nook1247,nose,salishan.nose.0274
Nooksack_nook1247,nose,salishan.nose.0274
NorthernLushootseed_lush1252,nose,salishan.nose.0274
NorthernStraitsSalish_stra1244,nose,salishan.nose.0274
NorthernStraitsSalish_stra1244,nose,salishan.nose.0274
NorthernStraitsSalish_stra1244,nose,salishan.nose.0274
NorthernStraitsSalish_stra1244,nose,salishan.nose.0274
Okanagan_okan1243,nose,salishan.nose.0275
Quinault_quin1251,nose,salishan.nose.0274
Sechelt_sech1246,nose,salishan.nose.0274
Shuswap_shus1248,nose,salishan.nose.0275
SouthernPugetSoundSalish_sout2965,nose,salishan.nose.0276
Spokane_spok1245,nose,salishan.nose.0275
Squamish_squa1248,nose,salishan.nose.0274
Thompson_thom1243,nose,salishan.nose.0275
Tillamook_till1254,nose,salishan.nose.0274
Twana_twan1247,nose,salishan.nose.0274
UpperChehalis_uppe1439,nose,salishan.nose.0274
BellaCoola_bell1243,one,salishan.one.0277
Clallam_clal1241,one,salishan.one.0278
CoeurdAlene_coeu1236,one,salishan.one.0279
Columbia-Wenatchi_colu1241,one,salishan.one.0279
Comox_como1259,one,salishan.one.0284
Cowlitz_cowl1242,one,salishan.one.0280
Halkomelem_halk1245,one,salishan.one.0278
Halkomelem_halk1245,one,salishan.one.0278
Halkomelem_halk1245,one,salishan.one.0278
Kalispel-PenddOreille_kali1308,one,salishan.one.0279
Kalispel-PenddOreille_kali1308,one,salishan.one.0279
Lillooet_lill1248,one,salishan.one.0281
Nooksack_nook1247,one,salishan.one.0278
Nooksack_nook1247,one,salishan.one.0278
NorthernLushootseed_lush1252,one,salishan.one.0278
NorthernStraitsSalish_stra1244,one,salishan.one.0278
NorthernStraitsSalish_stra1244,one,salishan.one.0278
NorthernStraitsSalish_stra1244,one,salishan.one.0278
NorthernStraitsSalish_stra1244,one,salishan.one.0278
NorthernStraitsSalish_stra1244,one,salishan.one.0278
Okanagan_okan1243,one,salishan.one.0279
Quinault_quin1251,one,salishan.one.0282
Sechelt_sech1246,one,salishan.one.0283
Shuswap_shus1248,one,salishan.one.0279
SouthernPugetSoundSalish_sout2965,one,salishan.one.0278
Spokane_spok1245,one,salishan.one.0279
Squamish_squa1248,one,salishan.one.0278
Thompson_thom1243,one,salishan.one.0281
Tillamook_till1254,one,salishan.one.0278
Twana_twan1247,one,salishan.one.0285
UpperChehalis_uppe1439,one,salishan.one.0278
BellaCoola_bell1243,path,salishan.path.0286
Clallam_clal1241,path,salishan.path.0287
CoeurdAlene_coeu1236,path,salishan.path.0288
Columbia-Wenatchi_colu1241,path,salishan.path.0287
Comox_como1259,path,salishan.path.0289
Cowlitz_cowl1242,path,salishan.path.0287
Halkomelem_halk1245,path,salishan.path.0287
Halkomelem_halk1245,path,salishan.path.0287
Halkomelem_halk1245,path,salishan.path.0287
Kalispel-PenddOreille_kali1308,path,salishan.path.0287
Kalispel-PenddOreille_kali1308,path,salishan.path.0290
Kalispel-PenddOreille_kali1308,path,salishan.path.0292
Lillooet_lill1248,path,salishan.path.0289
Nooksack_nook1247,path,salishan.path.0287
Nooksack_nook1247,path,salishan.path.0287
NorthernLushootseed_lush1252,path,salishan.path.0287
NorthernStraitsSalish_stra1244,path,salishan.path.0287
NorthernStraitsSalish_stra1244,path,salishan.path.0287
NorthernStraitsSalish_stra1244,path,salishan.path.0287
NorthernStraitsSalish_stra1244,path,salishan.path.0287
NorthernStraitsSalish_stra1244,path,salishan.path.0293
NorthernStraitsSalish_stra1244,path,salishan.path.0293
Okanagan_okan1243,path,salishan.path.0287
Quinault_quin1251,path,salishan.path.0287
Sechelt_sech1246,path,salishan.path.0287
Shuswap_shus1248,path,salishan.path.0287
SouthernPugetSoundSalish_sout2965,path,salishan.path.0287
Spokane_spok1245,path,salishan.path.0291
Squamish_squa1248,path,salishan.path.0287
Thompson_thom1243,path,salishan.path.0287
Thompson_thom1243,path,salishan.path.0287
Tillamook_till1254,path,salishan.path.0287
Twana_twan1247,path,salishan.path.0287
UpperChehalis_uppe1439,path,salishan.path.0287
BellaCoola_bell1243,person,salishan.person.0294
Clallam_clal1241,person,salishan.person.0295
CoeurdAlene_coeu1236,person,salishan.person.0296
Columbia-Wenatchi_colu1241,person,salishan.person.0296
Comox_como1259,person,salishan.person.0295
Cowlitz_cowl1242,person,salishan.person.0297
Halkomelem_halk1245,person,salishan.person.0295
Halkomelem_halk1245,person,salishan.person.0295
Halkomelem_halk1245,person,salishan.person.0295
Halkomelem_halk1245,person,salishan.person.0295
Kalispel-PenddOreille_kali1308,person,salishan.person.0295
Kalispel-PenddOreille_kali1308,person,salishan.person.0295
Lillooet_lill1248,person,salishan.person.0295
Nooksack_nook1247,person,salishan.person.0295
Nooksack_nook1247,person,salishan.person.0295
NorthernLushootseed_lush1252,person,salishan.person.0295
NorthernStraitsSalish_stra1244,person,salishan.person.0295
NorthernStraitsSalish_stra1244,person,salishan.person.0295
NorthernStraitsSalish_stra1244,person,salishan.person.0295
NorthernStraitsSalish_stra1244,person,salishan.person.0295
Okanagan_okan1243,person,salishan.person.0295
Quinault_quin1251,person,salishan.person.0295
Sechelt_sech1246,person,salishan.person.0295
Shuswap_shus1248,person,salishan.person.0295
SouthernPugetSoundSalish_sout2965,person,salishan.person.0295
SouthernPugetSoundSalish_sout2965,person,salishan.person.0295
Spokane_spok1245,person,salishan.person.0295
Squamish_squa1248,person,salishan.person.0295
Thompson_thom1243,person,salishan.person.0295
Tillamook_till1254,person,salishan.person.0298
Twana_twan1247,person,salishan.person.0299
UpperChehalis_uppe1439,person,salishan.person.0295
BellaCoola_bell1243,see,salishan.see.0300
Clallam_clal1241,see,salishan.see.0302
CoeurdAlene_coeu1236,see,salishan.see.0303
Columbia-Wenatchi_colu1241,see,salishan.see.0304
Comox_como1259,see,salishan.see.0310
Cowlitz_cowl1242,see,salishan.see.0305
Halkomelem_halk1245,see,salishan.see.0302
Halkomelem_halk1245,see,salishan.see.0302
Halkomelem_halk1245,see,salishan.see.0311
Kalispel-PenddOreille_kali1308,see,salishan.see.0303
Kalispel-PenddOreille_kali1308,see,salishan.see.0303
Lillooet_lill1248,see,salishan.see.0306
Nooksack_nook1247,see,salishan.see.0308
NorthernLushootseed_lush1252,see,salishan.see.0307
NorthernLushootseed_lush1252,see,salishan.see.0315
NorthernStraitsSalish_stra1244,see,salishan.see.0302
NorthernStraitsSalish_stra1244,see,salishan.see.0302
NorthernStraitsSalish_stra1244,see,salishan.see.0302
NorthernStraitsSalish_stra1244,see,salishan.see.0310
Okanagan_okan1243,see,salishan.see.0303
Quinault_quin1251,see,salishan.see.0309
Sechelt_sech1246,see,salishan.see.0310
Sechelt_sech1246,see,salishan.see.0316
Shuswap_shus1248,see,salishan.see.0303
SouthernPugetSoundSalish_sout2965,see,salishan.see.0307
SouthernPugetSoundSalish_sout2965,see,salishan.see.0315
Spokane_spok1245,see,salishan.see.0303
Squamish_squa1248,see,salishan.see.0302
Thompson_thom1243,see,salishan.see.0312
Tillamook_till1254,see,salishan.see.0313
Tillamook_till1254,see,salishan.see.0317
Twana_twan1247,see,salishan.see.0314
UpperChehalis_uppe1439,see,salishan.see.0301
BellaCoola_bell1243,skin,salishan.skin.0318
Clallam_clal1241,skin,salishan.skin.0320
CoeurdAlene_coeu1236,skin,salishan.skin.0321
Columbia-Wenatchi_colu1241,skin,salishan.skin.0321
Comox_como1259,skin,salishan.skin.0328
Cowlitz_cowl1242,skin,salishan.skin.0323
Halkomelem_halk1245,skin,salishan.skin.0322
Halkomelem_halk1245,skin,salishan.skin.0322
Halkomelem_halk1245,skin,salishan.skin.0322
Kalispel-PenddOreille_kali1308,skin,salishan.skin.0324
Kalispel-PenddOreille_kali1308,skin,salishan.skin.0324
Lillooet_lill1248,skin,salishan.skin.0321
Nooksack_nook1247,skin,salishan.skin.0326
NorthernLushootseed_lush1252,skin,salishan.skin.0325
NorthernStraitsSalish_stra1244,skin,salishan.skin.0322
NorthernStraitsSalish_stra1244,skin,salishan.skin.0322
NorthernStraitsSalish_stra1244,skin,salishan.skin.0322
NorthernStraitsSalish_stra1244,skin,salishan.skin.0322
Okanagan_okan1243,skin,salishan.skin.0321
Quinault_quin1251,skin,salishan.skin.0327
Sechelt_sech1246,skin,salishan.skin.0328
Shuswap_shus1248,skin,salishan.skin.0329
Shuswap_shus1248,skin,salishan.skin.0333
SouthernPugetSoundSalish_sout2965,skin,salishan.skin.0325
Spokane_spok1245,skin,salishan.skin.0324
Squamish_squa1248,skin,salishan.skin.0330
Thompson_thom1243,skin,salishan.skin.0321
Tillamook_till1254,skin,salishan.skin.0331
Twana_twan1247,skin,salishan.skin.0332
UpperChehalis_uppe1439,skin,salishan.skin.0319
BellaCoola_bell1243,star,salishan.star.0334
Clallam_clal1241,star,salishan.star.0336
CoeurdAlene_coeu1236,star,salishan.star.0337
Columbia-Wenatchi_colu1241,star,salishan.star.0338
Comox_como1259,star,salishan.star.0339
Cowlitz_cowl1242,star,salishan.star.0340
Halkomelem_halk1245,star,salishan.star.0339
Halkomelem_halk1245,star,salishan.star.0339
Halkomelem_halk1245,star,salishan.star.0339
Kalispel-PenddOreille_kali1308,star,salishan.star.0341
Kalispel-PenddOreille_kali1308,star,salishan.star.0342
Lillooet_lill1248,star,salishan.star.0342
Nooksack_nook1247,star,salishan.star.0339
Nooksack_nook1247,star,salishan.star.0339
NorthernLushootseed_lush1252,star,salishan.star.0343
NorthernStraitsSalish_stra1244,star,salishan.star.0339
NorthernStraitsSalish_stra1244,star,salishan.star.0339
NorthernStraitsSalish_stra1244,star,salishan.star.0339
NorthernStraitsSalish_stra1244,star,salishan.star.0339
Okanagan_okan1243,star,salishan.star.0342
Quinault_quin1251,star,salishan.star.0344
Sechelt_sech1246,star,salishan.star.0339
Shuswap_shus1248,star,salishan.star.0342
SouthernPugetSoundSalish_sout2965,star,salishan.star.0343
SouthernPugetSoundSalish_sout2965,star,salishan.star.0343
Spokane_spok1245,star,salishan.star.0345
Squamish_squa1248,star,salishan.star.0339
Thompson_thom1243,star,salishan.star.0342
Tillamook_till1254,star,salishan.star.0346
Twana_twan1247,star,salishan.star.0347
UpperChehalis_uppe1439,star,salishan.star.0335
BellaCoola_bell1243,stone,salishan.stone.0348
Clallam_clal1241,stone,salishan.stone.0350
CoeurdAlene_coeu1236,stone,salishan.stone.0351
Columbia-Wenatchi_colu1241,stone,salishan.stone.0352
Comox_como1259,stone,salishan.stone.0355
Cowlitz_cowl1242,stone,salishan.stone.0349
Halkomelem_halk1245,stone,salishan.stone.0350
Halkomelem_halk1245,stone,salishan.stone.0350
Halkomelem_halk1245,stone,salishan.stone.0350
Kalispel-PenddOreille_kali1308,stone,salishan.stone.0351
Kalispel-PenddOreille_kali1308,stone,salishan.stone.0351
Lillooet_lill1248,stone,salishan.stone.0353
Nooksack_nook1247,stone,salishan.stone.0353
Nooksack_nook1247,stone,salishan.stone.0353
NorthernLushootseed_lush1252,stone,salishan.stone.0353
NorthernStraitsSalish_stra1244,stone,salishan.stone.0350
NorthernStraitsSalish_stra1244,stone,salishan.stone.0350
NorthernStraitsSalish_stra1244,stone,salishan.stone.0350
NorthernStraitsSalish_stra1244,stone,salishan.stone.0350
NorthernStraitsSalish_stra1244,stone,salishan.stone.0350
Okanagan_okan1243,stone,salishan.stone.0352
Quinault_quin1251,stone,salishan.stone.0354
Quinault_quin1251,stone,salishan.stone.0357
Sechelt_sech1246,stone,salishan.stone.0355
Shuswap_shus1248,stone,salishan.stone.0351
SouthernPugetSoundSalish_sout2965,stone,salishan.stone.0353
SouthernPugetSoundSalish_sout2965,stone,salishan.stone.0353
Spokane_spok1245,stone,salishan.stone.0356
Squamish_squa1248,stone,salishan.stone.0350
Thompson_thom1243,stone,salishan.stone.0351
Tillamook_till1254,stone,salishan.stone.0350
Twana_twan1247,stone,salishan.stone.0355
UpperChehalis_uppe1439,stone,salishan.stone.0349
BellaCoola_bell1243,sun,salishan.sun.0358
Clallam_clal1241,sun,salishan.sun.0360
Clallam_clal1241,sun,salishan.sun.0361
CoeurdAlene_coeu1236,sun,salishan.sun.0361
Columbia-Wenatchi_colu1241,sun,salishan.sun.0362
Comox_como1259,sun,salishan.sun.0359
Cowlitz_cowl1242,sun,salishan.sun.0359
Halkomelem_halk1245,sun,salishan.sun.0359
Halkomelem_halk1245,sun,salishan.sun.0359
Halkomelem_halk1245,sun,salishan.sun.0360
Kalispel-PenddOreille_kali1308,sun,salishan.sun.0363
Kalispel-PenddOreille_kali1308,sun,salishan.sun.0363
Lillooet_lill1248,sun,salishan.sun.0359
Nooksack_nook1247,sun,salishan.sun.0360
Nooksack_nook1247,sun,salishan.sun.0360
NorthernLushootseed_lush1252,sun,salishan.sun.0359
NorthernStraitsSalish_stra1244,sun,salishan.sun.0359
NorthernStraitsSalish_stra1244,sun,salishan.sun.0359
NorthernStraitsSalish_stra1244,sun,salishan.sun.0361
NorthernStraitsSalish_stra1244,sun,salishan.sun.0361
NorthernStraitsSalish_stra1244,sun,salishan.sun.0361
NorthernStraitsSalish_stra1244,sun,salishan.sun.0361
Okanagan_okan1243,sun,salishan.sun.0364
Quinault_quin1251,sun,salishan.sun.0361
Sechelt_sech1246,sun,salishan.sun.0359
Shuswap_shus1248,sun,salishan.sun.0361
SouthernPugetSoundSalish_sout2965,sun,salishan.sun.0359
SouthernPugetSoundSalish_sout2965,sun,salishan.sun.0359
Spokane_spok1245,sun,salishan.sun.0363
Squamish_squa1248,sun,salishan.sun.0359
Thompson_thom1243,sun,salishan.sun.0361
Tillamook_till1254,sun,salishan.sun.0359
Tillamook_till1254,sun,salishan.sun.0360
Twana_twan1247,sun,salishan.sun.0361
UpperChehalis_uppe1439,sun,salishan.sun.0359
BellaCoola_bell1243,tongue,salishan.tongue.0365
Clallam_clal1241,tongue,salishan.tongue.0367
CoeurdAlene_coeu1236,tongue,salishan.tongue.0368
Columbia-Wenatchi_colu1241,tongue,salishan.tongue.0369
Comox_como1259,tongue,salishan.tongue.0366
Cowlitz_cowl1242,tongue,salishan.tongue.0366
Halkomelem_halk1245,tongue,salishan.tongue.0366
Halkomelem_halk1245,tongue,salishan.tongue.0366
Halkomelem_halk1245,tongue,salishan.tongue.0366
Kalispel-PenddOreille_kali1308,tongue,salishan.tongue.0368
Kalispel-PenddOreille_kali1308,tongue,salishan.tongue.0368
Lillooet_lill1248,tongue,salishan.tongue.0366
Lillooet_lill1248,tongue,salishan.tongue.0371
Nooksack_nook1247,tongue,salishan.tongue.0371
Nooksack_nook1247,tongue,salishan.tongue.0371
NorthernLushootseed_lush1252,tongue,salishan.tongue.0370
NorthernStraitsSalish_stra1244,tongue,salishan.tongue.0366
NorthernStraitsSalish_stra1244,tongue,salishan.tongue.0366
NorthernStraitsSalish_stra1244,tongue,salishan.tongue.0366
NorthernStraitsSalish_stra1244,tongue,salishan.tongue.0366
Okanagan_okan1243,tongue,salishan.tongue.0368
Quinault_quin1251,tongue,salishan.tongue.0366
Sechelt_sech1246,tongue,salishan.tongue.0366
Shuswap_shus1248,tongue,salishan.tongue.0368
SouthernPugetSoundSalish_sout2965,tongue,salishan.tongue.0370
Spokane_spok1245,tongue,salishan.tongue.0368
Squamish_squa1248,tongue,salishan.tongue.0366
Thompson_thom1243,tongue,salishan.tongue.0371
Tillamook_till1254,tongue,salishan.tongue.0372
Twana_twan1247,tongue,salishan.tongue.0368
UpperChehalis_uppe1439,tongue,salishan.tongue.0366
BellaCoola_bell1243,tooth,salishan.tooth.0373
Clallam_clal1241,tooth,salishan.tooth.0374
CoeurdAlene_coeu1236,tooth,salishan.tooth.0375
Columbia-Wenatchi_colu1241,tooth,salishan.tooth.0375
Comox_como1259,tooth,salishan.tooth.0374
Cowlitz_cowl1242,tooth,salishan.tooth.0374
Halkomelem_halk1245,tooth,salishan.tooth.0374
Halkomelem_halk1245,tooth,salishan.tooth.0374
Halkomelem_halk1245,tooth,salishan.tooth.0374
Kalispel-PenddOreille_kali1308,tooth,salishan.tooth.0375
Kalispel-PenddOreille_kali1308,tooth,salishan.tooth.0375
Lillooet_lill1248,tooth,salishan.tooth.0376
Nooksack_nook1247,tooth,salishan.tooth.0377
Nooksack_nook1247,tooth,salishan.tooth.0377
NorthernLushootseed_lush1252,tooth,salishan.tooth.0374
NorthernStraitsSalish_stra1244,tooth,salishan.tooth.0374
NorthernStraitsSalish_stra1244,tooth,salishan.tooth.0374
NorthernStraitsSalish_stra1244,tooth,salishan.tooth.0374
NorthernStraitsSalish_stra1244,tooth,salishan.tooth.0374
Okanagan_okan1243,tooth,salishan.tooth.0376
Quinault_quin1251,tooth,salishan.tooth.0374
Sechelt_sech1246,tooth,salishan.tooth.0374
Shuswap_shus1248,tooth,salishan.tooth.0375
SouthernPugetSoundSalish_sout2965,tooth,salishan.tooth.0374
Spokane_spok1245,tooth,salishan.tooth.0375
Squamish_squa1248,tooth,salishan.tooth.0374
Squamish_squa1248,tooth,salishan.tooth.0374
Thompson_thom1243,tooth,salishan.tooth.0375
Tillamook_till1254,tooth,salishan.tooth.0378
Twana_twan1247,tooth,salishan.tooth.0374
UpperChehalis_uppe1439,tooth,salishan.tooth.0374
BellaCoola_bell1243,tree,salishan.tree.0379
Clallam_clal1241,tree,salishan.tree.0381
CoeurdAlene_coeu1236,tree,salishan.tree.0382
Columbia-Wenatchi_colu1241,tree,salishan.tree.0383
Comox_como1259,tree,salishan.tree.0391
Cowlitz_cowl1242,tree,salishan.tree.0385
Cowlitz_cowl1242,tree,salishan.tree.0392
Halkomelem_halk1245,tree,salishan.tree.0384
Halkomelem_halk1245,tree,salishan.tree.0384
Halkomelem_halk1245,tree,salishan.tree.0389
Kalispel-PenddOreille_kali1308,tree,salishan.tree.0386
Kalispel-PenddOreille_kali1308,tree,salishan.tree.0386
Lillooet_lill1248,tree,salishan.tree.0387
Nooksack_nook1247,tree,salishan.tree.0384
NorthernLushootseed_lush1252,tree,salishan.tree.0388
NorthernStraitsSalish_stra1244,tree,salishan.tree.0381
NorthernStraitsSalish_stra1244,tree,salishan.tree.0381
NorthernStraitsSalish_stra1244,tree,salishan.tree.0381
NorthernStraitsSalish_stra1244,tree,salishan.tree.0381
Okanagan_okan1243,tree,salishan.tree.0387
Quinault_quin1251,tree,salishan.tree.0390
Sechelt_sech1246,tree,salishan.tree.0391
Shuswap_shus1248,tree,salishan.tree.0387
Shuswap_shus1248,tree,salishan.tree.0387
SouthernPugetSoundSalish_sout2965,tree,salishan.tree.0390
SouthernPugetSoundSalish_sout2965,tree,salishan.tree.0393
Spokane_spok1245,tree,salishan.tree.0384
Spokane_spok1245,tree,salishan.tree.0386
Squamish_squa1248,tree,salishan.tree.0390
Squamish_squa1248,tree,salishan.tree.0390
Thompson_thom1243,tree,salishan.tree.0387
Tillamook_till1254,tree,?
Twana_twan1247,tree,?
UpperChehalis_uppe1439,tree,salishan.tree.0380
BellaCoola_bell1243,two,salishan.two.0394
Clallam_clal1241,two,salishan.two.0396
CoeurdAlene_coeu1236,two,salishan.two.0395
Columbia-Wenatchi_colu1241,two,salishan.two.0397
Columbia-Wenatchi_colu1241,two,salishan.two.0401
Comox_como1259,two,salishan.two.0395
Cowlitz_cowl1242,two,salishan.two.0395
Halkomelem_halk1245,two,salishan.two.0395
Halkomelem_halk1245,two,salishan.two.0395
Halkomelem_halk1245,two,salishan.two.0395
Kalispel-PenddOreille_kali1308,two,salishan.two.0395
Kalispel-PenddOreille_kali1308,two,salishan.two.0395
Lillooet_lill1248,two,salishan.two.0398
Nooksack_nook1247,two,salishan.two.0395
Nooksack_nook1247,two,salishan.two.0395
NorthernLushootseed_lush1252,two,salishan.two.0395
NorthernStraitsSalish_stra1244,two,salishan.two.0396
NorthernStraitsSalish_stra1244,two,salishan.two.0396
NorthernStraitsSalish_stra1244,two,salishan.two.0396
NorthernStraitsSalish_stra1244,two,salishan.two.0396
Okanagan_okan1243,two,salishan.two.0395
Quinault_quin1251,two,salishan.two.0395
Sechelt_sech1246,two,salishan.two.0399
Shuswap_shus1248,two,salishan.two.0395
SouthernPugetSoundSalish_sout2965,two,salishan.two.0395
Spokane_spok1245,two,salishan.two.0395
Squamish_squa1248,two,salishan.two.0395
Thompson_thom1243,two,salishan.two.0395
Tillamook_till1254,two,salishan.two.0395
Tillamook_till1254,two,salishan.two.0400
Twana_twan1247,two,salishan.two.0395
UpperChehalis_uppe1439,two,salishan.two.0395
BellaCoola_bell1243,water,salishan.water.0402
Clallam_clal1241,water,salishan.water.0402
CoeurdAlene_coeu1236,water,salishan.water.0402
Columbia-Wenatchi_colu1241,water,salishan.water.0403
Comox_como1259,water,salishan.water.0402
Cowlitz_cowl1242,water,salishan.water.0402
Halkomelem_halk1245,water,salishan.water.0402
Halkomelem_halk1245,water,salishan.water.0402
Halkomelem_halk1245,water,salishan.water.0402
Kalispel-PenddOreille_kali1308,water,salishan.water.0403
Kalispel-PenddOreille_kali1308,water,salishan.water.0403
Lillooet_lill1248,water,salishan.water.0402
Nooksack_nook1247,water,salishan.water.0404
Nooksack_nook1247,water,salishan.water.0404
NorthernLushootseed_lush1252,water,salishan.water.0402
NorthernStraitsSalish_stra1244,water,salishan.water.0402
NorthernStraitsSalish_stra1244,water,salishan.water.0402
NorthernStraitsSalish_stra1244,water,salishan.water.0402
NorthernStraitsSalish_stra1244,water,salishan.water.0402
Okanagan_okan1243,water,salishan.water.0403
Quinault_quin1251,water,salishan.water.0402
Sechelt_sech1246,water,salishan.water.0402
Sechelt_sech1246,water,salishan.water.0406
Shuswap_shus1248,water,salishan.water.0403
SouthernPugetSoundSalish_sout2965,water,salishan.water.0402
Spokane_spok1245,water,salishan.water.0405
Squamish_squa1248,water,salishan.water.0402
Squamish_squa1248,water,salishan.water.0402
Thompson_thom1243,water,salishan.water.0402
Tillamook_till1254,water,salishan.water.0402
Tillamook_till1254,water,salishan.water.0402
Twana_twan1247,water,salishan.water.0402
UpperChehalis_uppe1439,water,salishan.water.0402
