Language_ID,Feature_ID,Value
Abau_abau1245,1pl,sepik.1pl.0001
Ak_akkk1240,1pl,sepik.1pl.0002
Alamblak_alam1246,1pl,sepik.1pl.0003
Auwon_awun1245,1pl,sepik.1pl.0003
Awtuw_awtu1239,1pl,sepik.1pl.0003
Bahinemo_bahi1254,1pl,sepik.1pl.0003
Bisis_bisi1244,1pl,?
Chenapian_chen1259,1pl,sepik.1pl.0004
Iwam_iwam1256,1pl,sepik.1pl.0005
Kalou_kalo1262,1pl,sepik.1pl.0003
Kapriman_kapr1245,1pl,sepik.1pl.0003
Karawa_kara1495,1pl,sepik.1pl.0003
Kwanga_kwan1278,1pl,sepik.1pl.0003
Kwoma_kwom1262,1pl,sepik.1pl.0006
Mehek_mehe1243,1pl,sepik.1pl.0003
MendePapuaNewGuinea_mend1268,1pl,sepik.1pl.0007
Namia_nami1256,1pl,sepik.1pl.0008
Niksek_niks1238,1pl,?
Pahi_pahi1246,1pl,?
Piame_piam1243,1pl,?
Pouye_pouy1238,1pl,sepik.1pl.0003
Saniyo-Hiyewe_sani1270,1pl,sepik.1pl.0003
SepikIwam_sepi1255,1pl,sepik.1pl.0009
Yessan-Mayo_yess1239,1pl,sepik.1pl.0003
Abau_abau1245,1sg,sepik.1sg.0010
Ak_akkk1240,1sg,sepik.1sg.0011
Alamblak_alam1246,1sg,sepik.1sg.0012
Auwon_awun1245,1sg,sepik.1sg.0011
Awtuw_awtu1239,1sg,sepik.1sg.0011
Bahinemo_bahi1254,1sg,sepik.1sg.0012
Bisis_bisi1244,1sg,sepik.1sg.0012
Chenapian_chen1259,1sg,sepik.1sg.0011
Iwam_iwam1256,1sg,sepik.1sg.0013
Kalou_kalo1262,1sg,sepik.1sg.0011
Kapriman_kapr1245,1sg,sepik.1sg.0011
Karawa_kara1495,1sg,sepik.1sg.0011
Kwanga_kwan1278,1sg,sepik.1sg.0012
Kwanga_kwan1278,1sg,sepik.1sg.0014
Kwoma_kwom1262,1sg,sepik.1sg.0012
Mehek_mehe1243,1sg,sepik.1sg.0011
MendePapuaNewGuinea_mend1268,1sg,sepik.1sg.0015
Namia_nami1256,1sg,sepik.1sg.0011
Niksek_niks1238,1sg,sepik.1sg.0012
Niksek_niks1238,1sg,sepik.1sg.0016
Pahi_pahi1246,1sg,sepik.1sg.0012
Piame_piam1243,1sg,?
Pouye_pouy1238,1sg,sepik.1sg.0011
Saniyo-Hiyewe_sani1270,1sg,sepik.1sg.0012
SepikIwam_sepi1255,1sg,sepik.1sg.0013
Yessan-Mayo_yess1239,1sg,sepik.1sg.0011
Abau_abau1245,2sg,sepik.2sg.0017
Ak_akkk1240,2sg,sepik.2sg.0018
Alamblak_alam1246,2sg,sepik.2sg.0018
Auwon_awun1245,2sg,sepik.2sg.0018
Awtuw_awtu1239,2sg,sepik.2sg.0019
Bahinemo_bahi1254,2sg,sepik.2sg.0018
Bisis_bisi1244,2sg,?
Chenapian_chen1259,2sg,sepik.2sg.0018
Iwam_iwam1256,2sg,sepik.2sg.0018
Kalou_kalo1262,2sg,sepik.2sg.0018
Kapriman_kapr1245,2sg,sepik.2sg.0018
Kapriman_kapr1245,2sg,sepik.2sg.0018
Karawa_kara1495,2sg,sepik.2sg.0021
Kwanga_kwan1278,2sg,sepik.2sg.0018
Kwanga_kwan1278,2sg,sepik.2sg.0023
Kwoma_kwom1262,2sg,sepik.2sg.0018
Kwoma_kwom1262,2sg,sepik.2sg.0023
Mehek_mehe1243,2sg,sepik.2sg.0018
MendePapuaNewGuinea_mend1268,2sg,sepik.2sg.0018
MendePapuaNewGuinea_mend1268,2sg,sepik.2sg.0023
Namia_nami1256,2sg,sepik.2sg.0018
Niksek_niks1238,2sg,sepik.2sg.0018
Niksek_niks1238,2sg,sepik.2sg.0018
Niksek_niks1238,2sg,sepik.2sg.0020
Niksek_niks1238,2sg,sepik.2sg.0020
Pahi_pahi1246,2sg,sepik.2sg.0019
Piame_piam1243,2sg,?
Pouye_pouy1238,2sg,sepik.2sg.0019
Saniyo-Hiyewe_sani1270,2sg,sepik.2sg.0018
SepikIwam_sepi1255,2sg,sepik.2sg.0022
Yessan-Mayo_yess1239,2sg,sepik.2sg.0018
Abau_abau1245,blood,sepik.blood.0024
Ak_akkk1240,blood,sepik.blood.0025
Alamblak_alam1246,blood,sepik.blood.0026
Auwon_awun1245,blood,sepik.blood.0028
Awtuw_awtu1239,blood,sepik.blood.0027
Bahinemo_bahi1254,blood,sepik.blood.0029
Bisis_bisi1244,blood,sepik.blood.0030
Chenapian_chen1259,blood,sepik.blood.0031
Iwam_iwam1256,blood,sepik.blood.0031
Kalou_kalo1262,blood,sepik.blood.0033
Kapriman_kapr1245,blood,sepik.blood.0030
Karawa_kara1495,blood,sepik.blood.0034
Kwanga_kwan1278,blood,sepik.blood.0035
Kwoma_kwom1262,blood,sepik.blood.0035
Mehek_mehe1243,blood,sepik.blood.0036
MendePapuaNewGuinea_mend1268,blood,sepik.blood.0035
Namia_nami1256,blood,sepik.blood.0025
Niksek_niks1238,blood,sepik.blood.0032
Niksek_niks1238,blood,sepik.blood.0032
Pahi_pahi1246,blood,sepik.blood.0037
Piame_piam1243,blood,sepik.blood.0038
Pouye_pouy1238,blood,sepik.blood.0039
Saniyo-Hiyewe_sani1270,blood,sepik.blood.0040
SepikIwam_sepi1255,blood,sepik.blood.0031
Yessan-Mayo_yess1239,blood,sepik.blood.0037
Abau_abau1245,bone,sepik.bone.0041
Abau_abau1245,bone,sepik.bone.0053
Ak_akkk1240,bone,sepik.bone.0042
Alamblak_alam1246,bone,sepik.bone.0043
Auwon_awun1245,bone,sepik.bone.0044
Awtuw_awtu1239,bone,sepik.bone.0044
Bahinemo_bahi1254,bone,sepik.bone.0045
Bisis_bisi1244,bone,sepik.bone.0046
Chenapian_chen1259,bone,sepik.bone.0047
Chenapian_chen1259,bone,sepik.bone.0052
Iwam_iwam1256,bone,sepik.bone.0049
Kalou_kalo1262,bone,sepik.bone.0050
Kapriman_kapr1245,bone,sepik.bone.0046
Karawa_kara1495,bone,sepik.bone.0044
Kwanga_kwan1278,bone,sepik.bone.0045
Kwanga_kwan1278,bone,sepik.bone.0054
Kwoma_kwom1262,bone,sepik.bone.0045
Mehek_mehe1243,bone,sepik.bone.0045
MendePapuaNewGuinea_mend1268,bone,sepik.bone.0045
Namia_nami1256,bone,sepik.bone.0051
Niksek_niks1238,bone,sepik.bone.0048
Niksek_niks1238,bone,sepik.bone.0048
Pahi_pahi1246,bone,sepik.bone.0045
Pahi_pahi1246,bone,sepik.bone.0045
Piame_piam1243,bone,sepik.bone.0048
Pouye_pouy1238,bone,sepik.bone.0044
Saniyo-Hiyewe_sani1270,bone,sepik.bone.0048
SepikIwam_sepi1255,bone,sepik.bone.0049
Yessan-Mayo_yess1239,bone,sepik.bone.0052
Abau_abau1245,breast,sepik.breast.0055
Ak_akkk1240,breast,sepik.breast.0055
Alamblak_alam1246,breast,sepik.breast.0056
Auwon_awun1245,breast,sepik.breast.0055
Awtuw_awtu1239,breast,sepik.breast.0055
Bahinemo_bahi1254,breast,sepik.breast.0057
Bisis_bisi1244,breast,sepik.breast.0056
Chenapian_chen1259,breast,sepik.breast.0055
Iwam_iwam1256,breast,sepik.breast.0055
Kalou_kalo1262,breast,sepik.breast.0058
Kapriman_kapr1245,breast,sepik.breast.0056
Karawa_kara1495,breast,sepik.breast.0055
Kwanga_kwan1278,breast,sepik.breast.0056
Kwoma_kwom1262,breast,sepik.breast.0056
Mehek_mehe1243,breast,sepik.breast.0056
MendePapuaNewGuinea_mend1268,breast,sepik.breast.0056
Namia_nami1256,breast,sepik.breast.0055
Niksek_niks1238,breast,sepik.breast.0057
Niksek_niks1238,breast,sepik.breast.0057
Pahi_pahi1246,breast,sepik.breast.0056
Piame_piam1243,breast,sepik.breast.0059
Pouye_pouy1238,breast,sepik.breast.0055
Saniyo-Hiyewe_sani1270,breast,sepik.breast.0057
SepikIwam_sepi1255,breast,sepik.breast.0055
Yessan-Mayo_yess1239,breast,sepik.breast.0056
Abau_abau1245,come,sepik.come.0060
Ak_akkk1240,come,sepik.come.0061
Alamblak_alam1246,come,sepik.come.0062
Auwon_awun1245,come,sepik.come.0061
Awtuw_awtu1239,come,sepik.come.0063
Bahinemo_bahi1254,come,sepik.come.0064
Bisis_bisi1244,come,sepik.come.0065
Chenapian_chen1259,come,sepik.come.0061
Iwam_iwam1256,come,sepik.come.0067
Kalou_kalo1262,come,sepik.come.0068
Kapriman_kapr1245,come,sepik.come.0069
Karawa_kara1495,come,sepik.come.0063
Karawa_kara1495,come,sepik.come.0070
Kwanga_kwan1278,come,sepik.come.0069
Kwoma_kwom1262,come,sepik.come.0063
Mehek_mehe1243,come,sepik.come.0063
MendePapuaNewGuinea_mend1268,come,sepik.come.0063
MendePapuaNewGuinea_mend1268,come,sepik.come.0069
Namia_nami1256,come,sepik.come.0071
Niksek_niks1238,come,sepik.come.0066
Niksek_niks1238,come,sepik.come.0072
Pahi_pahi1246,come,sepik.come.0063
Piame_piam1243,come,sepik.come.0066
Pouye_pouy1238,come,sepik.come.0073
Saniyo-Hiyewe_sani1270,come,sepik.come.0074
SepikIwam_sepi1255,come,sepik.come.0075
Yessan-Mayo_yess1239,come,sepik.come.0063
Abau_abau1245,die,sepik.die.0076
Abau_abau1245,die,sepik.die.0093
Ak_akkk1240,die,sepik.die.0077
Alamblak_alam1246,die,sepik.die.0078
Auwon_awun1245,die,sepik.die.0080
Awtuw_awtu1239,die,sepik.die.0079
Bahinemo_bahi1254,die,sepik.die.0081
Bisis_bisi1244,die,?
Chenapian_chen1259,die,sepik.die.0082
Iwam_iwam1256,die,sepik.die.0083
Kalou_kalo1262,die,?
Kapriman_kapr1245,die,?
Karawa_kara1495,die,sepik.die.0084
Kwanga_kwan1278,die,sepik.die.0085
Kwanga_kwan1278,die,sepik.die.0094
Kwoma_kwom1262,die,sepik.die.0085
Kwoma_kwom1262,die,sepik.die.0086
Mehek_mehe1243,die,sepik.die.0087
MendePapuaNewGuinea_mend1268,die,sepik.die.0085
Namia_nami1256,die,sepik.die.0088
Niksek_niks1238,die,sepik.die.0081
Niksek_niks1238,die,sepik.die.0089
Pahi_pahi1246,die,?
Piame_piam1243,die,?
Pouye_pouy1238,die,sepik.die.0090
Saniyo-Hiyewe_sani1270,die,sepik.die.0091
SepikIwam_sepi1255,die,sepik.die.0092
Yessan-Mayo_yess1239,die,sepik.die.0085
Abau_abau1245,dog,sepik.dog.0095
Ak_akkk1240,dog,sepik.dog.0096
Alamblak_alam1246,dog,sepik.dog.0097
Auwon_awun1245,dog,sepik.dog.0099
Awtuw_awtu1239,dog,sepik.dog.0098
Bahinemo_bahi1254,dog,sepik.dog.0097
Bisis_bisi1244,dog,sepik.dog.0097
Chenapian_chen1259,dog,sepik.dog.0100
Iwam_iwam1256,dog,sepik.dog.0101
Kalou_kalo1262,dog,sepik.dog.0099
Kapriman_kapr1245,dog,sepik.dog.0102
Karawa_kara1495,dog,sepik.dog.0103
Kwanga_kwan1278,dog,sepik.dog.0104
Kwoma_kwom1262,dog,sepik.dog.0104
Mehek_mehe1243,dog,sepik.dog.0105
MendePapuaNewGuinea_mend1268,dog,sepik.dog.0104
Namia_nami1256,dog,sepik.dog.0106
Niksek_niks1238,dog,sepik.dog.0097
Niksek_niks1238,dog,sepik.dog.0097
Pahi_pahi1246,dog,sepik.dog.0107
Piame_piam1243,dog,sepik.dog.0108
Pouye_pouy1238,dog,sepik.dog.0109
Saniyo-Hiyewe_sani1270,dog,sepik.dog.0102
SepikIwam_sepi1255,dog,sepik.dog.0110
Yessan-Mayo_yess1239,dog,sepik.dog.0105
Abau_abau1245,drink,sepik.drink.0111
Ak_akkk1240,drink,sepik.drink.0112
Alamblak_alam1246,drink,sepik.drink.0113
Auwon_awun1245,drink,sepik.drink.0115
Awtuw_awtu1239,drink,sepik.drink.0114
Bahinemo_bahi1254,drink,sepik.drink.0116
Bisis_bisi1244,drink,?
Chenapian_chen1259,drink,sepik.drink.0117
Iwam_iwam1256,drink,sepik.drink.0116
Kalou_kalo1262,drink,sepik.drink.0119
Kapriman_kapr1245,drink,?
Karawa_kara1495,drink,sepik.drink.0115
Karawa_kara1495,drink,sepik.drink.0115
Kwanga_kwan1278,drink,sepik.drink.0120
Kwoma_kwom1262,drink,sepik.drink.0116
Mehek_mehe1243,drink,sepik.drink.0120
MendePapuaNewGuinea_mend1268,drink,sepik.drink.0120
Namia_nami1256,drink,sepik.drink.0115
Niksek_niks1238,drink,sepik.drink.0118
Niksek_niks1238,drink,sepik.drink.0121
Pahi_pahi1246,drink,?
Piame_piam1243,drink,?
Pouye_pouy1238,drink,sepik.drink.0115
Saniyo-Hiyewe_sani1270,drink,sepik.drink.0122
SepikIwam_sepi1255,drink,sepik.drink.0123
Yessan-Mayo_yess1239,drink,sepik.drink.0120
Abau_abau1245,ear,sepik.ear.0124
Ak_akkk1240,ear,sepik.ear.0125
Alamblak_alam1246,ear,sepik.ear.0126
Auwon_awun1245,ear,sepik.ear.0127
Awtuw_awtu1239,ear,sepik.ear.0125
Bahinemo_bahi1254,ear,sepik.ear.0128
Bisis_bisi1244,ear,sepik.ear.0129
Chenapian_chen1259,ear,sepik.ear.0130
Chenapian_chen1259,ear,sepik.ear.0130
Iwam_iwam1256,ear,sepik.ear.0131
Kalou_kalo1262,ear,sepik.ear.0132
Kapriman_kapr1245,ear,sepik.ear.0130
Karawa_kara1495,ear,sepik.ear.0127
Kwanga_kwan1278,ear,sepik.ear.0130
Kwanga_kwan1278,ear,sepik.ear.0130
Kwoma_kwom1262,ear,sepik.ear.0133
Mehek_mehe1243,ear,sepik.ear.0134
MendePapuaNewGuinea_mend1268,ear,sepik.ear.0130
Namia_nami1256,ear,sepik.ear.0135
Niksek_niks1238,ear,sepik.ear.0128
Niksek_niks1238,ear,sepik.ear.0130
Pahi_pahi1246,ear,sepik.ear.0136
Piame_piam1243,ear,sepik.ear.0128
Pouye_pouy1238,ear,sepik.ear.0127
Pouye_pouy1238,ear,sepik.ear.0137
Saniyo-Hiyewe_sani1270,ear,sepik.ear.0138
SepikIwam_sepi1255,ear,sepik.ear.0139
Yessan-Mayo_yess1239,ear,sepik.ear.0139
Abau_abau1245,eye,sepik.eye.0140
Ak_akkk1240,eye,sepik.eye.0141
Alamblak_alam1246,eye,sepik.eye.0142
Auwon_awun1245,eye,sepik.eye.0141
Awtuw_awtu1239,eye,sepik.eye.0143
Bahinemo_bahi1254,eye,sepik.eye.0144
Bisis_bisi1244,eye,sepik.eye.0145
Chenapian_chen1259,eye,sepik.eye.0140
Chenapian_chen1259,eye,sepik.eye.0140
Iwam_iwam1256,eye,sepik.eye.0140
Kalou_kalo1262,eye,sepik.eye.0146
Kapriman_kapr1245,eye,sepik.eye.0145
Karawa_kara1495,eye,sepik.eye.0147
Kwanga_kwan1278,eye,sepik.eye.0148
Kwoma_kwom1262,eye,sepik.eye.0144
Mehek_mehe1243,eye,sepik.eye.0149
MendePapuaNewGuinea_mend1268,eye,sepik.eye.0150
Namia_nami1256,eye,sepik.eye.0141
Niksek_niks1238,eye,sepik.eye.0140
Niksek_niks1238,eye,sepik.eye.0140
Pahi_pahi1246,eye,sepik.eye.0151
Piame_piam1243,eye,sepik.eye.0140
Pouye_pouy1238,eye,sepik.eye.0152
Saniyo-Hiyewe_sani1270,eye,sepik.eye.0145
SepikIwam_sepi1255,eye,sepik.eye.0140
Yessan-Mayo_yess1239,eye,sepik.eye.0153
Abau_abau1245,fire,sepik.fire.0154
Ak_akkk1240,fire,sepik.fire.0155
Alamblak_alam1246,fire,sepik.fire.0156
Auwon_awun1245,fire,sepik.fire.0157
Awtuw_awtu1239,fire,sepik.fire.0157
Bahinemo_bahi1254,fire,sepik.fire.0154
Bisis_bisi1244,fire,sepik.fire.0158
Chenapian_chen1259,fire,sepik.fire.0159
Iwam_iwam1256,fire,sepik.fire.0160
Kalou_kalo1262,fire,sepik.fire.0161
Kapriman_kapr1245,fire,sepik.fire.0162
Karawa_kara1495,fire,sepik.fire.0157
Kwanga_kwan1278,fire,sepik.fire.0163
Kwoma_kwom1262,fire,sepik.fire.0163
Mehek_mehe1243,fire,sepik.fire.0164
MendePapuaNewGuinea_mend1268,fire,sepik.fire.0163
MendePapuaNewGuinea_mend1268,fire,sepik.fire.0168
Namia_nami1256,fire,sepik.fire.0165
Niksek_niks1238,fire,sepik.fire.0154
Niksek_niks1238,fire,sepik.fire.0154
Pahi_pahi1246,fire,sepik.fire.0166
Piame_piam1243,fire,sepik.fire.0154
Pouye_pouy1238,fire,sepik.fire.0157
Saniyo-Hiyewe_sani1270,fire,sepik.fire.0154
SepikIwam_sepi1255,fire,sepik.fire.0160
Yessan-Mayo_yess1239,fire,sepik.fire.0167
Abau_abau1245,fish,sepik.fish.0169
Ak_akkk1240,fish,?
Alamblak_alam1246,fish,sepik.fish.0170
Auwon_awun1245,fish,sepik.fish.0171
Awtuw_awtu1239,fish,sepik.fish.0171
Bahinemo_bahi1254,fish,sepik.fish.0172
Bisis_bisi1244,fish,sepik.fish.0173
Chenapian_chen1259,fish,sepik.fish.0174
Iwam_iwam1256,fish,sepik.fish.0176
Kalou_kalo1262,fish,sepik.fish.0171
Kapriman_kapr1245,fish,sepik.fish.0177
Karawa_kara1495,fish,sepik.fish.0178
Kwanga_kwan1278,fish,sepik.fish.0179
Kwoma_kwom1262,fish,sepik.fish.0180
Mehek_mehe1243,fish,sepik.fish.0181
MendePapuaNewGuinea_mend1268,fish,sepik.fish.0179
Namia_nami1256,fish,sepik.fish.0182
Niksek_niks1238,fish,sepik.fish.0175
Niksek_niks1238,fish,sepik.fish.0175
Pahi_pahi1246,fish,sepik.fish.0183
Piame_piam1243,fish,sepik.fish.0175
Pouye_pouy1238,fish,sepik.fish.0171
Saniyo-Hiyewe_sani1270,fish,sepik.fish.0184
SepikIwam_sepi1255,fish,sepik.fish.0176
Yessan-Mayo_yess1239,fish,sepik.fish.0180
Abau_abau1245,full,?
Ak_akkk1240,full,?
Alamblak_alam1246,full,sepik.full.0185
Auwon_awun1245,full,?
Awtuw_awtu1239,full,sepik.full.0186
Bahinemo_bahi1254,full,sepik.full.0187
Bisis_bisi1244,full,?
Chenapian_chen1259,full,?
Iwam_iwam1256,full,sepik.full.0189
Kalou_kalo1262,full,?
Kapriman_kapr1245,full,?
Karawa_kara1495,full,sepik.full.0190
Kwanga_kwan1278,full,?
Kwoma_kwom1262,full,sepik.full.0191
Mehek_mehe1243,full,sepik.full.0192
MendePapuaNewGuinea_mend1268,full,sepik.full.0193
MendePapuaNewGuinea_mend1268,full,sepik.full.0197
Namia_nami1256,full,sepik.full.0194
Niksek_niks1238,full,sepik.full.0188
Niksek_niks1238,full,sepik.full.0195
Pahi_pahi1246,full,?
Piame_piam1243,full,?
Pouye_pouy1238,full,sepik.full.0196
Saniyo-Hiyewe_sani1270,full,?
SepikIwam_sepi1255,full,?
Yessan-Mayo_yess1239,full,?
Abau_abau1245,hand,sepik.hand.0198
Ak_akkk1240,hand,sepik.hand.0199
Alamblak_alam1246,hand,sepik.hand.0200
Auwon_awun1245,hand,sepik.hand.0202
Awtuw_awtu1239,hand,sepik.hand.0201
Bahinemo_bahi1254,hand,sepik.hand.0203
Bisis_bisi1244,hand,sepik.hand.0204
Chenapian_chen1259,hand,?
Iwam_iwam1256,hand,sepik.hand.0206
Kalou_kalo1262,hand,sepik.hand.0207
Kapriman_kapr1245,hand,?
Karawa_kara1495,hand,sepik.hand.0201
Kwanga_kwan1278,hand,sepik.hand.0199
Kwoma_kwom1262,hand,sepik.hand.0199
Mehek_mehe1243,hand,sepik.hand.0208
MendePapuaNewGuinea_mend1268,hand,sepik.hand.0199
Namia_nami1256,hand,sepik.hand.0207
Niksek_niks1238,hand,sepik.hand.0205
Niksek_niks1238,hand,sepik.hand.0205
Pahi_pahi1246,hand,sepik.hand.0209
Pahi_pahi1246,hand,sepik.hand.0213
Piame_piam1243,hand,sepik.hand.0210
Pouye_pouy1238,hand,sepik.hand.0201
Saniyo-Hiyewe_sani1270,hand,sepik.hand.0211
SepikIwam_sepi1255,hand,sepik.hand.0206
Yessan-Mayo_yess1239,hand,sepik.hand.0212
Abau_abau1245,hear,sepik.hear.0214
Ak_akkk1240,hear,sepik.hear.0215
Alamblak_alam1246,hear,sepik.hear.0216
Auwon_awun1245,hear,sepik.hear.0217
Awtuw_awtu1239,hear,sepik.hear.0217
Bahinemo_bahi1254,hear,sepik.hear.0218
Bisis_bisi1244,hear,?
Chenapian_chen1259,hear,sepik.hear.0219
Iwam_iwam1256,hear,sepik.hear.0221
Kalou_kalo1262,hear,sepik.hear.0222
Kapriman_kapr1245,hear,?
Karawa_kara1495,hear,sepik.hear.0217
Kwanga_kwan1278,hear,sepik.hear.0223
Kwanga_kwan1278,hear,sepik.hear.0223
Kwoma_kwom1262,hear,sepik.hear.0223
Mehek_mehe1243,hear,sepik.hear.0223
MendePapuaNewGuinea_mend1268,hear,sepik.hear.0223
MendePapuaNewGuinea_mend1268,hear,sepik.hear.0224
Namia_nami1256,hear,sepik.hear.0215
Niksek_niks1238,hear,sepik.hear.0220
Niksek_niks1238,hear,sepik.hear.0225
Pahi_pahi1246,hear,?
Piame_piam1243,hear,?
Pouye_pouy1238,hear,sepik.hear.0217
Saniyo-Hiyewe_sani1270,hear,sepik.hear.0217
SepikIwam_sepi1255,hear,sepik.hear.0221
Yessan-Mayo_yess1239,hear,sepik.hear.0223
Abau_abau1245,horn,?
Ak_akkk1240,horn,?
Alamblak_alam1246,horn,?
Auwon_awun1245,horn,?
Awtuw_awtu1239,horn,?
Bahinemo_bahi1254,horn,sepik.horn.0226
Bisis_bisi1244,horn,?
Chenapian_chen1259,horn,?
Iwam_iwam1256,horn,?
Kalou_kalo1262,horn,?
Kapriman_kapr1245,horn,?
Karawa_kara1495,horn,?
Kwanga_kwan1278,horn,?
Kwoma_kwom1262,horn,?
Mehek_mehe1243,horn,?
MendePapuaNewGuinea_mend1268,horn,sepik.horn.0227
Namia_nami1256,horn,?
Niksek_niks1238,horn,?
Pahi_pahi1246,horn,?
Piame_piam1243,horn,sepik.horn.0228
Pouye_pouy1238,horn,sepik.horn.0229
Saniyo-Hiyewe_sani1270,horn,?
SepikIwam_sepi1255,horn,?
Yessan-Mayo_yess1239,horn,?
Abau_abau1245,knee,?
Ak_akkk1240,knee,sepik.knee.0230
Alamblak_alam1246,knee,sepik.knee.0231
Auwon_awun1245,knee,sepik.knee.0233
Awtuw_awtu1239,knee,sepik.knee.0232
Bahinemo_bahi1254,knee,sepik.knee.0234
Bisis_bisi1244,knee,sepik.knee.0231
Chenapian_chen1259,knee,sepik.knee.0235
Iwam_iwam1256,knee,sepik.knee.0237
Kalou_kalo1262,knee,sepik.knee.0238
Kapriman_kapr1245,knee,sepik.knee.0239
Karawa_kara1495,knee,sepik.knee.0239
Kwanga_kwan1278,knee,?
Kwoma_kwom1262,knee,sepik.knee.0240
Mehek_mehe1243,knee,sepik.knee.0241
MendePapuaNewGuinea_mend1268,knee,sepik.knee.0242
Namia_nami1256,knee,sepik.knee.0237
Niksek_niks1238,knee,sepik.knee.0236
Niksek_niks1238,knee,sepik.knee.0236
Pahi_pahi1246,knee,sepik.knee.0243
Pahi_pahi1246,knee,sepik.knee.0248
Piame_piam1243,knee,sepik.knee.0244
Pouye_pouy1238,knee,sepik.knee.0245
Saniyo-Hiyewe_sani1270,knee,sepik.knee.0246
SepikIwam_sepi1255,knee,sepik.knee.0247
Yessan-Mayo_yess1239,knee,?
Abau_abau1245,leaf,sepik.leaf.0249
Ak_akkk1240,leaf,sepik.leaf.0250
Alamblak_alam1246,leaf,sepik.leaf.0251
Auwon_awun1245,leaf,sepik.leaf.0253
Awtuw_awtu1239,leaf,sepik.leaf.0252
Bahinemo_bahi1254,leaf,sepik.leaf.0249
Bisis_bisi1244,leaf,sepik.leaf.0254
Chenapian_chen1259,leaf,sepik.leaf.0255
Iwam_iwam1256,leaf,sepik.leaf.0257
Kalou_kalo1262,leaf,sepik.leaf.0258
Kapriman_kapr1245,leaf,sepik.leaf.0249
Karawa_kara1495,leaf,sepik.leaf.0259
Kwanga_kwan1278,leaf,?
Kwoma_kwom1262,leaf,sepik.leaf.0260
Kwoma_kwom1262,leaf,sepik.leaf.0260
Mehek_mehe1243,leaf,sepik.leaf.0261
Mehek_mehe1243,leaf,sepik.leaf.0264
MendePapuaNewGuinea_mend1268,leaf,sepik.leaf.0260
Namia_nami1256,leaf,sepik.leaf.0249
Niksek_niks1238,leaf,sepik.leaf.0256
Niksek_niks1238,leaf,sepik.leaf.0256
Pahi_pahi1246,leaf,sepik.leaf.0262
Piame_piam1243,leaf,sepik.leaf.0263
Pouye_pouy1238,leaf,sepik.leaf.0259
Saniyo-Hiyewe_sani1270,leaf,sepik.leaf.0249
Saniyo-Hiyewe_sani1270,leaf,sepik.leaf.0249
SepikIwam_sepi1255,leaf,sepik.leaf.0263
Yessan-Mayo_yess1239,leaf,sepik.leaf.0260
Abau_abau1245,liver,?
Ak_akkk1240,liver,sepik.liver.0265
Alamblak_alam1246,liver,sepik.liver.0266
Auwon_awun1245,liver,sepik.liver.0268
Awtuw_awtu1239,liver,sepik.liver.0267
Bahinemo_bahi1254,liver,sepik.liver.0266
Bisis_bisi1244,liver,sepik.liver.0269
Chenapian_chen1259,liver,sepik.liver.0270
Iwam_iwam1256,liver,sepik.liver.0271
Kalou_kalo1262,liver,sepik.liver.0266
Kapriman_kapr1245,liver,sepik.liver.0266
Karawa_kara1495,liver,sepik.liver.0272
Kwanga_kwan1278,liver,?
Kwoma_kwom1262,liver,sepik.liver.0266
Mehek_mehe1243,liver,?
MendePapuaNewGuinea_mend1268,liver,sepik.liver.0266
Namia_nami1256,liver,sepik.liver.0273
Niksek_niks1238,liver,sepik.liver.0266
Niksek_niks1238,liver,sepik.liver.0266
Pahi_pahi1246,liver,sepik.liver.0274
Piame_piam1243,liver,sepik.liver.0275
Pouye_pouy1238,liver,sepik.liver.0276
Saniyo-Hiyewe_sani1270,liver,sepik.liver.0266
SepikIwam_sepi1255,liver,sepik.liver.0271
SepikIwam_sepi1255,liver,sepik.liver.0278
Yessan-Mayo_yess1239,liver,sepik.liver.0277
Abau_abau1245,louse,?
Ak_akkk1240,louse,sepik.louse.0279
Alamblak_alam1246,louse,sepik.louse.0280
Auwon_awun1245,louse,sepik.louse.0281
Awtuw_awtu1239,louse,sepik.louse.0279
Bahinemo_bahi1254,louse,sepik.louse.0280
Bisis_bisi1244,louse,sepik.louse.0282
Chenapian_chen1259,louse,sepik.louse.0283
Iwam_iwam1256,louse,sepik.louse.0279
Kalou_kalo1262,louse,sepik.louse.0284
Kapriman_kapr1245,louse,sepik.louse.0280
Karawa_kara1495,louse,sepik.louse.0285
Kwanga_kwan1278,louse,?
Kwoma_kwom1262,louse,sepik.louse.0286
Mehek_mehe1243,louse,sepik.louse.0279
MendePapuaNewGuinea_mend1268,louse,sepik.louse.0286
Namia_nami1256,louse,sepik.louse.0287
Niksek_niks1238,louse,sepik.louse.0280
Niksek_niks1238,louse,sepik.louse.0280
Pahi_pahi1246,louse,sepik.louse.0279
Piame_piam1243,louse,sepik.louse.0288
Pouye_pouy1238,louse,sepik.louse.0289
Saniyo-Hiyewe_sani1270,louse,sepik.louse.0280
SepikIwam_sepi1255,louse,sepik.louse.0279
Yessan-Mayo_yess1239,louse,sepik.louse.0290
Abau_abau1245,mountain,sepik.mountain.0291
Ak_akkk1240,mountain,sepik.mountain.0292
Alamblak_alam1246,mountain,sepik.mountain.0293
Auwon_awun1245,mountain,sepik.mountain.0294
Awtuw_awtu1239,mountain,sepik.mountain.0294
Bahinemo_bahi1254,mountain,sepik.mountain.0295
Bisis_bisi1244,mountain,sepik.mountain.0296
Chenapian_chen1259,mountain,sepik.mountain.0297
Iwam_iwam1256,mountain,sepik.mountain.0299
Kalou_kalo1262,mountain,sepik.mountain.0300
Kapriman_kapr1245,mountain,sepik.mountain.0301
Karawa_kara1495,mountain,sepik.mountain.0302
Kwanga_kwan1278,mountain,sepik.mountain.0303
Kwanga_kwan1278,mountain,sepik.mountain.0303
Kwoma_kwom1262,mountain,sepik.mountain.0304
Mehek_mehe1243,mountain,sepik.mountain.0305
MendePapuaNewGuinea_mend1268,mountain,sepik.mountain.0294
MendePapuaNewGuinea_mend1268,mountain,sepik.mountain.0294
Namia_nami1256,mountain,sepik.mountain.0299
Niksek_niks1238,mountain,sepik.mountain.0298
Niksek_niks1238,mountain,sepik.mountain.0307
Niksek_niks1238,mountain,sepik.mountain.0309
Pahi_pahi1246,mountain,sepik.mountain.0306
Piame_piam1243,mountain,sepik.mountain.0298
Pouye_pouy1238,mountain,sepik.mountain.0308
Saniyo-Hiyewe_sani1270,mountain,sepik.mountain.0299
SepikIwam_sepi1255,mountain,sepik.mountain.0299
Yessan-Mayo_yess1239,mountain,sepik.mountain.0303
Abau_abau1245,name,sepik.name.0310
Ak_akkk1240,name,?
Alamblak_alam1246,name,sepik.name.0311
Auwon_awun1245,name,?
Awtuw_awtu1239,name,sepik.name.0312
Bahinemo_bahi1254,name,sepik.name.0313
Bisis_bisi1244,name,?
Chenapian_chen1259,name,?
Iwam_iwam1256,name,sepik.name.0314
Kalou_kalo1262,name,?
Kapriman_kapr1245,name,sepik.name.0315
Karawa_kara1495,name,?
Kwanga_kwan1278,name,sepik.name.0316
Kwoma_kwom1262,name,sepik.name.0317
Mehek_mehe1243,name,sepik.name.0318
MendePapuaNewGuinea_mend1268,name,sepik.name.0317
Namia_nami1256,name,sepik.name.0319
Niksek_niks1238,name,sepik.name.0313
Niksek_niks1238,name,sepik.name.0313
Pahi_pahi1246,name,?
Piame_piam1243,name,sepik.name.0320
Pouye_pouy1238,name,?
Saniyo-Hiyewe_sani1270,name,sepik.name.0321
SepikIwam_sepi1255,name,sepik.name.0322
Yessan-Mayo_yess1239,name,sepik.name.0323
Abau_abau1245,new,sepik.new.0324
Ak_akkk1240,new,sepik.new.0325
Alamblak_alam1246,new,sepik.new.0326
Auwon_awun1245,new,sepik.new.0328
Awtuw_awtu1239,new,sepik.new.0327
Bahinemo_bahi1254,new,sepik.new.0329
Bisis_bisi1244,new,?
Chenapian_chen1259,new,?
Iwam_iwam1256,new,sepik.new.0331
Kalou_kalo1262,new,sepik.new.0332
Kapriman_kapr1245,new,?
Karawa_kara1495,new,sepik.new.0333
Kwanga_kwan1278,new,sepik.new.0334
Kwanga_kwan1278,new,sepik.new.0340
Kwanga_kwan1278,new,sepik.new.0342
Kwoma_kwom1262,new,sepik.new.0335
Kwoma_kwom1262,new,sepik.new.0341
Mehek_mehe1243,new,sepik.new.0336
MendePapuaNewGuinea_mend1268,new,sepik.new.0335
MendePapuaNewGuinea_mend1268,new,sepik.new.0341
Namia_nami1256,new,sepik.new.0325
Niksek_niks1238,new,sepik.new.0330
Niksek_niks1238,new,sepik.new.0337
Pahi_pahi1246,new,?
Piame_piam1243,new,sepik.new.0330
Pouye_pouy1238,new,sepik.new.0338
Saniyo-Hiyewe_sani1270,new,sepik.new.0339
SepikIwam_sepi1255,new,sepik.new.0331
Yessan-Mayo_yess1239,new,sepik.new.0335
Abau_abau1245,night,sepik.night.0343
Abau_abau1245,night,sepik.night.0348
Ak_akkk1240,night,sepik.night.0344
Alamblak_alam1246,night,sepik.night.0345
Auwon_awun1245,night,sepik.night.0347
Awtuw_awtu1239,night,sepik.night.0346
Bahinemo_bahi1254,night,sepik.night.0348
Bisis_bisi1244,night,sepik.night.0349
Chenapian_chen1259,night,sepik.night.0348
Chenapian_chen1259,night,sepik.night.0348
Iwam_iwam1256,night,sepik.night.0348
Kalou_kalo1262,night,sepik.night.0351
Kapriman_kapr1245,night,sepik.night.0348
Karawa_kara1495,night,sepik.night.0352
Kwanga_kwan1278,night,sepik.night.0348
Kwanga_kwan1278,night,sepik.night.0348
Kwoma_kwom1262,night,sepik.night.0348
Mehek_mehe1243,night,sepik.night.0348
MendePapuaNewGuinea_mend1268,night,sepik.night.0348
Namia_nami1256,night,sepik.night.0353
Niksek_niks1238,night,sepik.night.0350
Niksek_niks1238,night,sepik.night.0355
Pahi_pahi1246,night,sepik.night.0354
Piame_piam1243,night,sepik.night.0348
Pouye_pouy1238,night,sepik.night.0356
Saniyo-Hiyewe_sani1270,night,sepik.night.0357
SepikIwam_sepi1255,night,sepik.night.0348
Yessan-Mayo_yess1239,night,sepik.night.0348
Abau_abau1245,nose,sepik.nose.0358
Ak_akkk1240,nose,sepik.nose.0359
Alamblak_alam1246,nose,sepik.nose.0360
Auwon_awun1245,nose,sepik.nose.0361
Awtuw_awtu1239,nose,sepik.nose.0361
Bahinemo_bahi1254,nose,sepik.nose.0362
Bisis_bisi1244,nose,sepik.nose.0363
Chenapian_chen1259,nose,sepik.nose.0364
Iwam_iwam1256,nose,sepik.nose.0365
Kalou_kalo1262,nose,sepik.nose.0361
Kapriman_kapr1245,nose,sepik.nose.0366
Karawa_kara1495,nose,sepik.nose.0361
Kwanga_kwan1278,nose,sepik.nose.0367
Kwoma_kwom1262,nose,sepik.nose.0368
Mehek_mehe1243,nose,sepik.nose.0362
MendePapuaNewGuinea_mend1268,nose,sepik.nose.0367
Namia_nami1256,nose,sepik.nose.0359
Niksek_niks1238,nose,?
Pahi_pahi1246,nose,sepik.nose.0362
Pahi_pahi1246,nose,sepik.nose.0362
Piame_piam1243,nose,sepik.nose.0369
Pouye_pouy1238,nose,sepik.nose.0361
Saniyo-Hiyewe_sani1270,nose,sepik.nose.0370
SepikIwam_sepi1255,nose,sepik.nose.0365
Yessan-Mayo_yess1239,nose,sepik.nose.0371
Abau_abau1245,one,sepik.one.0372
Abau_abau1245,one,sepik.one.0387
Ak_akkk1240,one,sepik.one.0373
Alamblak_alam1246,one,sepik.one.0374
Auwon_awun1245,one,sepik.one.0376
Awtuw_awtu1239,one,sepik.one.0375
Bahinemo_bahi1254,one,sepik.one.0375
Bisis_bisi1244,one,sepik.one.0377
Chenapian_chen1259,one,sepik.one.0378
Iwam_iwam1256,one,sepik.one.0380
Kalou_kalo1262,one,sepik.one.0381
Kapriman_kapr1245,one,sepik.one.0377
Karawa_kara1495,one,sepik.one.0375
Kwanga_kwan1278,one,sepik.one.0375
Kwanga_kwan1278,one,sepik.one.0388
Kwoma_kwom1262,one,sepik.one.0375
Kwoma_kwom1262,one,sepik.one.0375
Kwoma_kwom1262,one,sepik.one.0375
Kwoma_kwom1262,one,sepik.one.0375
Kwoma_kwom1262,one,sepik.one.0375
Mehek_mehe1243,one,sepik.one.0382
MendePapuaNewGuinea_mend1268,one,sepik.one.0375
MendePapuaNewGuinea_mend1268,one,sepik.one.0389
Namia_nami1256,one,sepik.one.0383
Niksek_niks1238,one,sepik.one.0379
Niksek_niks1238,one,sepik.one.0385
Pahi_pahi1246,one,sepik.one.0384
Piame_piam1243,one,sepik.one.0375
Pouye_pouy1238,one,sepik.one.0383
Saniyo-Hiyewe_sani1270,one,sepik.one.0375
Saniyo-Hiyewe_sani1270,one,sepik.one.0383
SepikIwam_sepi1255,one,sepik.one.0380
Yessan-Mayo_yess1239,one,sepik.one.0386
Abau_abau1245,path,sepik.path.0390
Ak_akkk1240,path,sepik.path.0391
Alamblak_alam1246,path,sepik.path.0392
Auwon_awun1245,path,sepik.path.0393
Awtuw_awtu1239,path,sepik.path.0393
Bahinemo_bahi1254,path,sepik.path.0394
Bisis_bisi1244,path,sepik.path.0395
Chenapian_chen1259,path,sepik.path.0396
Iwam_iwam1256,path,sepik.path.0398
Kalou_kalo1262,path,sepik.path.0399
Kapriman_kapr1245,path,sepik.path.0400
Karawa_kara1495,path,sepik.path.0401
Kwanga_kwan1278,path,sepik.path.0393
Kwanga_kwan1278,path,sepik.path.0393
Kwoma_kwom1262,path,sepik.path.0393
Mehek_mehe1243,path,sepik.path.0402
MendePapuaNewGuinea_mend1268,path,sepik.path.0393
Namia_nami1256,path,sepik.path.0393
Niksek_niks1238,path,sepik.path.0397
Niksek_niks1238,path,sepik.path.0404
Pahi_pahi1246,path,sepik.path.0403
Piame_piam1243,path,sepik.path.0405
Pouye_pouy1238,path,sepik.path.0393
Saniyo-Hiyewe_sani1270,path,sepik.path.0404
SepikIwam_sepi1255,path,sepik.path.0398
Yessan-Mayo_yess1239,path,sepik.path.0402
Abau_abau1245,person,sepik.person.0406
Ak_akkk1240,person,sepik.person.0407
Alamblak_alam1246,person,sepik.person.0408
Auwon_awun1245,person,sepik.person.0410
Awtuw_awtu1239,person,sepik.person.0409
Bahinemo_bahi1254,person,sepik.person.0411
Bisis_bisi1244,person,?
Chenapian_chen1259,person,sepik.person.0411
Iwam_iwam1256,person,sepik.person.0412
Kalou_kalo1262,person,sepik.person.0411
Kapriman_kapr1245,person,sepik.person.0413
Karawa_kara1495,person,sepik.person.0414
Kwanga_kwan1278,person,sepik.person.0411
Kwoma_kwom1262,person,sepik.person.0415
Mehek_mehe1243,person,sepik.person.0411
MendePapuaNewGuinea_mend1268,person,sepik.person.0415
Namia_nami1256,person,sepik.person.0407
Niksek_niks1238,person,?
Pahi_pahi1246,person,sepik.person.0411
Piame_piam1243,person,sepik.person.0416
Pouye_pouy1238,person,sepik.person.0417
Saniyo-Hiyewe_sani1270,person,sepik.person.0418
Saniyo-Hiyewe_sani1270,person,sepik.person.0420
SepikIwam_sepi1255,person,sepik.person.0412
Yessan-Mayo_yess1239,person,sepik.person.0419
Abau_abau1245,see,sepik.see.0421
Ak_akkk1240,see,sepik.see.0422
Alamblak_alam1246,see,sepik.see.0423
Auwon_awun1245,see,sepik.see.0425
Awtuw_awtu1239,see,sepik.see.0424
Bahinemo_bahi1254,see,sepik.see.0425
Bisis_bisi1244,see,sepik.see.0426
Chenapian_chen1259,see,sepik.see.0425
Iwam_iwam1256,see,sepik.see.0427
Kalou_kalo1262,see,sepik.see.0428
Kapriman_kapr1245,see,sepik.see.0429
Karawa_kara1495,see,sepik.see.0430
Kwanga_kwan1278,see,sepik.see.0431
Kwoma_kwom1262,see,sepik.see.0432
Mehek_mehe1243,see,sepik.see.0433
MendePapuaNewGuinea_mend1268,see,sepik.see.0434
Namia_nami1256,see,sepik.see.0435
Niksek_niks1238,see,sepik.see.0425
Niksek_niks1238,see,sepik.see.0436
Pahi_pahi1246,see,?
Piame_piam1243,see,sepik.see.0437
Pouye_pouy1238,see,sepik.see.0438
Saniyo-Hiyewe_sani1270,see,sepik.see.0439
SepikIwam_sepi1255,see,sepik.see.0427
Yessan-Mayo_yess1239,see,sepik.see.0440
Abau_abau1245,skin,sepik.skin.0441
Ak_akkk1240,skin,sepik.skin.0442
Ak_akkk1240,skin,sepik.skin.0442
Alamblak_alam1246,skin,sepik.skin.0443
Auwon_awun1245,skin,sepik.skin.0442
Awtuw_awtu1239,skin,sepik.skin.0444
Bahinemo_bahi1254,skin,sepik.skin.0445
Bisis_bisi1244,skin,sepik.skin.0445
Chenapian_chen1259,skin,sepik.skin.0442
Iwam_iwam1256,skin,sepik.skin.0447
Kalou_kalo1262,skin,sepik.skin.0442
Kapriman_kapr1245,skin,sepik.skin.0443
Karawa_kara1495,skin,sepik.skin.0448
Kwanga_kwan1278,skin,sepik.skin.0445
Kwoma_kwom1262,skin,sepik.skin.0449
Mehek_mehe1243,skin,sepik.skin.0450
MendePapuaNewGuinea_mend1268,skin,sepik.skin.0451
MendePapuaNewGuinea_mend1268,skin,sepik.skin.0455
Namia_nami1256,skin,sepik.skin.0452
Niksek_niks1238,skin,sepik.skin.0444
Niksek_niks1238,skin,sepik.skin.0446
Pahi_pahi1246,skin,sepik.skin.0442
Pahi_pahi1246,skin,sepik.skin.0442
Piame_piam1243,skin,sepik.skin.0453
Pouye_pouy1238,skin,sepik.skin.0444
Saniyo-Hiyewe_sani1270,skin,sepik.skin.0445
SepikIwam_sepi1255,skin,sepik.skin.0447
Yessan-Mayo_yess1239,skin,sepik.skin.0454
Abau_abau1245,star,?
Ak_akkk1240,star,sepik.star.0456
Alamblak_alam1246,star,sepik.star.0457
Auwon_awun1245,star,sepik.star.0459
Awtuw_awtu1239,star,sepik.star.0458
Awtuw_awtu1239,star,sepik.star.0474
Bahinemo_bahi1254,star,sepik.star.0460
Bisis_bisi1244,star,sepik.star.0461
Chenapian_chen1259,star,sepik.star.0462
Iwam_iwam1256,star,sepik.star.0464
Kalou_kalo1262,star,sepik.star.0465
Kapriman_kapr1245,star,sepik.star.0466
Karawa_kara1495,star,sepik.star.0463
Karawa_kara1495,star,sepik.star.0463
Kwanga_kwan1278,star,sepik.star.0467
Kwanga_kwan1278,star,sepik.star.0467
Kwanga_kwan1278,star,sepik.star.0475
Kwoma_kwom1262,star,sepik.star.0468
Mehek_mehe1243,star,sepik.star.0463
MendePapuaNewGuinea_mend1268,star,sepik.star.0469
Namia_nami1256,star,sepik.star.0463
Niksek_niks1238,star,sepik.star.0463
Niksek_niks1238,star,sepik.star.0470
Pahi_pahi1246,star,sepik.star.0463
Pahi_pahi1246,star,sepik.star.0463
Piame_piam1243,star,sepik.star.0463
Pouye_pouy1238,star,sepik.star.0471
Saniyo-Hiyewe_sani1270,star,sepik.star.0472
SepikIwam_sepi1255,star,sepik.star.0464
Yessan-Mayo_yess1239,star,sepik.star.0473
Abau_abau1245,stone,sepik.stone.0476
Ak_akkk1240,stone,sepik.stone.0477
Alamblak_alam1246,stone,sepik.stone.0478
Auwon_awun1245,stone,sepik.stone.0480
Awtuw_awtu1239,stone,sepik.stone.0479
Bahinemo_bahi1254,stone,sepik.stone.0481
Bisis_bisi1244,stone,sepik.stone.0482
Chenapian_chen1259,stone,sepik.stone.0483
Iwam_iwam1256,stone,sepik.stone.0485
Kalou_kalo1262,stone,sepik.stone.0486
Kapriman_kapr1245,stone,sepik.stone.0482
Karawa_kara1495,stone,sepik.stone.0486
Kwanga_kwan1278,stone,sepik.stone.0487
Kwoma_kwom1262,stone,sepik.stone.0488
Mehek_mehe1243,stone,sepik.stone.0489
MendePapuaNewGuinea_mend1268,stone,sepik.stone.0490
Namia_nami1256,stone,sepik.stone.0486
Niksek_niks1238,stone,sepik.stone.0484
Niksek_niks1238,stone,sepik.stone.0484
Niksek_niks1238,stone,sepik.stone.0494
Pahi_pahi1246,stone,sepik.stone.0486
Pahi_pahi1246,stone,sepik.stone.0486
Piame_piam1243,stone,sepik.stone.0491
Pouye_pouy1238,stone,sepik.stone.0492
Saniyo-Hiyewe_sani1270,stone,sepik.stone.0477
SepikIwam_sepi1255,stone,sepik.stone.0485
Yessan-Mayo_yess1239,stone,sepik.stone.0493
Abau_abau1245,sun,sepik.sun.0495
Ak_akkk1240,sun,sepik.sun.0496
Alamblak_alam1246,sun,sepik.sun.0496
Auwon_awun1245,sun,sepik.sun.0496
Awtuw_awtu1239,sun,sepik.sun.0497
Bahinemo_bahi1254,sun,sepik.sun.0498
Bisis_bisi1244,sun,sepik.sun.0499
Chenapian_chen1259,sun,sepik.sun.0500
Chenapian_chen1259,sun,sepik.sun.0514
Iwam_iwam1256,sun,sepik.sun.0502
Kalou_kalo1262,sun,sepik.sun.0503
Kapriman_kapr1245,sun,sepik.sun.0504
Karawa_kara1495,sun,sepik.sun.0497
Kwanga_kwan1278,sun,sepik.sun.0505
Kwoma_kwom1262,sun,sepik.sun.0506
Mehek_mehe1243,sun,sepik.sun.0507
MendePapuaNewGuinea_mend1268,sun,sepik.sun.0508
Namia_nami1256,sun,sepik.sun.0509
Niksek_niks1238,sun,sepik.sun.0501
Niksek_niks1238,sun,sepik.sun.0510
Pahi_pahi1246,sun,sepik.sun.0507
Pahi_pahi1246,sun,sepik.sun.0515
Piame_piam1243,sun,sepik.sun.0498
Pouye_pouy1238,sun,sepik.sun.0497
Saniyo-Hiyewe_sani1270,sun,sepik.sun.0511
SepikIwam_sepi1255,sun,sepik.sun.0512
Yessan-Mayo_yess1239,sun,sepik.sun.0513
Abau_abau1245,tongue,sepik.tongue.0516
Ak_akkk1240,tongue,sepik.tongue.0517
Alamblak_alam1246,tongue,sepik.tongue.0518
Auwon_awun1245,tongue,sepik.tongue.0519
Awtuw_awtu1239,tongue,sepik.tongue.0517
Bahinemo_bahi1254,tongue,sepik.tongue.0520
Bisis_bisi1244,tongue,sepik.tongue.0521
Chenapian_chen1259,tongue,sepik.tongue.0521
Iwam_iwam1256,tongue,sepik.tongue.0522
Kalou_kalo1262,tongue,sepik.tongue.0523
Kapriman_kapr1245,tongue,sepik.tongue.0524
Karawa_kara1495,tongue,sepik.tongue.0521
Kwanga_kwan1278,tongue,sepik.tongue.0521
Kwoma_kwom1262,tongue,sepik.tongue.0521
Mehek_mehe1243,tongue,sepik.tongue.0521
MendePapuaNewGuinea_mend1268,tongue,sepik.tongue.0525
Namia_nami1256,tongue,sepik.tongue.0517
Niksek_niks1238,tongue,sepik.tongue.0521
Niksek_niks1238,tongue,sepik.tongue.0521
Pahi_pahi1246,tongue,sepik.tongue.0521
Pahi_pahi1246,tongue,sepik.tongue.0521
Piame_piam1243,tongue,sepik.tongue.0521
Pouye_pouy1238,tongue,sepik.tongue.0517
Saniyo-Hiyewe_sani1270,tongue,sepik.tongue.0521
SepikIwam_sepi1255,tongue,sepik.tongue.0526
Yessan-Mayo_yess1239,tongue,sepik.tongue.0527
Abau_abau1245,tooth,sepik.tooth.0528
Ak_akkk1240,tooth,sepik.tooth.0529
Alamblak_alam1246,tooth,sepik.tooth.0530
Auwon_awun1245,tooth,sepik.tooth.0532
Awtuw_awtu1239,tooth,sepik.tooth.0531
Bahinemo_bahi1254,tooth,sepik.tooth.0532
Bisis_bisi1244,tooth,sepik.tooth.0533
Chenapian_chen1259,tooth,sepik.tooth.0534
Iwam_iwam1256,tooth,sepik.tooth.0532
Kalou_kalo1262,tooth,sepik.tooth.0535
Kapriman_kapr1245,tooth,sepik.tooth.0532
Karawa_kara1495,tooth,sepik.tooth.0531
Kwanga_kwan1278,tooth,sepik.tooth.0532
Kwoma_kwom1262,tooth,sepik.tooth.0532
Mehek_mehe1243,tooth,sepik.tooth.0532
MendePapuaNewGuinea_mend1268,tooth,sepik.tooth.0532
Namia_nami1256,tooth,sepik.tooth.0529
Niksek_niks1238,tooth,sepik.tooth.0533
Niksek_niks1238,tooth,sepik.tooth.0533
Pahi_pahi1246,tooth,sepik.tooth.0536
Piame_piam1243,tooth,sepik.tooth.0537
Pouye_pouy1238,tooth,sepik.tooth.0531
Pouye_pouy1238,tooth,sepik.tooth.0533
Saniyo-Hiyewe_sani1270,tooth,sepik.tooth.0532
Saniyo-Hiyewe_sani1270,tooth,sepik.tooth.0540
SepikIwam_sepi1255,tooth,sepik.tooth.0538
Yessan-Mayo_yess1239,tooth,sepik.tooth.0539
Abau_abau1245,tree,sepik.tree.0541
Ak_akkk1240,tree,sepik.tree.0542
Alamblak_alam1246,tree,sepik.tree.0542
Auwon_awun1245,tree,sepik.tree.0541
Awtuw_awtu1239,tree,sepik.tree.0541
Bahinemo_bahi1254,tree,sepik.tree.0542
Bisis_bisi1244,tree,sepik.tree.0542
Chenapian_chen1259,tree,sepik.tree.0543
Iwam_iwam1256,tree,sepik.tree.0544
Kalou_kalo1262,tree,sepik.tree.0545
Kapriman_kapr1245,tree,sepik.tree.0542
Karawa_kara1495,tree,sepik.tree.0541
Kwanga_kwan1278,tree,sepik.tree.0542
Kwoma_kwom1262,tree,sepik.tree.0542
Mehek_mehe1243,tree,sepik.tree.0542
MendePapuaNewGuinea_mend1268,tree,sepik.tree.0542
Namia_nami1256,tree,sepik.tree.0542
Niksek_niks1238,tree,sepik.tree.0542
Niksek_niks1238,tree,sepik.tree.0542
Pahi_pahi1246,tree,sepik.tree.0542
Pahi_pahi1246,tree,sepik.tree.0542
Piame_piam1243,tree,sepik.tree.0542
Pouye_pouy1238,tree,sepik.tree.0541
Saniyo-Hiyewe_sani1270,tree,sepik.tree.0542
SepikIwam_sepi1255,tree,sepik.tree.0544
Yessan-Mayo_yess1239,tree,sepik.tree.0542
Abau_abau1245,two,sepik.two.0546
Abau_abau1245,two,sepik.two.0546
Ak_akkk1240,two,sepik.two.0546
Alamblak_alam1246,two,sepik.two.0547
Alamblak_alam1246,two,sepik.two.0547
Auwon_awun1245,two,sepik.two.0549
Awtuw_awtu1239,two,sepik.two.0548
Bahinemo_bahi1254,two,sepik.two.0546
Bisis_bisi1244,two,sepik.two.0550
Chenapian_chen1259,two,sepik.two.0551
Iwam_iwam1256,two,sepik.two.0550
Iwam_iwam1256,two,sepik.two.0553
Kalou_kalo1262,two,sepik.two.0554
Kapriman_kapr1245,two,sepik.two.0546
Karawa_kara1495,two,sepik.two.0555
Kwanga_kwan1278,two,sepik.two.0546
Kwoma_kwom1262,two,sepik.two.0546
Mehek_mehe1243,two,sepik.two.0546
Mehek_mehe1243,two,sepik.two.0546
MendePapuaNewGuinea_mend1268,two,sepik.two.0550
MendePapuaNewGuinea_mend1268,two,sepik.two.0550
Namia_nami1256,two,sepik.two.0556
Niksek_niks1238,two,sepik.two.0546
Niksek_niks1238,two,sepik.two.0552
Pahi_pahi1246,two,sepik.two.0557
Piame_piam1243,two,sepik.two.0552
Pouye_pouy1238,two,sepik.two.0548
Saniyo-Hiyewe_sani1270,two,sepik.two.0546
SepikIwam_sepi1255,two,sepik.two.0553
Yessan-Mayo_yess1239,two,sepik.two.0546
Abau_abau1245,water,sepik.water.0558
Ak_akkk1240,water,sepik.water.0559
Alamblak_alam1246,water,sepik.water.0560
Auwon_awun1245,water,sepik.water.0561
Awtuw_awtu1239,water,sepik.water.0561
Bahinemo_bahi1254,water,sepik.water.0562
Bisis_bisi1244,water,sepik.water.0562
Chenapian_chen1259,water,sepik.water.0563
Iwam_iwam1256,water,sepik.water.0565
Kalou_kalo1262,water,sepik.water.0566
Kapriman_kapr1245,water,sepik.water.0562
Karawa_kara1495,water,sepik.water.0561
Kwanga_kwan1278,water,sepik.water.0565
Kwoma_kwom1262,water,sepik.water.0560
Kwoma_kwom1262,water,sepik.water.0565
Mehek_mehe1243,water,sepik.water.0565
MendePapuaNewGuinea_mend1268,water,sepik.water.0560
MendePapuaNewGuinea_mend1268,water,sepik.water.0560
Namia_nami1256,water,sepik.water.0565
Niksek_niks1238,water,sepik.water.0564
Niksek_niks1238,water,sepik.water.0564
Pahi_pahi1246,water,sepik.water.0567
Piame_piam1243,water,sepik.water.0564
Pouye_pouy1238,water,sepik.water.0561
Saniyo-Hiyewe_sani1270,water,sepik.water.0564
SepikIwam_sepi1255,water,sepik.water.0568
Yessan-Mayo_yess1239,water,sepik.water.0560
