Language_ID,Feature_ID,Value
Anfillo_anfi1235,1pl,taneomotic.1pl.0001
Basketo_bask1236,1pl,taneomotic.1pl.0001
Bench_benc1235,1pl,taneomotic.1pl.0001
Bench_benc1235,1pl,taneomotic.1pl.0001
BoroEthiopia_boro1277,1pl,taneomotic.1pl.0001
Chara_char1269,1pl,taneomotic.1pl.0001
Dawro_dawr1236,1pl,taneomotic.1pl.0001
Dorze_dorz1235,1pl,taneomotic.1pl.0001
Gamo_gamo1243,1pl,taneomotic.1pl.0001
Gamo_gamo1243,1pl,taneomotic.1pl.0001
Gamo_gamo1243,1pl,taneomotic.1pl.0001
Gamo_gamo1243,1pl,taneomotic.1pl.0001
Gamo_gamo1243,1pl,taneomotic.1pl.0001
Gofa_gofa1235,1pl,taneomotic.1pl.0001
Kachama-Ganjule-Haro_kach1284,1pl,taneomotic.1pl.0001
Kachama-Ganjule-Haro_kach1284,1pl,taneomotic.1pl.0001
Kafa_kafa1242,1pl,taneomotic.1pl.0001
Koorete_koor1239,1pl,taneomotic.1pl.0001
Koorete_koor1239,1pl,taneomotic.1pl.0001
MaleEthiopia_male1284,1pl,taneomotic.1pl.0001
Melo_melo1242,1pl,?
Oyda_oyda1235,1pl,taneomotic.1pl.0001
Shekkacho_shek1244,1pl,taneomotic.1pl.0001
Wolaytta_wola1242,1pl,taneomotic.1pl.0001
Wolaytta_wola1242,1pl,taneomotic.1pl.0001
Yemsa_yems1235,1pl,taneomotic.1pl.0002
Zayse-Zergulla_zays1235,1pl,taneomotic.1pl.0001
Zayse-Zergulla_zays1235,1pl,taneomotic.1pl.0001
Zayse-Zergulla_zays1235,1pl,taneomotic.1pl.0001
Anfillo_anfi1235,1sg,taneomotic.1sg.0003
Basketo_bask1236,1sg,taneomotic.1sg.0003
Bench_benc1235,1sg,taneomotic.1sg.0003
Bench_benc1235,1sg,taneomotic.1sg.0003
BoroEthiopia_boro1277,1sg,taneomotic.1sg.0003
Chara_char1269,1sg,taneomotic.1sg.0003
Dawro_dawr1236,1sg,taneomotic.1sg.0003
Dorze_dorz1235,1sg,taneomotic.1sg.0003
Gamo_gamo1243,1sg,taneomotic.1sg.0003
Gamo_gamo1243,1sg,taneomotic.1sg.0003
Gamo_gamo1243,1sg,taneomotic.1sg.0003
Gamo_gamo1243,1sg,taneomotic.1sg.0003
Gamo_gamo1243,1sg,taneomotic.1sg.0003
Gamo_gamo1243,1sg,taneomotic.1sg.0003
Gofa_gofa1235,1sg,taneomotic.1sg.0003
Kachama-Ganjule-Haro_kach1284,1sg,taneomotic.1sg.0003
Kafa_kafa1242,1sg,taneomotic.1sg.0003
Koorete_koor1239,1sg,taneomotic.1sg.0003
Koorete_koor1239,1sg,taneomotic.1sg.0003
MaleEthiopia_male1284,1sg,taneomotic.1sg.0003
Melo_melo1242,1sg,taneomotic.1sg.0003
Oyda_oyda1235,1sg,taneomotic.1sg.0003
Shekkacho_shek1244,1sg,taneomotic.1sg.0003
Wolaytta_wola1242,1sg,taneomotic.1sg.0003
Wolaytta_wola1242,1sg,taneomotic.1sg.0003
Yemsa_yems1235,1sg,taneomotic.1sg.0003
Zayse-Zergulla_zays1235,1sg,taneomotic.1sg.0003
Zayse-Zergulla_zays1235,1sg,taneomotic.1sg.0003
Zayse-Zergulla_zays1235,1sg,taneomotic.1sg.0003
Anfillo_anfi1235,2sg,taneomotic.2sg.0004
Basketo_bask1236,2sg,taneomotic.2sg.0004
Bench_benc1235,2sg,taneomotic.2sg.0004
Bench_benc1235,2sg,taneomotic.2sg.0005
BoroEthiopia_boro1277,2sg,taneomotic.2sg.0004
Chara_char1269,2sg,taneomotic.2sg.0004
Dawro_dawr1236,2sg,taneomotic.2sg.0004
Dorze_dorz1235,2sg,taneomotic.2sg.0004
Gamo_gamo1243,2sg,taneomotic.2sg.0004
Gamo_gamo1243,2sg,taneomotic.2sg.0004
Gamo_gamo1243,2sg,taneomotic.2sg.0004
Gamo_gamo1243,2sg,taneomotic.2sg.0004
Gamo_gamo1243,2sg,taneomotic.2sg.0004
Gamo_gamo1243,2sg,taneomotic.2sg.0004
Gofa_gofa1235,2sg,taneomotic.2sg.0004
Kachama-Ganjule-Haro_kach1284,2sg,taneomotic.2sg.0004
Kafa_kafa1242,2sg,taneomotic.2sg.0004
Koorete_koor1239,2sg,taneomotic.2sg.0004
Koorete_koor1239,2sg,taneomotic.2sg.0004
Koorete_koor1239,2sg,taneomotic.2sg.0006
MaleEthiopia_male1284,2sg,taneomotic.2sg.0007
Melo_melo1242,2sg,taneomotic.2sg.0004
Oyda_oyda1235,2sg,taneomotic.2sg.0004
Shekkacho_shek1244,2sg,taneomotic.2sg.0004
Wolaytta_wola1242,2sg,taneomotic.2sg.0004
Wolaytta_wola1242,2sg,taneomotic.2sg.0004
Yemsa_yems1235,2sg,taneomotic.2sg.0004
Zayse-Zergulla_zays1235,2sg,taneomotic.2sg.0004
Zayse-Zergulla_zays1235,2sg,taneomotic.2sg.0004
Zayse-Zergulla_zays1235,2sg,taneomotic.2sg.0004
Anfillo_anfi1235,blood,taneomotic.blood.0009
Basketo_bask1236,blood,taneomotic.blood.0008
Bench_benc1235,blood,taneomotic.blood.0008
Bench_benc1235,blood,taneomotic.blood.0008
BoroEthiopia_boro1277,blood,taneomotic.blood.0011
Chara_char1269,blood,taneomotic.blood.0008
Dawro_dawr1236,blood,taneomotic.blood.0008
Dawro_dawr1236,blood,taneomotic.blood.0008
Dorze_dorz1235,blood,taneomotic.blood.0008
Gamo_gamo1243,blood,taneomotic.blood.0008
Gamo_gamo1243,blood,taneomotic.blood.0008
Gamo_gamo1243,blood,taneomotic.blood.0008
Gamo_gamo1243,blood,taneomotic.blood.0008
Gamo_gamo1243,blood,taneomotic.blood.0008
Gofa_gofa1235,blood,taneomotic.blood.0008
Gofa_gofa1235,blood,taneomotic.blood.0008
Kachama-Ganjule-Haro_kach1284,blood,taneomotic.blood.0008
Kafa_kafa1242,blood,taneomotic.blood.0010
Koorete_koor1239,blood,taneomotic.blood.0008
Koorete_koor1239,blood,taneomotic.blood.0008
Koorete_koor1239,blood,taneomotic.blood.0008
MaleEthiopia_male1284,blood,taneomotic.blood.0008
Melo_melo1242,blood,taneomotic.blood.0008
Oyda_oyda1235,blood,taneomotic.blood.0008
Shekkacho_shek1244,blood,taneomotic.blood.0010
Wolaytta_wola1242,blood,taneomotic.blood.0008
Wolaytta_wola1242,blood,taneomotic.blood.0008
Yemsa_yems1235,blood,taneomotic.blood.0009
Yemsa_yems1235,blood,taneomotic.blood.0009
Zayse-Zergulla_zays1235,blood,taneomotic.blood.0008
Zayse-Zergulla_zays1235,blood,taneomotic.blood.0008
Zayse-Zergulla_zays1235,blood,taneomotic.blood.0008
Anfillo_anfi1235,bone,taneomotic.bone.0013
Basketo_bask1236,bone,taneomotic.bone.0012
Bench_benc1235,bone,taneomotic.bone.0012
Bench_benc1235,bone,taneomotic.bone.0012
Bench_benc1235,bone,taneomotic.bone.0012
BoroEthiopia_boro1277,bone,taneomotic.bone.0012
Chara_char1269,bone,taneomotic.bone.0012
Dawro_dawr1236,bone,taneomotic.bone.0012
Dawro_dawr1236,bone,taneomotic.bone.0012
Dorze_dorz1235,bone,taneomotic.bone.0012
Gamo_gamo1243,bone,taneomotic.bone.0012
Gamo_gamo1243,bone,taneomotic.bone.0012
Gamo_gamo1243,bone,taneomotic.bone.0012
Gamo_gamo1243,bone,taneomotic.bone.0012
Gamo_gamo1243,bone,taneomotic.bone.0012
Gofa_gofa1235,bone,taneomotic.bone.0012
Gofa_gofa1235,bone,taneomotic.bone.0012
Kachama-Ganjule-Haro_kach1284,bone,taneomotic.bone.0012
Kafa_kafa1242,bone,taneomotic.bone.0013
Koorete_koor1239,bone,taneomotic.bone.0012
Koorete_koor1239,bone,taneomotic.bone.0012
Koorete_koor1239,bone,taneomotic.bone.0012
MaleEthiopia_male1284,bone,taneomotic.bone.0012
Melo_melo1242,bone,taneomotic.bone.0012
Oyda_oyda1235,bone,taneomotic.bone.0012
Shekkacho_shek1244,bone,taneomotic.bone.0013
Shekkacho_shek1244,bone,taneomotic.bone.0013
Wolaytta_wola1242,bone,taneomotic.bone.0012
Wolaytta_wola1242,bone,taneomotic.bone.0012
Yemsa_yems1235,bone,taneomotic.bone.0012
Zayse-Zergulla_zays1235,bone,taneomotic.bone.0012
Zayse-Zergulla_zays1235,bone,taneomotic.bone.0012
Zayse-Zergulla_zays1235,bone,taneomotic.bone.0012
Anfillo_anfi1235,breast,taneomotic.breast.0014
Basketo_bask1236,breast,taneomotic.breast.0014
Bench_benc1235,breast,taneomotic.breast.0014
Bench_benc1235,breast,taneomotic.breast.0014
BoroEthiopia_boro1277,breast,taneomotic.breast.0014
Chara_char1269,breast,taneomotic.breast.0014
Chara_char1269,breast,taneomotic.breast.0014
Dawro_dawr1236,breast,taneomotic.breast.0014
Dorze_dorz1235,breast,taneomotic.breast.0014
Gamo_gamo1243,breast,taneomotic.breast.0014
Gamo_gamo1243,breast,taneomotic.breast.0014
Gamo_gamo1243,breast,taneomotic.breast.0014
Gamo_gamo1243,breast,taneomotic.breast.0014
Gamo_gamo1243,breast,taneomotic.breast.0014
Gofa_gofa1235,breast,taneomotic.breast.0014
Gofa_gofa1235,breast,taneomotic.breast.0014
Kachama-Ganjule-Haro_kach1284,breast,taneomotic.breast.0015
Kafa_kafa1242,breast,taneomotic.breast.0014
Koorete_koor1239,breast,taneomotic.breast.0014
Koorete_koor1239,breast,taneomotic.breast.0014
Koorete_koor1239,breast,taneomotic.breast.0014
MaleEthiopia_male1284,breast,taneomotic.breast.0014
Melo_melo1242,breast,taneomotic.breast.0014
Oyda_oyda1235,breast,taneomotic.breast.0014
Shekkacho_shek1244,breast,taneomotic.breast.0014
Wolaytta_wola1242,breast,taneomotic.breast.0014
Wolaytta_wola1242,breast,taneomotic.breast.0014
Yemsa_yems1235,breast,taneomotic.breast.0014
Zayse-Zergulla_zays1235,breast,taneomotic.breast.0014
Zayse-Zergulla_zays1235,breast,taneomotic.breast.0014
Zayse-Zergulla_zays1235,breast,taneomotic.breast.0014
Anfillo_anfi1235,come,taneomotic.come.0018
Anfillo_anfi1235,come,taneomotic.come.0027
Basketo_bask1236,come,taneomotic.come.0016
Bench_benc1235,come,taneomotic.come.0017
Bench_benc1235,come,taneomotic.come.0030
BoroEthiopia_boro1277,come,taneomotic.come.0017
Chara_char1269,come,taneomotic.come.0018
Dawro_dawr1236,come,taneomotic.come.0023
Dorze_dorz1235,come,taneomotic.come.0019
Gamo_gamo1243,come,taneomotic.come.0016
Gamo_gamo1243,come,taneomotic.come.0019
Gamo_gamo1243,come,taneomotic.come.0020
Gamo_gamo1243,come,taneomotic.come.0021
Gamo_gamo1243,come,taneomotic.come.0029
Gofa_gofa1235,come,taneomotic.come.0023
Kachama-Ganjule-Haro_kach1284,come,taneomotic.come.0025
Kafa_kafa1242,come,taneomotic.come.0017
Koorete_koor1239,come,taneomotic.come.0016
Koorete_koor1239,come,taneomotic.come.0022
MaleEthiopia_male1284,come,taneomotic.come.0025
Melo_melo1242,come,taneomotic.come.0026
Oyda_oyda1235,come,taneomotic.come.0028
Shekkacho_shek1244,come,taneomotic.come.0018
Shekkacho_shek1244,come,taneomotic.come.0027
Wolaytta_wola1242,come,taneomotic.come.0019
Wolaytta_wola1242,come,taneomotic.come.0023
Yemsa_yems1235,come,taneomotic.come.0024
Zayse-Zergulla_zays1235,come,taneomotic.come.0016
Zayse-Zergulla_zays1235,come,taneomotic.come.0016
Zayse-Zergulla_zays1235,come,taneomotic.come.0016
Anfillo_anfi1235,die,taneomotic.die.0044
Basketo_bask1236,die,taneomotic.die.0031
Bench_benc1235,die,taneomotic.die.0031
Bench_benc1235,die,taneomotic.die.0032
BoroEthiopia_boro1277,die,taneomotic.die.0043
Chara_char1269,die,taneomotic.die.0033
Dawro_dawr1236,die,taneomotic.die.0040
Dorze_dorz1235,die,taneomotic.die.0034
Gamo_gamo1243,die,taneomotic.die.0031
Gamo_gamo1243,die,taneomotic.die.0031
Gamo_gamo1243,die,taneomotic.die.0034
Gamo_gamo1243,die,taneomotic.die.0035
Gamo_gamo1243,die,taneomotic.die.0041
Gofa_gofa1235,die,taneomotic.die.0035
Kachama-Ganjule-Haro_kach1284,die,taneomotic.die.0034
Kafa_kafa1242,die,taneomotic.die.0037
Koorete_koor1239,die,taneomotic.die.0033
Koorete_koor1239,die,taneomotic.die.0038
Koorete_koor1239,die,taneomotic.die.0039
MaleEthiopia_male1284,die,taneomotic.die.0034
Melo_melo1242,die,taneomotic.die.0042
Oyda_oyda1235,die,taneomotic.die.0034
Shekkacho_shek1244,die,taneomotic.die.0036
Wolaytta_wola1242,die,taneomotic.die.0045
Wolaytta_wola1242,die,taneomotic.die.0046
Yemsa_yems1235,die,taneomotic.die.0036
Zayse-Zergulla_zays1235,die,taneomotic.die.0041
Zayse-Zergulla_zays1235,die,taneomotic.die.0047
Zayse-Zergulla_zays1235,die,taneomotic.die.0047
Anfillo_anfi1235,dog,taneomotic.dog.0048
Basketo_bask1236,dog,taneomotic.dog.0048
Bench_benc1235,dog,taneomotic.dog.0048
Bench_benc1235,dog,taneomotic.dog.0048
Bench_benc1235,dog,taneomotic.dog.0048
BoroEthiopia_boro1277,dog,taneomotic.dog.0048
Chara_char1269,dog,taneomotic.dog.0048
Dawro_dawr1236,dog,taneomotic.dog.0048
Dorze_dorz1235,dog,taneomotic.dog.0048
Gamo_gamo1243,dog,taneomotic.dog.0048
Gamo_gamo1243,dog,taneomotic.dog.0048
Gamo_gamo1243,dog,taneomotic.dog.0048
Gamo_gamo1243,dog,taneomotic.dog.0048
Gamo_gamo1243,dog,taneomotic.dog.0048
Gofa_gofa1235,dog,taneomotic.dog.0048
Kachama-Ganjule-Haro_kach1284,dog,taneomotic.dog.0048
Kafa_kafa1242,dog,taneomotic.dog.0048
Koorete_koor1239,dog,taneomotic.dog.0048
Koorete_koor1239,dog,taneomotic.dog.0048
Koorete_koor1239,dog,taneomotic.dog.0048
MaleEthiopia_male1284,dog,taneomotic.dog.0048
Melo_melo1242,dog,taneomotic.dog.0048
Oyda_oyda1235,dog,taneomotic.dog.0048
Shekkacho_shek1244,dog,taneomotic.dog.0048
Wolaytta_wola1242,dog,taneomotic.dog.0048
Wolaytta_wola1242,dog,taneomotic.dog.0048
Yemsa_yems1235,dog,taneomotic.dog.0048
Zayse-Zergulla_zays1235,dog,taneomotic.dog.0048
Zayse-Zergulla_zays1235,dog,taneomotic.dog.0048
Zayse-Zergulla_zays1235,dog,taneomotic.dog.0048
Anfillo_anfi1235,drink,taneomotic.drink.0049
Basketo_bask1236,drink,taneomotic.drink.0049
Bench_benc1235,drink,taneomotic.drink.0049
Bench_benc1235,drink,taneomotic.drink.0049
BoroEthiopia_boro1277,drink,taneomotic.drink.0049
Chara_char1269,drink,taneomotic.drink.0050
Dawro_dawr1236,drink,taneomotic.drink.0054
Dorze_dorz1235,drink,taneomotic.drink.0052
Gamo_gamo1243,drink,taneomotic.drink.0051
Gamo_gamo1243,drink,taneomotic.drink.0052
Gamo_gamo1243,drink,taneomotic.drink.0052
Gamo_gamo1243,drink,taneomotic.drink.0053
Gamo_gamo1243,drink,taneomotic.drink.0054
Gamo_gamo1243,drink,taneomotic.drink.0054
Gofa_gofa1235,drink,taneomotic.drink.0053
Kachama-Ganjule-Haro_kach1284,drink,taneomotic.drink.0050
Kafa_kafa1242,drink,taneomotic.drink.0055
Koorete_koor1239,drink,taneomotic.drink.0049
Koorete_koor1239,drink,taneomotic.drink.0050
Koorete_koor1239,drink,taneomotic.drink.0054
MaleEthiopia_male1284,drink,taneomotic.drink.0049
Melo_melo1242,drink,taneomotic.drink.0049
Melo_melo1242,drink,taneomotic.drink.0050
Oyda_oyda1235,drink,taneomotic.drink.0049
Shekkacho_shek1244,drink,taneomotic.drink.0054
Wolaytta_wola1242,drink,taneomotic.drink.0053
Wolaytta_wola1242,drink,taneomotic.drink.0056
Yemsa_yems1235,drink,taneomotic.drink.0054
Zayse-Zergulla_zays1235,drink,taneomotic.drink.0054
Zayse-Zergulla_zays1235,drink,taneomotic.drink.0054
Zayse-Zergulla_zays1235,drink,taneomotic.drink.0054
Anfillo_anfi1235,ear,taneomotic.ear.0061
Basketo_bask1236,ear,taneomotic.ear.0057
Bench_benc1235,ear,taneomotic.ear.0058
Bench_benc1235,ear,taneomotic.ear.0058
Bench_benc1235,ear,taneomotic.ear.0060
BoroEthiopia_boro1277,ear,taneomotic.ear.0057
Chara_char1269,ear,taneomotic.ear.0057
Dawro_dawr1236,ear,taneomotic.ear.0057
Dorze_dorz1235,ear,taneomotic.ear.0057
Gamo_gamo1243,ear,taneomotic.ear.0057
Gamo_gamo1243,ear,taneomotic.ear.0057
Gamo_gamo1243,ear,taneomotic.ear.0057
Gamo_gamo1243,ear,taneomotic.ear.0057
Gamo_gamo1243,ear,taneomotic.ear.0057
Gofa_gofa1235,ear,taneomotic.ear.0057
Gofa_gofa1235,ear,taneomotic.ear.0057
Kachama-Ganjule-Haro_kach1284,ear,taneomotic.ear.0057
Kafa_kafa1242,ear,taneomotic.ear.0057
Koorete_koor1239,ear,taneomotic.ear.0057
Koorete_koor1239,ear,taneomotic.ear.0057
MaleEthiopia_male1284,ear,taneomotic.ear.0057
Melo_melo1242,ear,taneomotic.ear.0057
Oyda_oyda1235,ear,taneomotic.ear.0057
Shekkacho_shek1244,ear,taneomotic.ear.0057
Wolaytta_wola1242,ear,taneomotic.ear.0057
Wolaytta_wola1242,ear,taneomotic.ear.0057
Yemsa_yems1235,ear,taneomotic.ear.0059
Zayse-Zergulla_zays1235,ear,taneomotic.ear.0057
Zayse-Zergulla_zays1235,ear,taneomotic.ear.0057
Zayse-Zergulla_zays1235,ear,taneomotic.ear.0057
Anfillo_anfi1235,eye,taneomotic.eye.0072
Basketo_bask1236,eye,taneomotic.eye.0062
Bench_benc1235,eye,taneomotic.eye.0063
Bench_benc1235,eye,taneomotic.eye.0074
BoroEthiopia_boro1277,eye,taneomotic.eye.0075
Chara_char1269,eye,taneomotic.eye.0064
Dawro_dawr1236,eye,taneomotic.eye.0070
Dorze_dorz1235,eye,taneomotic.eye.0065
Gamo_gamo1243,eye,taneomotic.eye.0064
Gamo_gamo1243,eye,taneomotic.eye.0064
Gamo_gamo1243,eye,taneomotic.eye.0064
Gamo_gamo1243,eye,taneomotic.eye.0064
Gamo_gamo1243,eye,taneomotic.eye.0064
Gofa_gofa1235,eye,taneomotic.eye.0064
Kachama-Ganjule-Haro_kach1284,eye,taneomotic.eye.0064
Kafa_kafa1242,eye,taneomotic.eye.0068
Koorete_koor1239,eye,taneomotic.eye.0066
Koorete_koor1239,eye,taneomotic.eye.0069
Koorete_koor1239,eye,taneomotic.eye.0079
MaleEthiopia_male1284,eye,taneomotic.eye.0071
Melo_melo1242,eye,taneomotic.eye.0064
Oyda_oyda1235,eye,taneomotic.eye.0073
Shekkacho_shek1244,eye,taneomotic.eye.0072
Wolaytta_wola1242,eye,taneomotic.eye.0070
Wolaytta_wola1242,eye,taneomotic.eye.0076
Yemsa_yems1235,eye,taneomotic.eye.0067
Zayse-Zergulla_zays1235,eye,taneomotic.eye.0064
Zayse-Zergulla_zays1235,eye,taneomotic.eye.0077
Zayse-Zergulla_zays1235,eye,taneomotic.eye.0078
Anfillo_anfi1235,fire,taneomotic.fire.0080
Basketo_bask1236,fire,taneomotic.fire.0080
Bench_benc1235,fire,taneomotic.fire.0080
Bench_benc1235,fire,taneomotic.fire.0080
BoroEthiopia_boro1277,fire,taneomotic.fire.0080
Chara_char1269,fire,taneomotic.fire.0080
Dawro_dawr1236,fire,taneomotic.fire.0080
Dorze_dorz1235,fire,taneomotic.fire.0080
Gamo_gamo1243,fire,taneomotic.fire.0080
Gamo_gamo1243,fire,taneomotic.fire.0080
Gamo_gamo1243,fire,taneomotic.fire.0080
Gamo_gamo1243,fire,taneomotic.fire.0080
Gamo_gamo1243,fire,taneomotic.fire.0083
Gofa_gofa1235,fire,taneomotic.fire.0080
Kachama-Ganjule-Haro_kach1284,fire,taneomotic.fire.0080
Kafa_kafa1242,fire,taneomotic.fire.0082
Koorete_koor1239,fire,taneomotic.fire.0080
Koorete_koor1239,fire,taneomotic.fire.0080
Koorete_koor1239,fire,taneomotic.fire.0080
MaleEthiopia_male1284,fire,taneomotic.fire.0080
Melo_melo1242,fire,taneomotic.fire.0080
Oyda_oyda1235,fire,taneomotic.fire.0080
Shekkacho_shek1244,fire,taneomotic.fire.0082
Wolaytta_wola1242,fire,taneomotic.fire.0080
Wolaytta_wola1242,fire,taneomotic.fire.0080
Yemsa_yems1235,fire,taneomotic.fire.0081
Zayse-Zergulla_zays1235,fire,taneomotic.fire.0083
Zayse-Zergulla_zays1235,fire,taneomotic.fire.0083
Zayse-Zergulla_zays1235,fire,taneomotic.fire.0083
Anfillo_anfi1235,fish,taneomotic.fish.0087
Basketo_bask1236,fish,taneomotic.fish.0084
Bench_benc1235,fish,taneomotic.fish.0084
Bench_benc1235,fish,taneomotic.fish.0085
BoroEthiopia_boro1277,fish,taneomotic.fish.0084
Chara_char1269,fish,taneomotic.fish.0084
Dawro_dawr1236,fish,taneomotic.fish.0084
Dawro_dawr1236,fish,taneomotic.fish.0084
Dorze_dorz1235,fish,taneomotic.fish.0084
Gamo_gamo1243,fish,taneomotic.fish.0084
Gamo_gamo1243,fish,taneomotic.fish.0084
Gamo_gamo1243,fish,taneomotic.fish.0084
Gamo_gamo1243,fish,taneomotic.fish.0084
Gamo_gamo1243,fish,taneomotic.fish.0084
Gofa_gofa1235,fish,taneomotic.fish.0084
Kachama-Ganjule-Haro_kach1284,fish,taneomotic.fish.0084
Kafa_kafa1242,fish,taneomotic.fish.0087
Koorete_koor1239,fish,taneomotic.fish.0084
Koorete_koor1239,fish,taneomotic.fish.0084
Koorete_koor1239,fish,taneomotic.fish.0084
MaleEthiopia_male1284,fish,taneomotic.fish.0084
Melo_melo1242,fish,taneomotic.fish.0084
Oyda_oyda1235,fish,taneomotic.fish.0084
Shekkacho_shek1244,fish,taneomotic.fish.0087
Wolaytta_wola1242,fish,taneomotic.fish.0084
Wolaytta_wola1242,fish,taneomotic.fish.0084
Yemsa_yems1235,fish,taneomotic.fish.0086
Zayse-Zergulla_zays1235,fish,taneomotic.fish.0084
Zayse-Zergulla_zays1235,fish,taneomotic.fish.0084
Zayse-Zergulla_zays1235,fish,taneomotic.fish.0084
Anfillo_anfi1235,full,?
Basketo_bask1236,full,?
Bench_benc1235,full,?
BoroEthiopia_boro1277,full,taneomotic.full.0090
Chara_char1269,full,taneomotic.full.0088
Dawro_dawr1236,full,?
Dorze_dorz1235,full,?
Gamo_gamo1243,full,taneomotic.full.0089
Gamo_gamo1243,full,taneomotic.full.0089
Gamo_gamo1243,full,taneomotic.full.0089
Gamo_gamo1243,full,taneomotic.full.0089
Gofa_gofa1235,full,taneomotic.full.0089
Kachama-Ganjule-Haro_kach1284,full,?
Kafa_kafa1242,full,taneomotic.full.0090
Koorete_koor1239,full,taneomotic.full.0089
Koorete_koor1239,full,taneomotic.full.0089
Koorete_koor1239,full,taneomotic.full.0092
MaleEthiopia_male1284,full,?
Melo_melo1242,full,taneomotic.full.0089
Oyda_oyda1235,full,?
Shekkacho_shek1244,full,?
Wolaytta_wola1242,full,taneomotic.full.0089
Wolaytta_wola1242,full,taneomotic.full.0091
Yemsa_yems1235,full,?
Zayse-Zergulla_zays1235,full,taneomotic.full.0089
Anfillo_anfi1235,hand,taneomotic.hand.0093
Basketo_bask1236,hand,taneomotic.hand.0093
Bench_benc1235,hand,taneomotic.hand.0093
Bench_benc1235,hand,taneomotic.hand.0093
BoroEthiopia_boro1277,hand,taneomotic.hand.0093
Chara_char1269,hand,taneomotic.hand.0093
Dawro_dawr1236,hand,taneomotic.hand.0093
Dorze_dorz1235,hand,taneomotic.hand.0093
Gamo_gamo1243,hand,taneomotic.hand.0093
Gamo_gamo1243,hand,taneomotic.hand.0093
Gamo_gamo1243,hand,taneomotic.hand.0093
Gamo_gamo1243,hand,taneomotic.hand.0093
Gamo_gamo1243,hand,taneomotic.hand.0093
Gofa_gofa1235,hand,taneomotic.hand.0093
Kachama-Ganjule-Haro_kach1284,hand,taneomotic.hand.0093
Kafa_kafa1242,hand,taneomotic.hand.0093
Koorete_koor1239,hand,taneomotic.hand.0093
Koorete_koor1239,hand,taneomotic.hand.0093
MaleEthiopia_male1284,hand,taneomotic.hand.0093
Melo_melo1242,hand,taneomotic.hand.0093
Oyda_oyda1235,hand,taneomotic.hand.0093
Shekkacho_shek1244,hand,taneomotic.hand.0093
Wolaytta_wola1242,hand,taneomotic.hand.0093
Wolaytta_wola1242,hand,taneomotic.hand.0093
Yemsa_yems1235,hand,taneomotic.hand.0093
Zayse-Zergulla_zays1235,hand,taneomotic.hand.0093
Zayse-Zergulla_zays1235,hand,taneomotic.hand.0093
Zayse-Zergulla_zays1235,hand,taneomotic.hand.0093
Anfillo_anfi1235,hear,taneomotic.hear.0094
Anfillo_anfi1235,hear,taneomotic.hear.0094
Basketo_bask1236,hear,taneomotic.hear.0094
Bench_benc1235,hear,taneomotic.hear.0094
Bench_benc1235,hear,taneomotic.hear.0094
BoroEthiopia_boro1277,hear,taneomotic.hear.0094
Chara_char1269,hear,taneomotic.hear.0095
Dawro_dawr1236,hear,taneomotic.hear.0094
Dorze_dorz1235,hear,taneomotic.hear.0094
Gamo_gamo1243,hear,taneomotic.hear.0094
Gamo_gamo1243,hear,taneomotic.hear.0094
Gamo_gamo1243,hear,taneomotic.hear.0094
Gamo_gamo1243,hear,taneomotic.hear.0094
Gofa_gofa1235,hear,taneomotic.hear.0094
Kachama-Ganjule-Haro_kach1284,hear,?
Kafa_kafa1242,hear,taneomotic.hear.0097
Koorete_koor1239,hear,taneomotic.hear.0094
Koorete_koor1239,hear,taneomotic.hear.0094
Koorete_koor1239,hear,taneomotic.hear.0094
MaleEthiopia_male1284,hear,taneomotic.hear.0094
Melo_melo1242,hear,?
Oyda_oyda1235,hear,taneomotic.hear.0094
Shekkacho_shek1244,hear,taneomotic.hear.0098
Wolaytta_wola1242,hear,taneomotic.hear.0094
Wolaytta_wola1242,hear,taneomotic.hear.0094
Yemsa_yems1235,hear,taneomotic.hear.0096
Zayse-Zergulla_zays1235,hear,taneomotic.hear.0094
Zayse-Zergulla_zays1235,hear,taneomotic.hear.0094
Zayse-Zergulla_zays1235,hear,taneomotic.hear.0094
Anfillo_anfi1235,horn,taneomotic.horn.0103
Basketo_bask1236,horn,taneomotic.horn.0099
Bench_benc1235,horn,taneomotic.horn.0100
Bench_benc1235,horn,taneomotic.horn.0105
BoroEthiopia_boro1277,horn,taneomotic.horn.0106
Chara_char1269,horn,taneomotic.horn.0101
Dawro_dawr1236,horn,taneomotic.horn.0102
Dorze_dorz1235,horn,taneomotic.horn.0102
Gamo_gamo1243,horn,taneomotic.horn.0102
Gamo_gamo1243,horn,taneomotic.horn.0102
Gamo_gamo1243,horn,taneomotic.horn.0102
Gamo_gamo1243,horn,taneomotic.horn.0102
Gamo_gamo1243,horn,taneomotic.horn.0102
Gofa_gofa1235,horn,taneomotic.horn.0102
Kachama-Ganjule-Haro_kach1284,horn,taneomotic.horn.0101
Kafa_kafa1242,horn,taneomotic.horn.0103
Koorete_koor1239,horn,taneomotic.horn.0101
Koorete_koor1239,horn,taneomotic.horn.0101
MaleEthiopia_male1284,horn,taneomotic.horn.0104
Melo_melo1242,horn,taneomotic.horn.0102
Oyda_oyda1235,horn,taneomotic.horn.0102
Shekkacho_shek1244,horn,taneomotic.horn.0103
Wolaytta_wola1242,horn,taneomotic.horn.0102
Wolaytta_wola1242,horn,taneomotic.horn.0102
Yemsa_yems1235,horn,taneomotic.horn.0103
Zayse-Zergulla_zays1235,horn,taneomotic.horn.0101
Zayse-Zergulla_zays1235,horn,taneomotic.horn.0102
Zayse-Zergulla_zays1235,horn,taneomotic.horn.0102
Anfillo_anfi1235,knee,taneomotic.knee.0109
Basketo_bask1236,knee,taneomotic.knee.0107
Bench_benc1235,knee,taneomotic.knee.0108
Bench_benc1235,knee,taneomotic.knee.0108
BoroEthiopia_boro1277,knee,taneomotic.knee.0110
Chara_char1269,knee,taneomotic.knee.0108
Dawro_dawr1236,knee,taneomotic.knee.0109
Dorze_dorz1235,knee,?
Gamo_gamo1243,knee,taneomotic.knee.0109
Gamo_gamo1243,knee,taneomotic.knee.0109
Gamo_gamo1243,knee,taneomotic.knee.0109
Gamo_gamo1243,knee,taneomotic.knee.0109
Gofa_gofa1235,knee,taneomotic.knee.0109
Kachama-Ganjule-Haro_kach1284,knee,taneomotic.knee.0107
Kafa_kafa1242,knee,taneomotic.knee.0107
Koorete_koor1239,knee,taneomotic.knee.0107
Koorete_koor1239,knee,taneomotic.knee.0107
Koorete_koor1239,knee,taneomotic.knee.0107
MaleEthiopia_male1284,knee,taneomotic.knee.0110
Melo_melo1242,knee,taneomotic.knee.0107
Melo_melo1242,knee,taneomotic.knee.0107
Oyda_oyda1235,knee,taneomotic.knee.0109
Shekkacho_shek1244,knee,taneomotic.knee.0108
Wolaytta_wola1242,knee,taneomotic.knee.0109
Yemsa_yems1235,knee,taneomotic.knee.0110
Zayse-Zergulla_zays1235,knee,taneomotic.knee.0109
Zayse-Zergulla_zays1235,knee,taneomotic.knee.0111
Anfillo_anfi1235,leaf,taneomotic.leaf.0115
Basketo_bask1236,leaf,taneomotic.leaf.0112
Bench_benc1235,leaf,taneomotic.leaf.0113
Bench_benc1235,leaf,taneomotic.leaf.0117
BoroEthiopia_boro1277,leaf,taneomotic.leaf.0119
Chara_char1269,leaf,taneomotic.leaf.0113
Dawro_dawr1236,leaf,taneomotic.leaf.0113
Dorze_dorz1235,leaf,taneomotic.leaf.0114
Gamo_gamo1243,leaf,taneomotic.leaf.0113
Gamo_gamo1243,leaf,taneomotic.leaf.0113
Gamo_gamo1243,leaf,taneomotic.leaf.0114
Gamo_gamo1243,leaf,taneomotic.leaf.0115
Gamo_gamo1243,leaf,taneomotic.leaf.0115
Gofa_gofa1235,leaf,taneomotic.leaf.0113
Kachama-Ganjule-Haro_kach1284,leaf,taneomotic.leaf.0113
Kafa_kafa1242,leaf,taneomotic.leaf.0113
Koorete_koor1239,leaf,taneomotic.leaf.0113
Koorete_koor1239,leaf,taneomotic.leaf.0116
MaleEthiopia_male1284,leaf,taneomotic.leaf.0115
Melo_melo1242,leaf,taneomotic.leaf.0114
Melo_melo1242,leaf,taneomotic.leaf.0120
Oyda_oyda1235,leaf,taneomotic.leaf.0115
Shekkacho_shek1244,leaf,taneomotic.leaf.0118
Wolaytta_wola1242,leaf,taneomotic.leaf.0114
Wolaytta_wola1242,leaf,taneomotic.leaf.0115
Wolaytta_wola1242,leaf,taneomotic.leaf.0121
Yemsa_yems1235,leaf,taneomotic.leaf.0117
Zayse-Zergulla_zays1235,leaf,taneomotic.leaf.0113
Zayse-Zergulla_zays1235,leaf,taneomotic.leaf.0113
Zayse-Zergulla_zays1235,leaf,taneomotic.leaf.0115
Anfillo_anfi1235,liver,taneomotic.liver.0127
Basketo_bask1236,liver,taneomotic.liver.0122
Bench_benc1235,liver,taneomotic.liver.0122
Bench_benc1235,liver,taneomotic.liver.0123
BoroEthiopia_boro1277,liver,taneomotic.liver.0127
Chara_char1269,liver,taneomotic.liver.0122
Dawro_dawr1236,liver,taneomotic.liver.0124
Dorze_dorz1235,liver,taneomotic.liver.0124
Dorze_dorz1235,liver,taneomotic.liver.0124
Gamo_gamo1243,liver,taneomotic.liver.0122
Gamo_gamo1243,liver,taneomotic.liver.0124
Gamo_gamo1243,liver,taneomotic.liver.0124
Gamo_gamo1243,liver,taneomotic.liver.0124
Gamo_gamo1243,liver,taneomotic.liver.0124
Gofa_gofa1235,liver,?
Kachama-Ganjule-Haro_kach1284,liver,taneomotic.liver.0122
Kafa_kafa1242,liver,taneomotic.liver.0126
Koorete_koor1239,liver,taneomotic.liver.0122
Koorete_koor1239,liver,taneomotic.liver.0122
Koorete_koor1239,liver,taneomotic.liver.0122
MaleEthiopia_male1284,liver,taneomotic.liver.0122
Melo_melo1242,liver,taneomotic.liver.0124
Melo_melo1242,liver,taneomotic.liver.0128
Oyda_oyda1235,liver,taneomotic.liver.0124
Shekkacho_shek1244,liver,taneomotic.liver.0127
Wolaytta_wola1242,liver,taneomotic.liver.0124
Wolaytta_wola1242,liver,taneomotic.liver.0124
Yemsa_yems1235,liver,taneomotic.liver.0125
Zayse-Zergulla_zays1235,liver,taneomotic.liver.0122
Zayse-Zergulla_zays1235,liver,taneomotic.liver.0122
Zayse-Zergulla_zays1235,liver,taneomotic.liver.0122
Anfillo_anfi1235,louse,taneomotic.louse.0129
Basketo_bask1236,louse,taneomotic.louse.0129
Bench_benc1235,louse,taneomotic.louse.0129
Bench_benc1235,louse,taneomotic.louse.0129
BoroEthiopia_boro1277,louse,taneomotic.louse.0129
Chara_char1269,louse,taneomotic.louse.0129
Dawro_dawr1236,louse,taneomotic.louse.0129
Dorze_dorz1235,louse,taneomotic.louse.0129
Gamo_gamo1243,louse,taneomotic.louse.0129
Gamo_gamo1243,louse,taneomotic.louse.0129
Gamo_gamo1243,louse,taneomotic.louse.0129
Gamo_gamo1243,louse,taneomotic.louse.0129
Gamo_gamo1243,louse,taneomotic.louse.0129
Gofa_gofa1235,louse,taneomotic.louse.0129
Kachama-Ganjule-Haro_kach1284,louse,taneomotic.louse.0129
Kafa_kafa1242,louse,taneomotic.louse.0129
Koorete_koor1239,louse,taneomotic.louse.0129
Koorete_koor1239,louse,taneomotic.louse.0129
Koorete_koor1239,louse,taneomotic.louse.0129
MaleEthiopia_male1284,louse,taneomotic.louse.0129
Melo_melo1242,louse,taneomotic.louse.0129
Oyda_oyda1235,louse,taneomotic.louse.0129
Shekkacho_shek1244,louse,taneomotic.louse.0129
Wolaytta_wola1242,louse,taneomotic.louse.0129
Wolaytta_wola1242,louse,taneomotic.louse.0129
Yemsa_yems1235,louse,taneomotic.louse.0129
Zayse-Zergulla_zays1235,louse,taneomotic.louse.0129
Zayse-Zergulla_zays1235,louse,taneomotic.louse.0129
Zayse-Zergulla_zays1235,louse,taneomotic.louse.0129
Anfillo_anfi1235,mountain,taneomotic.mountain.0139
Basketo_bask1236,mountain,taneomotic.mountain.0130
Bench_benc1235,mountain,taneomotic.mountain.0131
Bench_benc1235,mountain,taneomotic.mountain.0132
BoroEthiopia_boro1277,mountain,taneomotic.mountain.0135
Chara_char1269,mountain,taneomotic.mountain.0132
Dawro_dawr1236,mountain,taneomotic.mountain.0135
Dorze_dorz1235,mountain,taneomotic.mountain.0134
Gamo_gamo1243,mountain,taneomotic.mountain.0132
Gamo_gamo1243,mountain,taneomotic.mountain.0132
Gamo_gamo1243,mountain,taneomotic.mountain.0133
Gamo_gamo1243,mountain,taneomotic.mountain.0134
Gamo_gamo1243,mountain,taneomotic.mountain.0134
Gofa_gofa1235,mountain,?
Kachama-Ganjule-Haro_kach1284,mountain,taneomotic.mountain.0135
Kafa_kafa1242,mountain,taneomotic.mountain.0132
Koorete_koor1239,mountain,taneomotic.mountain.0132
Koorete_koor1239,mountain,taneomotic.mountain.0132
Koorete_koor1239,mountain,taneomotic.mountain.0134
Koorete_koor1239,mountain,taneomotic.mountain.0136
Koorete_koor1239,mountain,taneomotic.mountain.0139
MaleEthiopia_male1284,mountain,taneomotic.mountain.0137
Melo_melo1242,mountain,taneomotic.mountain.0135
Oyda_oyda1235,mountain,taneomotic.mountain.0135
Shekkacho_shek1244,mountain,taneomotic.mountain.0138
Wolaytta_wola1242,mountain,taneomotic.mountain.0135
Wolaytta_wola1242,mountain,taneomotic.mountain.0135
Yemsa_yems1235,mountain,taneomotic.mountain.0134
Zayse-Zergulla_zays1235,mountain,taneomotic.mountain.0132
Zayse-Zergulla_zays1235,mountain,taneomotic.mountain.0134
Zayse-Zergulla_zays1235,mountain,taneomotic.mountain.0134
Anfillo_anfi1235,name,taneomotic.name.0140
Basketo_bask1236,name,taneomotic.name.0140
Bench_benc1235,name,taneomotic.name.0140
Bench_benc1235,name,taneomotic.name.0140
BoroEthiopia_boro1277,name,taneomotic.name.0140
Chara_char1269,name,taneomotic.name.0140
Dawro_dawr1236,name,taneomotic.name.0140
Dorze_dorz1235,name,taneomotic.name.0140
Gamo_gamo1243,name,taneomotic.name.0140
Gamo_gamo1243,name,taneomotic.name.0140
Gamo_gamo1243,name,taneomotic.name.0140
Gamo_gamo1243,name,taneomotic.name.0140
Gamo_gamo1243,name,taneomotic.name.0140
Gofa_gofa1235,name,taneomotic.name.0140
Kachama-Ganjule-Haro_kach1284,name,taneomotic.name.0140
Kafa_kafa1242,name,taneomotic.name.0140
Koorete_koor1239,name,taneomotic.name.0140
Koorete_koor1239,name,taneomotic.name.0140
MaleEthiopia_male1284,name,taneomotic.name.0140
Melo_melo1242,name,taneomotic.name.0140
Oyda_oyda1235,name,taneomotic.name.0140
Shekkacho_shek1244,name,taneomotic.name.0140
Wolaytta_wola1242,name,taneomotic.name.0140
Wolaytta_wola1242,name,taneomotic.name.0140
Yemsa_yems1235,name,taneomotic.name.0140
Zayse-Zergulla_zays1235,name,taneomotic.name.0140
Zayse-Zergulla_zays1235,name,taneomotic.name.0140
Zayse-Zergulla_zays1235,name,taneomotic.name.0140
Anfillo_anfi1235,new,taneomotic.new.0144
Basketo_bask1236,new,taneomotic.new.0141
Bench_benc1235,new,taneomotic.new.0142
Bench_benc1235,new,taneomotic.new.0142
BoroEthiopia_boro1277,new,taneomotic.new.0144
Chara_char1269,new,taneomotic.new.0142
Dawro_dawr1236,new,taneomotic.new.0143
Dorze_dorz1235,new,taneomotic.new.0143
Gamo_gamo1243,new,taneomotic.new.0143
Gamo_gamo1243,new,taneomotic.new.0143
Gamo_gamo1243,new,taneomotic.new.0143
Gamo_gamo1243,new,taneomotic.new.0143
Gofa_gofa1235,new,taneomotic.new.0143
Kachama-Ganjule-Haro_kach1284,new,taneomotic.new.0142
Kafa_kafa1242,new,taneomotic.new.0144
Koorete_koor1239,new,taneomotic.new.0142
Koorete_koor1239,new,taneomotic.new.0142
Koorete_koor1239,new,taneomotic.new.0142
MaleEthiopia_male1284,new,taneomotic.new.0145
Melo_melo1242,new,taneomotic.new.0143
Oyda_oyda1235,new,taneomotic.new.0143
Shekkacho_shek1244,new,taneomotic.new.0143
Wolaytta_wola1242,new,taneomotic.new.0143
Wolaytta_wola1242,new,taneomotic.new.0143
Yemsa_yems1235,new,taneomotic.new.0142
Zayse-Zergulla_zays1235,new,taneomotic.new.0142
Zayse-Zergulla_zays1235,new,taneomotic.new.0142
Zayse-Zergulla_zays1235,new,taneomotic.new.0143
Anfillo_anfi1235,night,taneomotic.night.0154
Basketo_bask1236,night,taneomotic.night.0146
Bench_benc1235,night,taneomotic.night.0147
Bench_benc1235,night,taneomotic.night.0153
BoroEthiopia_boro1277,night,taneomotic.night.0152
Chara_char1269,night,taneomotic.night.0148
Dawro_dawr1236,night,taneomotic.night.0146
Dorze_dorz1235,night,taneomotic.night.0150
Gamo_gamo1243,night,taneomotic.night.0149
Gamo_gamo1243,night,taneomotic.night.0149
Gofa_gofa1235,night,taneomotic.night.0146
Kachama-Ganjule-Haro_kach1284,night,taneomotic.night.0152
Kafa_kafa1242,night,taneomotic.night.0152
Koorete_koor1239,night,taneomotic.night.0146
Koorete_koor1239,night,taneomotic.night.0146
Koorete_koor1239,night,taneomotic.night.0146
Koorete_koor1239,night,taneomotic.night.0146
MaleEthiopia_male1284,night,taneomotic.night.0152
Melo_melo1242,night,taneomotic.night.0149
Oyda_oyda1235,night,taneomotic.night.0146
Shekkacho_shek1244,night,taneomotic.night.0152
Wolaytta_wola1242,night,taneomotic.night.0146
Wolaytta_wola1242,night,taneomotic.night.0146
Yemsa_yems1235,night,taneomotic.night.0151
Zayse-Zergulla_zays1235,night,taneomotic.night.0152
Zayse-Zergulla_zays1235,night,taneomotic.night.0152
Anfillo_anfi1235,nose,taneomotic.nose.0155
Basketo_bask1236,nose,taneomotic.nose.0155
Bench_benc1235,nose,taneomotic.nose.0155
Bench_benc1235,nose,taneomotic.nose.0155
BoroEthiopia_boro1277,nose,taneomotic.nose.0155
Chara_char1269,nose,taneomotic.nose.0155
Dawro_dawr1236,nose,taneomotic.nose.0155
Dorze_dorz1235,nose,taneomotic.nose.0155
Gamo_gamo1243,nose,taneomotic.nose.0155
Gamo_gamo1243,nose,taneomotic.nose.0155
Gamo_gamo1243,nose,taneomotic.nose.0155
Gamo_gamo1243,nose,taneomotic.nose.0155
Gamo_gamo1243,nose,taneomotic.nose.0156
Gofa_gofa1235,nose,taneomotic.nose.0155
Gofa_gofa1235,nose,taneomotic.nose.0155
Kachama-Ganjule-Haro_kach1284,nose,taneomotic.nose.0157
Kafa_kafa1242,nose,taneomotic.nose.0155
Koorete_koor1239,nose,taneomotic.nose.0155
Koorete_koor1239,nose,taneomotic.nose.0156
Koorete_koor1239,nose,taneomotic.nose.0156
MaleEthiopia_male1284,nose,taneomotic.nose.0155
Melo_melo1242,nose,taneomotic.nose.0155
Melo_melo1242,nose,taneomotic.nose.0155
Oyda_oyda1235,nose,taneomotic.nose.0155
Shekkacho_shek1244,nose,taneomotic.nose.0155
Wolaytta_wola1242,nose,taneomotic.nose.0155
Wolaytta_wola1242,nose,taneomotic.nose.0155
Yemsa_yems1235,nose,taneomotic.nose.0155
Zayse-Zergulla_zays1235,nose,taneomotic.nose.0156
Zayse-Zergulla_zays1235,nose,taneomotic.nose.0156
Zayse-Zergulla_zays1235,nose,taneomotic.nose.0156
Anfillo_anfi1235,one,taneomotic.one.0163
Basketo_bask1236,one,taneomotic.one.0158
Bench_benc1235,one,taneomotic.one.0159
Bench_benc1235,one,taneomotic.one.0159
BoroEthiopia_boro1277,one,taneomotic.one.0163
Chara_char1269,one,taneomotic.one.0160
Dawro_dawr1236,one,taneomotic.one.0160
Dorze_dorz1235,one,taneomotic.one.0161
Gamo_gamo1243,one,taneomotic.one.0160
Gamo_gamo1243,one,taneomotic.one.0160
Gamo_gamo1243,one,taneomotic.one.0161
Gamo_gamo1243,one,taneomotic.one.0161
Gamo_gamo1243,one,taneomotic.one.0161
Gofa_gofa1235,one,taneomotic.one.0160
Kachama-Ganjule-Haro_kach1284,one,taneomotic.one.0160
Kafa_kafa1242,one,taneomotic.one.0163
Koorete_koor1239,one,taneomotic.one.0160
Koorete_koor1239,one,taneomotic.one.0160
Koorete_koor1239,one,taneomotic.one.0160
Koorete_koor1239,one,taneomotic.one.0160
Koorete_koor1239,one,taneomotic.one.0160
MaleEthiopia_male1284,one,taneomotic.one.0160
Melo_melo1242,one,taneomotic.one.0160
Oyda_oyda1235,one,taneomotic.one.0160
Shekkacho_shek1244,one,taneomotic.one.0163
Wolaytta_wola1242,one,taneomotic.one.0160
Wolaytta_wola1242,one,taneomotic.one.0160
Yemsa_yems1235,one,taneomotic.one.0162
Zayse-Zergulla_zays1235,one,taneomotic.one.0160
Zayse-Zergulla_zays1235,one,taneomotic.one.0160
Zayse-Zergulla_zays1235,one,taneomotic.one.0160
Anfillo_anfi1235,path,taneomotic.path.0164
Basketo_bask1236,path,taneomotic.path.0164
Bench_benc1235,path,taneomotic.path.0165
Bench_benc1235,path,taneomotic.path.0165
BoroEthiopia_boro1277,path,taneomotic.path.0170
Chara_char1269,path,taneomotic.path.0166
Dawro_dawr1236,path,taneomotic.path.0167
Dorze_dorz1235,path,taneomotic.path.0167
Gamo_gamo1243,path,taneomotic.path.0167
Gamo_gamo1243,path,taneomotic.path.0167
Gamo_gamo1243,path,taneomotic.path.0167
Gamo_gamo1243,path,taneomotic.path.0167
Gamo_gamo1243,path,taneomotic.path.0168
Gofa_gofa1235,path,taneomotic.path.0167
Kachama-Ganjule-Haro_kach1284,path,taneomotic.path.0167
Kafa_kafa1242,path,taneomotic.path.0169
Koorete_koor1239,path,taneomotic.path.0167
Koorete_koor1239,path,taneomotic.path.0167
Koorete_koor1239,path,taneomotic.path.0167
MaleEthiopia_male1284,path,taneomotic.path.0164
Melo_melo1242,path,taneomotic.path.0168
Oyda_oyda1235,path,taneomotic.path.0167
Shekkacho_shek1244,path,taneomotic.path.0169
Wolaytta_wola1242,path,taneomotic.path.0167
Wolaytta_wola1242,path,taneomotic.path.0167
Yemsa_yems1235,path,taneomotic.path.0167
Yemsa_yems1235,path,taneomotic.path.0167
Zayse-Zergulla_zays1235,path,taneomotic.path.0167
Zayse-Zergulla_zays1235,path,taneomotic.path.0167
Zayse-Zergulla_zays1235,path,taneomotic.path.0167
Anfillo_anfi1235,person,taneomotic.person.0171
Basketo_bask1236,person,taneomotic.person.0171
Bench_benc1235,person,taneomotic.person.0171
Bench_benc1235,person,taneomotic.person.0171
BoroEthiopia_boro1277,person,taneomotic.person.0171
Chara_char1269,person,?
Dawro_dawr1236,person,taneomotic.person.0171
Dorze_dorz1235,person,taneomotic.person.0171
Dorze_dorz1235,person,taneomotic.person.0172
Gamo_gamo1243,person,taneomotic.person.0171
Gamo_gamo1243,person,taneomotic.person.0171
Gamo_gamo1243,person,taneomotic.person.0171
Gamo_gamo1243,person,taneomotic.person.0171
Gofa_gofa1235,person,taneomotic.person.0171
Kachama-Ganjule-Haro_kach1284,person,taneomotic.person.0171
Kafa_kafa1242,person,taneomotic.person.0171
Koorete_koor1239,person,taneomotic.person.0171
Koorete_koor1239,person,taneomotic.person.0171
MaleEthiopia_male1284,person,taneomotic.person.0171
Melo_melo1242,person,?
Oyda_oyda1235,person,taneomotic.person.0171
Shekkacho_shek1244,person,taneomotic.person.0171
Wolaytta_wola1242,person,taneomotic.person.0171
Wolaytta_wola1242,person,taneomotic.person.0171
Yemsa_yems1235,person,taneomotic.person.0171
Zayse-Zergulla_zays1235,person,taneomotic.person.0171
Zayse-Zergulla_zays1235,person,taneomotic.person.0171
Zayse-Zergulla_zays1235,person,taneomotic.person.0171
Anfillo_anfi1235,see,taneomotic.see.0182
Basketo_bask1236,see,taneomotic.see.0173
Bench_benc1235,see,taneomotic.see.0174
Bench_benc1235,see,taneomotic.see.0176
Bench_benc1235,see,taneomotic.see.0176
BoroEthiopia_boro1277,see,taneomotic.see.0173
Chara_char1269,see,taneomotic.see.0175
Dawro_dawr1236,see,taneomotic.see.0175
Dorze_dorz1235,see,taneomotic.see.0176
Gamo_gamo1243,see,taneomotic.see.0175
Gamo_gamo1243,see,taneomotic.see.0175
Gamo_gamo1243,see,taneomotic.see.0177
Gamo_gamo1243,see,taneomotic.see.0181
Gamo_gamo1243,see,taneomotic.see.0183
Gofa_gofa1235,see,taneomotic.see.0175
Kachama-Ganjule-Haro_kach1284,see,taneomotic.see.0179
Kafa_kafa1242,see,taneomotic.see.0176
Koorete_koor1239,see,taneomotic.see.0173
Koorete_koor1239,see,taneomotic.see.0173
MaleEthiopia_male1284,see,taneomotic.see.0180
Melo_melo1242,see,taneomotic.see.0175
Oyda_oyda1235,see,taneomotic.see.0173
Shekkacho_shek1244,see,taneomotic.see.0182
Wolaytta_wola1242,see,taneomotic.see.0175
Wolaytta_wola1242,see,taneomotic.see.0175
Yemsa_yems1235,see,taneomotic.see.0178
Zayse-Zergulla_zays1235,see,taneomotic.see.0181
Zayse-Zergulla_zays1235,see,taneomotic.see.0181
Zayse-Zergulla_zays1235,see,taneomotic.see.0181
Anfillo_anfi1235,skin,taneomotic.skin.0184
Basketo_bask1236,skin,taneomotic.skin.0184
Bench_benc1235,skin,taneomotic.skin.0184
Bench_benc1235,skin,taneomotic.skin.0185
BoroEthiopia_boro1277,skin,taneomotic.skin.0184
Chara_char1269,skin,taneomotic.skin.0184
Dawro_dawr1236,skin,taneomotic.skin.0184
Dorze_dorz1235,skin,taneomotic.skin.0184
Gamo_gamo1243,skin,taneomotic.skin.0184
Gamo_gamo1243,skin,taneomotic.skin.0184
Gamo_gamo1243,skin,taneomotic.skin.0184
Gamo_gamo1243,skin,taneomotic.skin.0184
Gamo_gamo1243,skin,taneomotic.skin.0184
Gofa_gofa1235,skin,?
Kachama-Ganjule-Haro_kach1284,skin,taneomotic.skin.0186
Kafa_kafa1242,skin,taneomotic.skin.0184
Kafa_kafa1242,skin,taneomotic.skin.0184
Koorete_koor1239,skin,taneomotic.skin.0184
Koorete_koor1239,skin,taneomotic.skin.0184
Koorete_koor1239,skin,taneomotic.skin.0184
Koorete_koor1239,skin,taneomotic.skin.0184
MaleEthiopia_male1284,skin,taneomotic.skin.0184
Melo_melo1242,skin,taneomotic.skin.0187
Melo_melo1242,skin,taneomotic.skin.0188
Oyda_oyda1235,skin,taneomotic.skin.0184
Shekkacho_shek1244,skin,taneomotic.skin.0184
Wolaytta_wola1242,skin,taneomotic.skin.0184
Wolaytta_wola1242,skin,taneomotic.skin.0184
Wolaytta_wola1242,skin,taneomotic.skin.0184
Yemsa_yems1235,skin,taneomotic.skin.0184
Zayse-Zergulla_zays1235,skin,taneomotic.skin.0184
Zayse-Zergulla_zays1235,skin,taneomotic.skin.0184
Zayse-Zergulla_zays1235,skin,taneomotic.skin.0184
Anfillo_anfi1235,star,taneomotic.star.0189
Basketo_bask1236,star,taneomotic.star.0189
Bench_benc1235,star,taneomotic.star.0190
Bench_benc1235,star,taneomotic.star.0190
BoroEthiopia_boro1277,star,taneomotic.star.0194
Chara_char1269,star,taneomotic.star.0191
Dawro_dawr1236,star,taneomotic.star.0189
Dawro_dawr1236,star,taneomotic.star.0189
Dorze_dorz1235,star,taneomotic.star.0189
Gamo_gamo1243,star,taneomotic.star.0189
Gamo_gamo1243,star,taneomotic.star.0189
Gamo_gamo1243,star,taneomotic.star.0189
Gamo_gamo1243,star,taneomotic.star.0189
Gamo_gamo1243,star,taneomotic.star.0189
Gofa_gofa1235,star,taneomotic.star.0189
Kachama-Ganjule-Haro_kach1284,star,?
Kafa_kafa1242,star,taneomotic.star.0189
Koorete_koor1239,star,taneomotic.star.0189
Koorete_koor1239,star,taneomotic.star.0189
Koorete_koor1239,star,taneomotic.star.0189
Koorete_koor1239,star,taneomotic.star.0195
MaleEthiopia_male1284,star,taneomotic.star.0193
Melo_melo1242,star,taneomotic.star.0189
Oyda_oyda1235,star,taneomotic.star.0189
Shekkacho_shek1244,star,taneomotic.star.0189
Wolaytta_wola1242,star,taneomotic.star.0189
Wolaytta_wola1242,star,taneomotic.star.0189
Yemsa_yems1235,star,taneomotic.star.0192
Zayse-Zergulla_zays1235,star,taneomotic.star.0189
Zayse-Zergulla_zays1235,star,taneomotic.star.0189
Zayse-Zergulla_zays1235,star,taneomotic.star.0189
Anfillo_anfi1235,stone,taneomotic.stone.0196
Basketo_bask1236,stone,taneomotic.stone.0196
Bench_benc1235,stone,taneomotic.stone.0197
Bench_benc1235,stone,taneomotic.stone.0197
Bench_benc1235,stone,taneomotic.stone.0200
BoroEthiopia_boro1277,stone,taneomotic.stone.0196
Chara_char1269,stone,taneomotic.stone.0196
Dawro_dawr1236,stone,taneomotic.stone.0196
Dorze_dorz1235,stone,taneomotic.stone.0196
Gamo_gamo1243,stone,taneomotic.stone.0196
Gamo_gamo1243,stone,taneomotic.stone.0196
Gamo_gamo1243,stone,taneomotic.stone.0196
Gamo_gamo1243,stone,taneomotic.stone.0196
Gamo_gamo1243,stone,taneomotic.stone.0199
Gofa_gofa1235,stone,taneomotic.stone.0196
Kachama-Ganjule-Haro_kach1284,stone,taneomotic.stone.0198
Kafa_kafa1242,stone,taneomotic.stone.0199
Koorete_koor1239,stone,taneomotic.stone.0196
Koorete_koor1239,stone,taneomotic.stone.0196
Koorete_koor1239,stone,taneomotic.stone.0196
MaleEthiopia_male1284,stone,taneomotic.stone.0196
Melo_melo1242,stone,taneomotic.stone.0196
Oyda_oyda1235,stone,taneomotic.stone.0196
Shekkacho_shek1244,stone,taneomotic.stone.0196
Wolaytta_wola1242,stone,taneomotic.stone.0196
Wolaytta_wola1242,stone,taneomotic.stone.0196
Yemsa_yems1235,stone,taneomotic.stone.0196
Yemsa_yems1235,stone,taneomotic.stone.0196
Zayse-Zergulla_zays1235,stone,taneomotic.stone.0199
Zayse-Zergulla_zays1235,stone,taneomotic.stone.0199
Zayse-Zergulla_zays1235,stone,taneomotic.stone.0199
Anfillo_anfi1235,sun,taneomotic.sun.0203
Basketo_bask1236,sun,taneomotic.sun.0201
Bench_benc1235,sun,taneomotic.sun.0202
Bench_benc1235,sun,taneomotic.sun.0202
BoroEthiopia_boro1277,sun,taneomotic.sun.0201
Chara_char1269,sun,taneomotic.sun.0203
Dawro_dawr1236,sun,taneomotic.sun.0207
Dorze_dorz1235,sun,taneomotic.sun.0204
Gamo_gamo1243,sun,taneomotic.sun.0201
Gamo_gamo1243,sun,taneomotic.sun.0201
Gamo_gamo1243,sun,taneomotic.sun.0204
Gamo_gamo1243,sun,taneomotic.sun.0204
Gamo_gamo1243,sun,taneomotic.sun.0205
Gofa_gofa1235,sun,taneomotic.sun.0206
Kachama-Ganjule-Haro_kach1284,sun,?
Kafa_kafa1242,sun,taneomotic.sun.0202
Koorete_koor1239,sun,taneomotic.sun.0201
Koorete_koor1239,sun,taneomotic.sun.0201
Koorete_koor1239,sun,taneomotic.sun.0201
MaleEthiopia_male1284,sun,taneomotic.sun.0201
Melo_melo1242,sun,taneomotic.sun.0208
Oyda_oyda1235,sun,taneomotic.sun.0209
Shekkacho_shek1244,sun,taneomotic.sun.0203
Wolaytta_wola1242,sun,taneomotic.sun.0210
Wolaytta_wola1242,sun,taneomotic.sun.0211
Wolaytta_wola1242,sun,taneomotic.sun.0214
Yemsa_yems1235,sun,taneomotic.sun.0204
Zayse-Zergulla_zays1235,sun,taneomotic.sun.0201
Zayse-Zergulla_zays1235,sun,taneomotic.sun.0201
Zayse-Zergulla_zays1235,sun,taneomotic.sun.0212
Zayse-Zergulla_zays1235,sun,taneomotic.sun.0213
Anfillo_anfi1235,tongue,taneomotic.tongue.0218
Basketo_bask1236,tongue,taneomotic.tongue.0215
Bench_benc1235,tongue,taneomotic.tongue.0216
Bench_benc1235,tongue,taneomotic.tongue.0216
BoroEthiopia_boro1277,tongue,taneomotic.tongue.0220
Chara_char1269,tongue,taneomotic.tongue.0215
Dawro_dawr1236,tongue,taneomotic.tongue.0215
Dorze_dorz1235,tongue,taneomotic.tongue.0215
Gamo_gamo1243,tongue,taneomotic.tongue.0215
Gamo_gamo1243,tongue,taneomotic.tongue.0215
Gamo_gamo1243,tongue,taneomotic.tongue.0215
Gamo_gamo1243,tongue,taneomotic.tongue.0215
Gamo_gamo1243,tongue,taneomotic.tongue.0215
Gofa_gofa1235,tongue,taneomotic.tongue.0217
Kachama-Ganjule-Haro_kach1284,tongue,taneomotic.tongue.0215
Kafa_kafa1242,tongue,taneomotic.tongue.0215
Koorete_koor1239,tongue,taneomotic.tongue.0215
Koorete_koor1239,tongue,taneomotic.tongue.0215
Koorete_koor1239,tongue,taneomotic.tongue.0215
Koorete_koor1239,tongue,taneomotic.tongue.0215
MaleEthiopia_male1284,tongue,taneomotic.tongue.0215
Melo_melo1242,tongue,taneomotic.tongue.0218
Oyda_oyda1235,tongue,taneomotic.tongue.0215
Shekkacho_shek1244,tongue,taneomotic.tongue.0219
Wolaytta_wola1242,tongue,taneomotic.tongue.0215
Wolaytta_wola1242,tongue,taneomotic.tongue.0215
Yemsa_yems1235,tongue,taneomotic.tongue.0218
Yemsa_yems1235,tongue,taneomotic.tongue.0218
Zayse-Zergulla_zays1235,tongue,taneomotic.tongue.0215
Zayse-Zergulla_zays1235,tongue,taneomotic.tongue.0215
Zayse-Zergulla_zays1235,tongue,taneomotic.tongue.0215
Anfillo_anfi1235,tooth,taneomotic.tooth.0223
Basketo_bask1236,tooth,taneomotic.tooth.0221
Bench_benc1235,tooth,taneomotic.tooth.0222
Bench_benc1235,tooth,taneomotic.tooth.0222
BoroEthiopia_boro1277,tooth,taneomotic.tooth.0223
Chara_char1269,tooth,taneomotic.tooth.0221
Dawro_dawr1236,tooth,taneomotic.tooth.0221
Dorze_dorz1235,tooth,taneomotic.tooth.0221
Dorze_dorz1235,tooth,taneomotic.tooth.0221
Gamo_gamo1243,tooth,taneomotic.tooth.0221
Gamo_gamo1243,tooth,taneomotic.tooth.0221
Gamo_gamo1243,tooth,taneomotic.tooth.0221
Gamo_gamo1243,tooth,taneomotic.tooth.0221
Gamo_gamo1243,tooth,taneomotic.tooth.0221
Gofa_gofa1235,tooth,taneomotic.tooth.0221
Kachama-Ganjule-Haro_kach1284,tooth,taneomotic.tooth.0223
Kafa_kafa1242,tooth,taneomotic.tooth.0223
Koorete_koor1239,tooth,taneomotic.tooth.0223
Koorete_koor1239,tooth,taneomotic.tooth.0223
Koorete_koor1239,tooth,taneomotic.tooth.0223
MaleEthiopia_male1284,tooth,taneomotic.tooth.0221
Melo_melo1242,tooth,taneomotic.tooth.0221
Oyda_oyda1235,tooth,taneomotic.tooth.0221
Shekkacho_shek1244,tooth,taneomotic.tooth.0223
Wolaytta_wola1242,tooth,taneomotic.tooth.0221
Wolaytta_wola1242,tooth,taneomotic.tooth.0221
Yemsa_yems1235,tooth,taneomotic.tooth.0221
Zayse-Zergulla_zays1235,tooth,taneomotic.tooth.0221
Zayse-Zergulla_zays1235,tooth,taneomotic.tooth.0221
Zayse-Zergulla_zays1235,tooth,taneomotic.tooth.0221
Zayse-Zergulla_zays1235,tooth,taneomotic.tooth.0221
Zayse-Zergulla_zays1235,tooth,taneomotic.tooth.0224
Anfillo_anfi1235,tree,taneomotic.tree.0225
Basketo_bask1236,tree,taneomotic.tree.0225
Bench_benc1235,tree,taneomotic.tree.0226
Bench_benc1235,tree,taneomotic.tree.0226
BoroEthiopia_boro1277,tree,taneomotic.tree.0225
Chara_char1269,tree,taneomotic.tree.0225
Dawro_dawr1236,tree,taneomotic.tree.0225
Dorze_dorz1235,tree,taneomotic.tree.0225
Gamo_gamo1243,tree,taneomotic.tree.0225
Gamo_gamo1243,tree,taneomotic.tree.0225
Gamo_gamo1243,tree,taneomotic.tree.0225
Gamo_gamo1243,tree,taneomotic.tree.0225
Gamo_gamo1243,tree,taneomotic.tree.0227
Gofa_gofa1235,tree,taneomotic.tree.0225
Gofa_gofa1235,tree,taneomotic.tree.0225
Kachama-Ganjule-Haro_kach1284,tree,taneomotic.tree.0225
Kafa_kafa1242,tree,taneomotic.tree.0225
Koorete_koor1239,tree,taneomotic.tree.0225
Koorete_koor1239,tree,taneomotic.tree.0225
Koorete_koor1239,tree,taneomotic.tree.0225
MaleEthiopia_male1284,tree,taneomotic.tree.0225
Melo_melo1242,tree,taneomotic.tree.0225
Melo_melo1242,tree,taneomotic.tree.0229
Oyda_oyda1235,tree,taneomotic.tree.0225
Shekkacho_shek1244,tree,taneomotic.tree.0225
Wolaytta_wola1242,tree,taneomotic.tree.0225
Wolaytta_wola1242,tree,taneomotic.tree.0230
Yemsa_yems1235,tree,taneomotic.tree.0228
Zayse-Zergulla_zays1235,tree,taneomotic.tree.0225
Zayse-Zergulla_zays1235,tree,taneomotic.tree.0225
Zayse-Zergulla_zays1235,tree,taneomotic.tree.0225
Anfillo_anfi1235,two,taneomotic.two.0236
Basketo_bask1236,two,taneomotic.two.0231
Bench_benc1235,two,taneomotic.two.0231
Bench_benc1235,two,taneomotic.two.0231
BoroEthiopia_boro1277,two,taneomotic.two.0236
Chara_char1269,two,taneomotic.two.0232
Dawro_dawr1236,two,taneomotic.two.0237
Dorze_dorz1235,two,taneomotic.two.0233
Gamo_gamo1243,two,taneomotic.two.0231
Gamo_gamo1243,two,taneomotic.two.0233
Gamo_gamo1243,two,taneomotic.two.0233
Gamo_gamo1243,two,taneomotic.two.0233
Gamo_gamo1243,two,taneomotic.two.0233
Gamo_gamo1243,two,taneomotic.two.0233
Gofa_gofa1235,two,taneomotic.two.0233
Kachama-Ganjule-Haro_kach1284,two,taneomotic.two.0235
Kafa_kafa1242,two,taneomotic.two.0236
Koorete_koor1239,two,taneomotic.two.0231
Koorete_koor1239,two,taneomotic.two.0233
Koorete_koor1239,two,taneomotic.two.0233
Koorete_koor1239,two,taneomotic.two.0233
Koorete_koor1239,two,taneomotic.two.0233
MaleEthiopia_male1284,two,taneomotic.two.0238
Melo_melo1242,two,taneomotic.two.0233
Oyda_oyda1235,two,taneomotic.two.0233
Shekkacho_shek1244,two,taneomotic.two.0236
Wolaytta_wola1242,two,taneomotic.two.0233
Wolaytta_wola1242,two,taneomotic.two.0233
Yemsa_yems1235,two,taneomotic.two.0234
Zayse-Zergulla_zays1235,two,taneomotic.two.0231
Zayse-Zergulla_zays1235,two,taneomotic.two.0231
Zayse-Zergulla_zays1235,two,taneomotic.two.0233
Zayse-Zergulla_zays1235,two,taneomotic.two.0233
Zayse-Zergulla_zays1235,two,taneomotic.two.0239
Anfillo_anfi1235,water,taneomotic.water.0243
Basketo_bask1236,water,taneomotic.water.0240
Bench_benc1235,water,taneomotic.water.0241
Bench_benc1235,water,taneomotic.water.0241
BoroEthiopia_boro1277,water,taneomotic.water.0240
Chara_char1269,water,taneomotic.water.0240
Dawro_dawr1236,water,taneomotic.water.0240
Dorze_dorz1235,water,taneomotic.water.0240
Gamo_gamo1243,water,taneomotic.water.0240
Gamo_gamo1243,water,taneomotic.water.0240
Gamo_gamo1243,water,taneomotic.water.0240
Gamo_gamo1243,water,taneomotic.water.0240
Gamo_gamo1243,water,taneomotic.water.0240
Gofa_gofa1235,water,taneomotic.water.0240
Gofa_gofa1235,water,taneomotic.water.0240
Kachama-Ganjule-Haro_kach1284,water,taneomotic.water.0240
Kafa_kafa1242,water,taneomotic.water.0240
Koorete_koor1239,water,taneomotic.water.0240
Koorete_koor1239,water,taneomotic.water.0240
Koorete_koor1239,water,taneomotic.water.0240
MaleEthiopia_male1284,water,taneomotic.water.0240
Melo_melo1242,water,taneomotic.water.0240
Oyda_oyda1235,water,taneomotic.water.0240
Shekkacho_shek1244,water,taneomotic.water.0240
Wolaytta_wola1242,water,taneomotic.water.0240
Wolaytta_wola1242,water,taneomotic.water.0240
Yemsa_yems1235,water,taneomotic.water.0242
Zayse-Zergulla_zays1235,water,taneomotic.water.0240
Zayse-Zergulla_zays1235,water,taneomotic.water.0240
Zayse-Zergulla_zays1235,water,taneomotic.water.0240
