Language_ID,Feature_ID,Value
Abui_abui1241,1pl,timoralorpantar.1pl.0001
Abui_abui1241,1pl,timoralorpantar.1pl.0002
Adang_adan1251,1pl,timoralorpantar.1pl.0002
Blagar_blag1240,1pl,?
Fataluku_fata1247,1pl,timoralorpantar.1pl.0001
Hamap_hama1240,1pl,timoralorpantar.1pl.0002
Kabola_kabo1247,1pl,timoralorpantar.1pl.0002
Kafoa_kafo1240,1pl,timoralorpantar.1pl.0003
Kamang_kama1365,1pl,?
Klon_kelo1247,1pl,timoralorpantar.1pl.0002
KuiIndonesia_kuii1253,1pl,timoralorpantar.1pl.0004
KulaIndonesia_kula1280,1pl,?
Makasae-Makalero_maka1316,1pl,timoralorpantar.1pl.0002
Nedebang_nede1245,1pl,?
Oirata_oira1263,1pl,timoralorpantar.1pl.0005
Sawila_sawi1256,1pl,?
Teiwa_teiw1235,1pl,timoralorpantar.1pl.0002
Teiwa_teiw1235,1pl,timoralorpantar.1pl.0002
Wersing_wers1238,1pl,?
WesternPantar_lamm1241,1pl,timoralorpantar.1pl.0002
Abui_abui1241,1sg,timoralorpantar.1sg.0007
Abui_abui1241,1sg,timoralorpantar.1sg.0008
Adang_adan1251,1sg,timoralorpantar.1sg.0008
Blagar_blag1240,1sg,?
Fataluku_fata1247,1sg,timoralorpantar.1sg.0008
Hamap_hama1240,1sg,timoralorpantar.1sg.0008
Kabola_kabo1247,1sg,timoralorpantar.1sg.0008
Kafoa_kafo1240,1sg,timoralorpantar.1sg.0008
Kamang_kama1365,1sg,?
Klon_kelo1247,1sg,timoralorpantar.1sg.0008
KuiIndonesia_kuii1253,1sg,?
KulaIndonesia_kula1280,1sg,?
Makasae-Makalero_maka1316,1sg,?
Nedebang_nede1245,1sg,?
Oirata_oira1263,1sg,timoralorpantar.1sg.0009
Sawila_sawi1256,1sg,?
Teiwa_teiw1235,1sg,timoralorpantar.1sg.0008
Teiwa_teiw1235,1sg,timoralorpantar.1sg.0008
Wersing_wers1238,1sg,?
WesternPantar_lamm1241,1sg,timoralorpantar.1sg.0008
Abui_abui1241,2sg,timoralorpantar.2sg.0010
Abui_abui1241,2sg,timoralorpantar.2sg.0011
Abui_abui1241,2sg,timoralorpantar.2sg.0014
Adang_adan1251,2sg,timoralorpantar.2sg.0011
Blagar_blag1240,2sg,?
Fataluku_fata1247,2sg,timoralorpantar.2sg.0012
Hamap_hama1240,2sg,timoralorpantar.2sg.0011
Kabola_kabo1247,2sg,timoralorpantar.2sg.0011
Kafoa_kafo1240,2sg,timoralorpantar.2sg.0011
Kamang_kama1365,2sg,?
Klon_kelo1247,2sg,timoralorpantar.2sg.0011
KuiIndonesia_kuii1253,2sg,timoralorpantar.2sg.0013
KulaIndonesia_kula1280,2sg,?
Makasae-Makalero_maka1316,2sg,?
Nedebang_nede1245,2sg,?
Oirata_oira1263,2sg,?
Sawila_sawi1256,2sg,?
Teiwa_teiw1235,2sg,timoralorpantar.2sg.0011
Teiwa_teiw1235,2sg,timoralorpantar.2sg.0011
Wersing_wers1238,2sg,?
WesternPantar_lamm1241,2sg,timoralorpantar.2sg.0011
Abui_abui1241,blood,timoralorpantar.blood.0015
Abui_abui1241,blood,timoralorpantar.blood.0015
Abui_abui1241,blood,timoralorpantar.blood.0015
Abui_abui1241,blood,timoralorpantar.blood.0016
Abui_abui1241,blood,timoralorpantar.blood.0017
Adang_adan1251,blood,timoralorpantar.blood.0015
Adang_adan1251,blood,timoralorpantar.blood.0015
Blagar_blag1240,blood,timoralorpantar.blood.0015
Blagar_blag1240,blood,timoralorpantar.blood.0015
Blagar_blag1240,blood,timoralorpantar.blood.0015
Blagar_blag1240,blood,timoralorpantar.blood.0016
Blagar_blag1240,blood,timoralorpantar.blood.0016
Blagar_blag1240,blood,timoralorpantar.blood.0016
Blagar_blag1240,blood,timoralorpantar.blood.0016
Blagar_blag1240,blood,timoralorpantar.blood.0018
Fataluku_fata1247,blood,timoralorpantar.blood.0015
Hamap_hama1240,blood,?
Kabola_kabo1247,blood,timoralorpantar.blood.0015
Kabola_kabo1247,blood,timoralorpantar.blood.0015
Kabola_kabo1247,blood,timoralorpantar.blood.0015
Kabola_kabo1247,blood,timoralorpantar.blood.0016
Kafoa_kafo1240,blood,timoralorpantar.blood.0015
Kamang_kama1365,blood,timoralorpantar.blood.0015
Kamang_kama1365,blood,timoralorpantar.blood.0015
Kamang_kama1365,blood,timoralorpantar.blood.0015
Kamang_kama1365,blood,timoralorpantar.blood.0015
Kamang_kama1365,blood,timoralorpantar.blood.0016
Kamang_kama1365,blood,timoralorpantar.blood.0016
Klon_kelo1247,blood,timoralorpantar.blood.0015
Klon_kelo1247,blood,timoralorpantar.blood.0015
Klon_kelo1247,blood,timoralorpantar.blood.0015
KuiIndonesia_kuii1253,blood,timoralorpantar.blood.0015
KulaIndonesia_kula1280,blood,timoralorpantar.blood.0016
Makasae-Makalero_maka1316,blood,timoralorpantar.blood.0015
Nedebang_nede1245,blood,timoralorpantar.blood.0015
Oirata_oira1263,blood,timoralorpantar.blood.0015
Sawila_sawi1256,blood,timoralorpantar.blood.0015
Teiwa_teiw1235,blood,timoralorpantar.blood.0015
Teiwa_teiw1235,blood,timoralorpantar.blood.0016
Teiwa_teiw1235,blood,timoralorpantar.blood.0018
Teiwa_teiw1235,blood,timoralorpantar.blood.0018
Teiwa_teiw1235,blood,timoralorpantar.blood.0018
Wersing_wers1238,blood,timoralorpantar.blood.0015
WesternPantar_lamm1241,blood,timoralorpantar.blood.0015
WesternPantar_lamm1241,blood,timoralorpantar.blood.0015
WesternPantar_lamm1241,blood,timoralorpantar.blood.0015
WesternPantar_lamm1241,blood,timoralorpantar.blood.0018
WesternPantar_lamm1241,blood,timoralorpantar.blood.0018
Abui_abui1241,bone,timoralorpantar.bone.0019
Abui_abui1241,bone,timoralorpantar.bone.0019
Abui_abui1241,bone,timoralorpantar.bone.0019
Abui_abui1241,bone,timoralorpantar.bone.0020
Abui_abui1241,bone,timoralorpantar.bone.0021
Adang_adan1251,bone,timoralorpantar.bone.0022
Adang_adan1251,bone,timoralorpantar.bone.0023
Blagar_blag1240,bone,timoralorpantar.bone.0022
Blagar_blag1240,bone,timoralorpantar.bone.0022
Blagar_blag1240,bone,timoralorpantar.bone.0024
Blagar_blag1240,bone,timoralorpantar.bone.0024
Blagar_blag1240,bone,timoralorpantar.bone.0024
Blagar_blag1240,bone,timoralorpantar.bone.0024
Blagar_blag1240,bone,timoralorpantar.bone.0025
Fataluku_fata1247,bone,timoralorpantar.bone.0019
Hamap_hama1240,bone,timoralorpantar.bone.0023
Kabola_kabo1247,bone,timoralorpantar.bone.0022
Kabola_kabo1247,bone,timoralorpantar.bone.0022
Kabola_kabo1247,bone,timoralorpantar.bone.0023
Kabola_kabo1247,bone,timoralorpantar.bone.0023
Kafoa_kafo1240,bone,timoralorpantar.bone.0019
Kamang_kama1365,bone,timoralorpantar.bone.0026
Kamang_kama1365,bone,timoralorpantar.bone.0026
Kamang_kama1365,bone,timoralorpantar.bone.0026
Kamang_kama1365,bone,timoralorpantar.bone.0027
Kamang_kama1365,bone,timoralorpantar.bone.0027
Kamang_kama1365,bone,timoralorpantar.bone.0027
Klon_kelo1247,bone,timoralorpantar.bone.0022
Klon_kelo1247,bone,timoralorpantar.bone.0022
Klon_kelo1247,bone,timoralorpantar.bone.0022
KuiIndonesia_kuii1253,bone,timoralorpantar.bone.0022
KulaIndonesia_kula1280,bone,timoralorpantar.bone.0027
Makasae-Makalero_maka1316,bone,timoralorpantar.bone.0019
Nedebang_nede1245,bone,timoralorpantar.bone.0030
Oirata_oira1263,bone,timoralorpantar.bone.0019
Sawila_sawi1256,bone,timoralorpantar.bone.0026
Teiwa_teiw1235,bone,timoralorpantar.bone.0030
Teiwa_teiw1235,bone,timoralorpantar.bone.0030
Teiwa_teiw1235,bone,timoralorpantar.bone.0030
Teiwa_teiw1235,bone,timoralorpantar.bone.0031
Teiwa_teiw1235,bone,timoralorpantar.bone.0031
Wersing_wers1238,bone,timoralorpantar.bone.0026
WesternPantar_lamm1241,bone,timoralorpantar.bone.0028
WesternPantar_lamm1241,bone,timoralorpantar.bone.0028
WesternPantar_lamm1241,bone,timoralorpantar.bone.0028
WesternPantar_lamm1241,bone,timoralorpantar.bone.0028
WesternPantar_lamm1241,bone,timoralorpantar.bone.0029
WesternPantar_lamm1241,bone,timoralorpantar.bone.0032
Abui_abui1241,breast,timoralorpantar.breast.0033
Abui_abui1241,breast,timoralorpantar.breast.0034
Abui_abui1241,breast,timoralorpantar.breast.0034
Abui_abui1241,breast,timoralorpantar.breast.0035
Abui_abui1241,breast,timoralorpantar.breast.0036
Abui_abui1241,breast,timoralorpantar.breast.0042
Adang_adan1251,breast,timoralorpantar.breast.0036
Adang_adan1251,breast,timoralorpantar.breast.0036
Blagar_blag1240,breast,timoralorpantar.breast.0034
Blagar_blag1240,breast,timoralorpantar.breast.0037
Blagar_blag1240,breast,timoralorpantar.breast.0038
Blagar_blag1240,breast,timoralorpantar.breast.0038
Blagar_blag1240,breast,timoralorpantar.breast.0038
Blagar_blag1240,breast,timoralorpantar.breast.0038
Blagar_blag1240,breast,timoralorpantar.breast.0039
Fataluku_fata1247,breast,timoralorpantar.breast.0040
Hamap_hama1240,breast,timoralorpantar.breast.0041
Kabola_kabo1247,breast,timoralorpantar.breast.0034
Kabola_kabo1247,breast,timoralorpantar.breast.0034
Kabola_kabo1247,breast,timoralorpantar.breast.0036
Kabola_kabo1247,breast,timoralorpantar.breast.0039
Kafoa_kafo1240,breast,timoralorpantar.breast.0043
Kamang_kama1365,breast,timoralorpantar.breast.0039
Kamang_kama1365,breast,timoralorpantar.breast.0044
Kamang_kama1365,breast,timoralorpantar.breast.0044
Kamang_kama1365,breast,timoralorpantar.breast.0044
Kamang_kama1365,breast,timoralorpantar.breast.0044
Kamang_kama1365,breast,timoralorpantar.breast.0045
Kamang_kama1365,breast,timoralorpantar.breast.0045
Kamang_kama1365,breast,timoralorpantar.breast.0045
Klon_kelo1247,breast,timoralorpantar.breast.0034
Klon_kelo1247,breast,timoralorpantar.breast.0034
Klon_kelo1247,breast,timoralorpantar.breast.0047
KuiIndonesia_kuii1253,breast,timoralorpantar.breast.0042
KulaIndonesia_kula1280,breast,timoralorpantar.breast.0048
Makasae-Makalero_maka1316,breast,timoralorpantar.breast.0049
Nedebang_nede1245,breast,timoralorpantar.breast.0044
Oirata_oira1263,breast,timoralorpantar.breast.0049
Sawila_sawi1256,breast,timoralorpantar.breast.0044
Teiwa_teiw1235,breast,timoralorpantar.breast.0039
Teiwa_teiw1235,breast,timoralorpantar.breast.0039
Teiwa_teiw1235,breast,timoralorpantar.breast.0041
Teiwa_teiw1235,breast,timoralorpantar.breast.0045
Teiwa_teiw1235,breast,timoralorpantar.breast.0045
Wersing_wers1238,breast,timoralorpantar.breast.0044
WesternPantar_lamm1241,breast,timoralorpantar.breast.0033
WesternPantar_lamm1241,breast,timoralorpantar.breast.0045
WesternPantar_lamm1241,breast,timoralorpantar.breast.0045
WesternPantar_lamm1241,breast,timoralorpantar.breast.0045
WesternPantar_lamm1241,breast,timoralorpantar.breast.0045
Abui_abui1241,come,timoralorpantar.come.0050
Abui_abui1241,come,timoralorpantar.come.0050
Abui_abui1241,come,timoralorpantar.come.0050
Abui_abui1241,come,timoralorpantar.come.0051
Abui_abui1241,come,timoralorpantar.come.0052
Adang_adan1251,come,timoralorpantar.come.0050
Adang_adan1251,come,timoralorpantar.come.0053
Blagar_blag1240,come,timoralorpantar.come.0050
Blagar_blag1240,come,timoralorpantar.come.0050
Blagar_blag1240,come,timoralorpantar.come.0050
Blagar_blag1240,come,timoralorpantar.come.0050
Blagar_blag1240,come,timoralorpantar.come.0050
Blagar_blag1240,come,timoralorpantar.come.0054
Blagar_blag1240,come,timoralorpantar.come.0055
Fataluku_fata1247,come,timoralorpantar.come.0050
Hamap_hama1240,come,timoralorpantar.come.0050
Kabola_kabo1247,come,timoralorpantar.come.0050
Kabola_kabo1247,come,timoralorpantar.come.0050
Kabola_kabo1247,come,timoralorpantar.come.0056
Kabola_kabo1247,come,timoralorpantar.come.0056
Kafoa_kafo1240,come,timoralorpantar.come.0050
Kamang_kama1365,come,timoralorpantar.come.0050
Kamang_kama1365,come,timoralorpantar.come.0050
Kamang_kama1365,come,timoralorpantar.come.0050
Kamang_kama1365,come,timoralorpantar.come.0056
Kamang_kama1365,come,timoralorpantar.come.0056
Kamang_kama1365,come,timoralorpantar.come.0056
Kamang_kama1365,come,timoralorpantar.come.0056
Kamang_kama1365,come,timoralorpantar.come.0057
Klon_kelo1247,come,timoralorpantar.come.0050
Klon_kelo1247,come,timoralorpantar.come.0050
Klon_kelo1247,come,timoralorpantar.come.0054
KuiIndonesia_kuii1253,come,timoralorpantar.come.0050
KulaIndonesia_kula1280,come,timoralorpantar.come.0050
KulaIndonesia_kula1280,come,timoralorpantar.come.0058
Makasae-Makalero_maka1316,come,timoralorpantar.come.0050
Nedebang_nede1245,come,timoralorpantar.come.0050
Nedebang_nede1245,come,timoralorpantar.come.0054
Oirata_oira1263,come,timoralorpantar.come.0050
Sawila_sawi1256,come,timoralorpantar.come.0050
Teiwa_teiw1235,come,timoralorpantar.come.0050
Teiwa_teiw1235,come,timoralorpantar.come.0050
Teiwa_teiw1235,come,timoralorpantar.come.0050
Teiwa_teiw1235,come,timoralorpantar.come.0050
Teiwa_teiw1235,come,timoralorpantar.come.0054
Wersing_wers1238,come,timoralorpantar.come.0050
WesternPantar_lamm1241,come,timoralorpantar.come.0050
WesternPantar_lamm1241,come,timoralorpantar.come.0050
WesternPantar_lamm1241,come,timoralorpantar.come.0050
WesternPantar_lamm1241,come,timoralorpantar.come.0050
WesternPantar_lamm1241,come,timoralorpantar.come.0050
Abui_abui1241,die,timoralorpantar.die.0059
Abui_abui1241,die,timoralorpantar.die.0059
Abui_abui1241,die,timoralorpantar.die.0059
Abui_abui1241,die,timoralorpantar.die.0059
Abui_abui1241,die,timoralorpantar.die.0060
Adang_adan1251,die,timoralorpantar.die.0059
Adang_adan1251,die,timoralorpantar.die.0059
Blagar_blag1240,die,timoralorpantar.die.0059
Blagar_blag1240,die,timoralorpantar.die.0059
Blagar_blag1240,die,timoralorpantar.die.0059
Blagar_blag1240,die,timoralorpantar.die.0059
Blagar_blag1240,die,timoralorpantar.die.0059
Blagar_blag1240,die,timoralorpantar.die.0059
Blagar_blag1240,die,timoralorpantar.die.0059
Fataluku_fata1247,die,timoralorpantar.die.0061
Hamap_hama1240,die,timoralorpantar.die.0059
Kabola_kabo1247,die,timoralorpantar.die.0059
Kabola_kabo1247,die,timoralorpantar.die.0059
Kabola_kabo1247,die,timoralorpantar.die.0059
Kabola_kabo1247,die,timoralorpantar.die.0059
Kafoa_kafo1240,die,timoralorpantar.die.0059
Kamang_kama1365,die,timoralorpantar.die.0062
Kamang_kama1365,die,timoralorpantar.die.0063
Kamang_kama1365,die,timoralorpantar.die.0063
Kamang_kama1365,die,timoralorpantar.die.0064
Kamang_kama1365,die,timoralorpantar.die.0065
Kamang_kama1365,die,timoralorpantar.die.0065
Kamang_kama1365,die,timoralorpantar.die.0067
Klon_kelo1247,die,timoralorpantar.die.0067
Klon_kelo1247,die,timoralorpantar.die.0067
Klon_kelo1247,die,timoralorpantar.die.0067
KuiIndonesia_kuii1253,die,timoralorpantar.die.0059
KulaIndonesia_kula1280,die,timoralorpantar.die.0061
Makasae-Makalero_maka1316,die,timoralorpantar.die.0061
Nedebang_nede1245,die,timoralorpantar.die.0059
Oirata_oira1263,die,timoralorpantar.die.0061
Sawila_sawi1256,die,timoralorpantar.die.0068
Teiwa_teiw1235,die,timoralorpantar.die.0059
Teiwa_teiw1235,die,timoralorpantar.die.0059
Teiwa_teiw1235,die,timoralorpantar.die.0059
Teiwa_teiw1235,die,timoralorpantar.die.0059
Teiwa_teiw1235,die,timoralorpantar.die.0059
Wersing_wers1238,die,timoralorpantar.die.0069
WesternPantar_lamm1241,die,timoralorpantar.die.0066
WesternPantar_lamm1241,die,timoralorpantar.die.0066
WesternPantar_lamm1241,die,timoralorpantar.die.0066
WesternPantar_lamm1241,die,timoralorpantar.die.0066
WesternPantar_lamm1241,die,timoralorpantar.die.0066
Abui_abui1241,dog,timoralorpantar.dog.0070
Abui_abui1241,dog,timoralorpantar.dog.0071
Abui_abui1241,dog,timoralorpantar.dog.0071
Abui_abui1241,dog,timoralorpantar.dog.0071
Abui_abui1241,dog,timoralorpantar.dog.0072
Abui_abui1241,dog,timoralorpantar.dog.0074
Adang_adan1251,dog,timoralorpantar.dog.0073
Adang_adan1251,dog,timoralorpantar.dog.0073
Blagar_blag1240,dog,timoralorpantar.dog.0074
Blagar_blag1240,dog,timoralorpantar.dog.0074
Blagar_blag1240,dog,timoralorpantar.dog.0074
Blagar_blag1240,dog,timoralorpantar.dog.0074
Blagar_blag1240,dog,timoralorpantar.dog.0074
Blagar_blag1240,dog,timoralorpantar.dog.0074
Blagar_blag1240,dog,timoralorpantar.dog.0074
Fataluku_fata1247,dog,timoralorpantar.dog.0075
Hamap_hama1240,dog,timoralorpantar.dog.0073
Kabola_kabo1247,dog,timoralorpantar.dog.0073
Kabola_kabo1247,dog,timoralorpantar.dog.0073
Kabola_kabo1247,dog,timoralorpantar.dog.0073
Kabola_kabo1247,dog,timoralorpantar.dog.0073
Kafoa_kafo1240,dog,timoralorpantar.dog.0070
Kamang_kama1365,dog,timoralorpantar.dog.0070
Kamang_kama1365,dog,timoralorpantar.dog.0070
Kamang_kama1365,dog,timoralorpantar.dog.0070
Kamang_kama1365,dog,timoralorpantar.dog.0076
Kamang_kama1365,dog,timoralorpantar.dog.0076
Kamang_kama1365,dog,timoralorpantar.dog.0076
Klon_kelo1247,dog,timoralorpantar.dog.0070
Klon_kelo1247,dog,timoralorpantar.dog.0070
Klon_kelo1247,dog,timoralorpantar.dog.0070
KuiIndonesia_kuii1253,dog,timoralorpantar.dog.0070
KulaIndonesia_kula1280,dog,timoralorpantar.dog.0077
Makasae-Makalero_maka1316,dog,timoralorpantar.dog.0074
Nedebang_nede1245,dog,timoralorpantar.dog.0080
Oirata_oira1263,dog,timoralorpantar.dog.0075
Sawila_sawi1256,dog,timoralorpantar.dog.0081
Teiwa_teiw1235,dog,timoralorpantar.dog.0074
Teiwa_teiw1235,dog,timoralorpantar.dog.0074
Teiwa_teiw1235,dog,timoralorpantar.dog.0074
Teiwa_teiw1235,dog,timoralorpantar.dog.0074
Teiwa_teiw1235,dog,timoralorpantar.dog.0074
Wersing_wers1238,dog,timoralorpantar.dog.0077
WesternPantar_lamm1241,dog,timoralorpantar.dog.0074
WesternPantar_lamm1241,dog,timoralorpantar.dog.0078
WesternPantar_lamm1241,dog,timoralorpantar.dog.0079
WesternPantar_lamm1241,dog,timoralorpantar.dog.0079
WesternPantar_lamm1241,dog,timoralorpantar.dog.0079
WesternPantar_lamm1241,dog,timoralorpantar.dog.0079
Abui_abui1241,drink,timoralorpantar.drink.0082
Abui_abui1241,drink,timoralorpantar.drink.0082
Abui_abui1241,drink,timoralorpantar.drink.0082
Abui_abui1241,drink,timoralorpantar.drink.0082
Abui_abui1241,drink,timoralorpantar.drink.0083
Adang_adan1251,drink,timoralorpantar.drink.0084
Adang_adan1251,drink,timoralorpantar.drink.0084
Blagar_blag1240,drink,timoralorpantar.drink.0084
Blagar_blag1240,drink,timoralorpantar.drink.0084
Blagar_blag1240,drink,timoralorpantar.drink.0084
Blagar_blag1240,drink,timoralorpantar.drink.0084
Blagar_blag1240,drink,timoralorpantar.drink.0084
Blagar_blag1240,drink,timoralorpantar.drink.0084
Blagar_blag1240,drink,timoralorpantar.drink.0085
Fataluku_fata1247,drink,timoralorpantar.drink.0085
Fataluku_fata1247,drink,timoralorpantar.drink.0086
Hamap_hama1240,drink,timoralorpantar.drink.0084
Kabola_kabo1247,drink,timoralorpantar.drink.0084
Kabola_kabo1247,drink,timoralorpantar.drink.0084
Kabola_kabo1247,drink,timoralorpantar.drink.0084
Kabola_kabo1247,drink,timoralorpantar.drink.0087
Kafoa_kafo1240,drink,timoralorpantar.drink.0088
Kamang_kama1365,drink,timoralorpantar.drink.0084
Kamang_kama1365,drink,timoralorpantar.drink.0084
Kamang_kama1365,drink,timoralorpantar.drink.0084
Kamang_kama1365,drink,timoralorpantar.drink.0084
Kamang_kama1365,drink,timoralorpantar.drink.0084
Kamang_kama1365,drink,timoralorpantar.drink.0084
Klon_kelo1247,drink,timoralorpantar.drink.0084
Klon_kelo1247,drink,timoralorpantar.drink.0084
Klon_kelo1247,drink,timoralorpantar.drink.0084
KuiIndonesia_kuii1253,drink,timoralorpantar.drink.0084
KulaIndonesia_kula1280,drink,timoralorpantar.drink.0084
Makasae-Makalero_maka1316,drink,timoralorpantar.drink.0090
Nedebang_nede1245,drink,timoralorpantar.drink.0091
Oirata_oira1263,drink,timoralorpantar.drink.0092
Sawila_sawi1256,drink,timoralorpantar.drink.0085
Teiwa_teiw1235,drink,timoralorpantar.drink.0093
Teiwa_teiw1235,drink,timoralorpantar.drink.0093
Teiwa_teiw1235,drink,timoralorpantar.drink.0093
Teiwa_teiw1235,drink,timoralorpantar.drink.0094
Teiwa_teiw1235,drink,timoralorpantar.drink.0095
Wersing_wers1238,drink,timoralorpantar.drink.0096
WesternPantar_lamm1241,drink,timoralorpantar.drink.0089
WesternPantar_lamm1241,drink,timoralorpantar.drink.0089
WesternPantar_lamm1241,drink,timoralorpantar.drink.0089
WesternPantar_lamm1241,drink,timoralorpantar.drink.0089
WesternPantar_lamm1241,drink,timoralorpantar.drink.0089
Abui_abui1241,ear,timoralorpantar.ear.0097
Abui_abui1241,ear,timoralorpantar.ear.0098
Abui_abui1241,ear,timoralorpantar.ear.0098
Abui_abui1241,ear,timoralorpantar.ear.0099
Abui_abui1241,ear,timoralorpantar.ear.0102
Adang_adan1251,ear,timoralorpantar.ear.0097
Adang_adan1251,ear,timoralorpantar.ear.0100
Blagar_blag1240,ear,timoralorpantar.ear.0097
Blagar_blag1240,ear,timoralorpantar.ear.0097
Blagar_blag1240,ear,timoralorpantar.ear.0097
Blagar_blag1240,ear,timoralorpantar.ear.0097
Blagar_blag1240,ear,timoralorpantar.ear.0097
Blagar_blag1240,ear,timoralorpantar.ear.0097
Blagar_blag1240,ear,timoralorpantar.ear.0097
Fataluku_fata1247,ear,timoralorpantar.ear.0101
Hamap_hama1240,ear,timoralorpantar.ear.0097
Kabola_kabo1247,ear,timoralorpantar.ear.0097
Kabola_kabo1247,ear,timoralorpantar.ear.0097
Kabola_kabo1247,ear,timoralorpantar.ear.0097
Kabola_kabo1247,ear,timoralorpantar.ear.0097
Kafoa_kafo1240,ear,timoralorpantar.ear.0097
Kamang_kama1365,ear,timoralorpantar.ear.0097
Kamang_kama1365,ear,timoralorpantar.ear.0097
Kamang_kama1365,ear,timoralorpantar.ear.0097
Kamang_kama1365,ear,timoralorpantar.ear.0102
Kamang_kama1365,ear,timoralorpantar.ear.0103
Kamang_kama1365,ear,timoralorpantar.ear.0104
Klon_kelo1247,ear,timoralorpantar.ear.0097
Klon_kelo1247,ear,timoralorpantar.ear.0097
Klon_kelo1247,ear,timoralorpantar.ear.0097
KuiIndonesia_kuii1253,ear,timoralorpantar.ear.0101
KulaIndonesia_kula1280,ear,timoralorpantar.ear.0105
Makasae-Makalero_maka1316,ear,timoralorpantar.ear.0101
Nedebang_nede1245,ear,timoralorpantar.ear.0098
Oirata_oira1263,ear,timoralorpantar.ear.0101
Sawila_sawi1256,ear,timoralorpantar.ear.0102
Teiwa_teiw1235,ear,timoralorpantar.ear.0098
Teiwa_teiw1235,ear,timoralorpantar.ear.0098
Teiwa_teiw1235,ear,timoralorpantar.ear.0098
Teiwa_teiw1235,ear,timoralorpantar.ear.0098
Teiwa_teiw1235,ear,timoralorpantar.ear.0098
Teiwa_teiw1235,ear,timoralorpantar.ear.0098
Wersing_wers1238,ear,timoralorpantar.ear.0098
WesternPantar_lamm1241,ear,timoralorpantar.ear.0097
WesternPantar_lamm1241,ear,timoralorpantar.ear.0097
WesternPantar_lamm1241,ear,timoralorpantar.ear.0097
WesternPantar_lamm1241,ear,timoralorpantar.ear.0097
WesternPantar_lamm1241,ear,timoralorpantar.ear.0098
WesternPantar_lamm1241,ear,timoralorpantar.ear.0098
Abui_abui1241,eye,timoralorpantar.eye.0106
Abui_abui1241,eye,timoralorpantar.eye.0107
Abui_abui1241,eye,timoralorpantar.eye.0107
Abui_abui1241,eye,timoralorpantar.eye.0107
Abui_abui1241,eye,timoralorpantar.eye.0107
Abui_abui1241,eye,timoralorpantar.eye.0108
Adang_adan1251,eye,timoralorpantar.eye.0109
Adang_adan1251,eye,timoralorpantar.eye.0110
Blagar_blag1240,eye,timoralorpantar.eye.0107
Blagar_blag1240,eye,timoralorpantar.eye.0107
Blagar_blag1240,eye,timoralorpantar.eye.0107
Blagar_blag1240,eye,timoralorpantar.eye.0107
Blagar_blag1240,eye,timoralorpantar.eye.0107
Blagar_blag1240,eye,timoralorpantar.eye.0107
Blagar_blag1240,eye,timoralorpantar.eye.0111
Fataluku_fata1247,eye,timoralorpantar.eye.0107
Fataluku_fata1247,eye,timoralorpantar.eye.0107
Hamap_hama1240,eye,timoralorpantar.eye.0112
Kabola_kabo1247,eye,timoralorpantar.eye.0112
Kabola_kabo1247,eye,timoralorpantar.eye.0112
Kabola_kabo1247,eye,timoralorpantar.eye.0112
Kabola_kabo1247,eye,timoralorpantar.eye.0113
Kafoa_kafo1240,eye,timoralorpantar.eye.0107
Kamang_kama1365,eye,timoralorpantar.eye.0107
Kamang_kama1365,eye,timoralorpantar.eye.0107
Kamang_kama1365,eye,timoralorpantar.eye.0115
Kamang_kama1365,eye,timoralorpantar.eye.0115
Kamang_kama1365,eye,timoralorpantar.eye.0115
Kamang_kama1365,eye,timoralorpantar.eye.0115
Klon_kelo1247,eye,timoralorpantar.eye.0107
Klon_kelo1247,eye,timoralorpantar.eye.0107
Klon_kelo1247,eye,timoralorpantar.eye.0107
KuiIndonesia_kuii1253,eye,timoralorpantar.eye.0107
KulaIndonesia_kula1280,eye,timoralorpantar.eye.0117
Makasae-Makalero_maka1316,eye,timoralorpantar.eye.0107
Nedebang_nede1245,eye,timoralorpantar.eye.0115
Nedebang_nede1245,eye,timoralorpantar.eye.0115
Oirata_oira1263,eye,timoralorpantar.eye.0116
Sawila_sawi1256,eye,timoralorpantar.eye.0111
Teiwa_teiw1235,eye,timoralorpantar.eye.0115
Teiwa_teiw1235,eye,timoralorpantar.eye.0115
Teiwa_teiw1235,eye,timoralorpantar.eye.0115
Teiwa_teiw1235,eye,timoralorpantar.eye.0116
Teiwa_teiw1235,eye,timoralorpantar.eye.0118
Teiwa_teiw1235,eye,timoralorpantar.eye.0118
Wersing_wers1238,eye,timoralorpantar.eye.0115
WesternPantar_lamm1241,eye,timoralorpantar.eye.0116
WesternPantar_lamm1241,eye,timoralorpantar.eye.0116
WesternPantar_lamm1241,eye,timoralorpantar.eye.0116
WesternPantar_lamm1241,eye,timoralorpantar.eye.0116
WesternPantar_lamm1241,eye,timoralorpantar.eye.0116
Abui_abui1241,fire,timoralorpantar.fire.0119
Abui_abui1241,fire,timoralorpantar.fire.0119
Abui_abui1241,fire,timoralorpantar.fire.0119
Abui_abui1241,fire,timoralorpantar.fire.0120
Abui_abui1241,fire,timoralorpantar.fire.0130
Adang_adan1251,fire,timoralorpantar.fire.0120
Adang_adan1251,fire,timoralorpantar.fire.0120
Adang_adan1251,fire,timoralorpantar.fire.0120
Blagar_blag1240,fire,timoralorpantar.fire.0121
Blagar_blag1240,fire,timoralorpantar.fire.0122
Blagar_blag1240,fire,timoralorpantar.fire.0122
Blagar_blag1240,fire,timoralorpantar.fire.0122
Blagar_blag1240,fire,timoralorpantar.fire.0122
Blagar_blag1240,fire,timoralorpantar.fire.0122
Blagar_blag1240,fire,timoralorpantar.fire.0122
Fataluku_fata1247,fire,timoralorpantar.fire.0119
Hamap_hama1240,fire,timoralorpantar.fire.0120
Kabola_kabo1247,fire,timoralorpantar.fire.0120
Kabola_kabo1247,fire,timoralorpantar.fire.0120
Kabola_kabo1247,fire,timoralorpantar.fire.0120
Kabola_kabo1247,fire,timoralorpantar.fire.0120
Kabola_kabo1247,fire,timoralorpantar.fire.0123
Kafoa_kafo1240,fire,timoralorpantar.fire.0119
Kamang_kama1365,fire,timoralorpantar.fire.0121
Kamang_kama1365,fire,timoralorpantar.fire.0121
Kamang_kama1365,fire,timoralorpantar.fire.0121
Kamang_kama1365,fire,timoralorpantar.fire.0122
Kamang_kama1365,fire,timoralorpantar.fire.0122
Kamang_kama1365,fire,timoralorpantar.fire.0122
Klon_kelo1247,fire,timoralorpantar.fire.0119
Klon_kelo1247,fire,timoralorpantar.fire.0120
Klon_kelo1247,fire,timoralorpantar.fire.0120
KuiIndonesia_kuii1253,fire,timoralorpantar.fire.0126
KulaIndonesia_kula1280,fire,timoralorpantar.fire.0119
Makasae-Makalero_maka1316,fire,timoralorpantar.fire.0129
Nedebang_nede1245,fire,timoralorpantar.fire.0126
Oirata_oira1263,fire,timoralorpantar.fire.0119
Sawila_sawi1256,fire,timoralorpantar.fire.0119
Teiwa_teiw1235,fire,timoralorpantar.fire.0120
Teiwa_teiw1235,fire,timoralorpantar.fire.0126
Teiwa_teiw1235,fire,timoralorpantar.fire.0126
Teiwa_teiw1235,fire,timoralorpantar.fire.0126
Teiwa_teiw1235,fire,timoralorpantar.fire.0126
Wersing_wers1238,fire,timoralorpantar.fire.0120
WesternPantar_lamm1241,fire,timoralorpantar.fire.0119
WesternPantar_lamm1241,fire,timoralorpantar.fire.0120
WesternPantar_lamm1241,fire,timoralorpantar.fire.0127
WesternPantar_lamm1241,fire,timoralorpantar.fire.0128
WesternPantar_lamm1241,fire,timoralorpantar.fire.0131
Abui_abui1241,fish,timoralorpantar.fish.0132
Abui_abui1241,fish,timoralorpantar.fish.0132
Abui_abui1241,fish,timoralorpantar.fish.0132
Abui_abui1241,fish,timoralorpantar.fish.0132
Abui_abui1241,fish,timoralorpantar.fish.0132
Adang_adan1251,fish,timoralorpantar.fish.0132
Adang_adan1251,fish,timoralorpantar.fish.0132
Blagar_blag1240,fish,timoralorpantar.fish.0132
Blagar_blag1240,fish,timoralorpantar.fish.0132
Blagar_blag1240,fish,timoralorpantar.fish.0132
Blagar_blag1240,fish,timoralorpantar.fish.0132
Blagar_blag1240,fish,timoralorpantar.fish.0132
Blagar_blag1240,fish,timoralorpantar.fish.0132
Blagar_blag1240,fish,timoralorpantar.fish.0132
Fataluku_fata1247,fish,timoralorpantar.fish.0132
Hamap_hama1240,fish,timoralorpantar.fish.0132
Kabola_kabo1247,fish,timoralorpantar.fish.0132
Kabola_kabo1247,fish,timoralorpantar.fish.0132
Kabola_kabo1247,fish,timoralorpantar.fish.0132
Kabola_kabo1247,fish,timoralorpantar.fish.0132
Kabola_kabo1247,fish,timoralorpantar.fish.0132
Kafoa_kafo1240,fish,timoralorpantar.fish.0132
Kamang_kama1365,fish,timoralorpantar.fish.0132
Kamang_kama1365,fish,timoralorpantar.fish.0132
Kamang_kama1365,fish,timoralorpantar.fish.0132
Kamang_kama1365,fish,timoralorpantar.fish.0132
Kamang_kama1365,fish,timoralorpantar.fish.0132
Kamang_kama1365,fish,timoralorpantar.fish.0132
Klon_kelo1247,fish,timoralorpantar.fish.0132
Klon_kelo1247,fish,timoralorpantar.fish.0132
Klon_kelo1247,fish,timoralorpantar.fish.0132
KuiIndonesia_kuii1253,fish,timoralorpantar.fish.0132
KulaIndonesia_kula1280,fish,timoralorpantar.fish.0134
Makasae-Makalero_maka1316,fish,timoralorpantar.fish.0135
Nedebang_nede1245,fish,timoralorpantar.fish.0132
Oirata_oira1263,fish,timoralorpantar.fish.0132
Sawila_sawi1256,fish,timoralorpantar.fish.0132
Teiwa_teiw1235,fish,timoralorpantar.fish.0132
Teiwa_teiw1235,fish,timoralorpantar.fish.0132
Teiwa_teiw1235,fish,timoralorpantar.fish.0132
Teiwa_teiw1235,fish,timoralorpantar.fish.0132
Teiwa_teiw1235,fish,timoralorpantar.fish.0132
Wersing_wers1238,fish,timoralorpantar.fish.0132
WesternPantar_lamm1241,fish,timoralorpantar.fish.0132
WesternPantar_lamm1241,fish,timoralorpantar.fish.0132
WesternPantar_lamm1241,fish,timoralorpantar.fish.0132
WesternPantar_lamm1241,fish,timoralorpantar.fish.0132
WesternPantar_lamm1241,fish,timoralorpantar.fish.0133
WesternPantar_lamm1241,fish,timoralorpantar.fish.0133
Abui_abui1241,full,timoralorpantar.full.0136
Abui_abui1241,full,timoralorpantar.full.0137
Adang_adan1251,full,timoralorpantar.full.0138
Adang_adan1251,full,timoralorpantar.full.0139
Blagar_blag1240,full,timoralorpantar.full.0139
Fataluku_fata1247,full,?
Hamap_hama1240,full,timoralorpantar.full.0139
Kabola_kabo1247,full,timoralorpantar.full.0138
Kafoa_kafo1240,full,timoralorpantar.full.0141
Kamang_kama1365,full,timoralorpantar.full.0142
Klon_kelo1247,full,timoralorpantar.full.0144
KuiIndonesia_kuii1253,full,timoralorpantar.full.0145
KulaIndonesia_kula1280,full,?
Makasae-Makalero_maka1316,full,?
Nedebang_nede1245,full,timoralorpantar.full.0140
Oirata_oira1263,full,?
Sawila_sawi1256,full,timoralorpantar.full.0147
Sawila_sawi1256,full,timoralorpantar.full.0150
Teiwa_teiw1235,full,timoralorpantar.full.0140
Wersing_wers1238,full,timoralorpantar.full.0148
WesternPantar_lamm1241,full,timoralorpantar.full.0146
WesternPantar_lamm1241,full,timoralorpantar.full.0146
WesternPantar_lamm1241,full,timoralorpantar.full.0149
Abui_abui1241,hand,timoralorpantar.hand.0151
Abui_abui1241,hand,timoralorpantar.hand.0151
Abui_abui1241,hand,timoralorpantar.hand.0151
Abui_abui1241,hand,timoralorpantar.hand.0152
Adang_adan1251,hand,timoralorpantar.hand.0151
Blagar_blag1240,hand,timoralorpantar.hand.0151
Blagar_blag1240,hand,timoralorpantar.hand.0151
Blagar_blag1240,hand,timoralorpantar.hand.0151
Blagar_blag1240,hand,timoralorpantar.hand.0151
Blagar_blag1240,hand,timoralorpantar.hand.0151
Blagar_blag1240,hand,timoralorpantar.hand.0151
Fataluku_fata1247,hand,timoralorpantar.hand.0151
Hamap_hama1240,hand,timoralorpantar.hand.0151
Kabola_kabo1247,hand,timoralorpantar.hand.0151
Kabola_kabo1247,hand,timoralorpantar.hand.0151
Kabola_kabo1247,hand,timoralorpantar.hand.0151
Kabola_kabo1247,hand,timoralorpantar.hand.0151
Kafoa_kafo1240,hand,timoralorpantar.hand.0151
Kamang_kama1365,hand,timoralorpantar.hand.0151
Kamang_kama1365,hand,timoralorpantar.hand.0151
Kamang_kama1365,hand,timoralorpantar.hand.0151
Kamang_kama1365,hand,timoralorpantar.hand.0151
Kamang_kama1365,hand,timoralorpantar.hand.0151
Klon_kelo1247,hand,timoralorpantar.hand.0151
Klon_kelo1247,hand,timoralorpantar.hand.0151
Klon_kelo1247,hand,timoralorpantar.hand.0151
KuiIndonesia_kuii1253,hand,timoralorpantar.hand.0151
KulaIndonesia_kula1280,hand,timoralorpantar.hand.0151
Makasae-Makalero_maka1316,hand,timoralorpantar.hand.0151
Nedebang_nede1245,hand,?
Oirata_oira1263,hand,timoralorpantar.hand.0151
Sawila_sawi1256,hand,?
Teiwa_teiw1235,hand,timoralorpantar.hand.0151
Teiwa_teiw1235,hand,timoralorpantar.hand.0151
Teiwa_teiw1235,hand,timoralorpantar.hand.0151
Teiwa_teiw1235,hand,timoralorpantar.hand.0151
Teiwa_teiw1235,hand,timoralorpantar.hand.0151
Wersing_wers1238,hand,?
WesternPantar_lamm1241,hand,timoralorpantar.hand.0151
WesternPantar_lamm1241,hand,timoralorpantar.hand.0151
WesternPantar_lamm1241,hand,timoralorpantar.hand.0151
Abui_abui1241,hear,timoralorpantar.hear.0153
Abui_abui1241,hear,timoralorpantar.hear.0154
Adang_adan1251,hear,timoralorpantar.hear.0155
Adang_adan1251,hear,timoralorpantar.hear.0155
Blagar_blag1240,hear,timoralorpantar.hear.0156
Fataluku_fata1247,hear,timoralorpantar.hear.0157
Hamap_hama1240,hear,timoralorpantar.hear.0155
Kabola_kabo1247,hear,timoralorpantar.hear.0155
Kafoa_kafo1240,hear,timoralorpantar.hear.0155
Kamang_kama1365,hear,timoralorpantar.hear.0159
Klon_kelo1247,hear,timoralorpantar.hear.0153
KuiIndonesia_kuii1253,hear,timoralorpantar.hear.0155
KulaIndonesia_kula1280,hear,?
Makasae-Makalero_maka1316,hear,timoralorpantar.hear.0157
Nedebang_nede1245,hear,timoralorpantar.hear.0158
Oirata_oira1263,hear,timoralorpantar.hear.0157
Sawila_sawi1256,hear,timoralorpantar.hear.0161
Teiwa_teiw1235,hear,timoralorpantar.hear.0160
Wersing_wers1238,hear,timoralorpantar.hear.0162
WesternPantar_lamm1241,hear,timoralorpantar.hear.0155
WesternPantar_lamm1241,hear,timoralorpantar.hear.0155
Abui_abui1241,horn,timoralorpantar.horn.0163
Abui_abui1241,horn,timoralorpantar.horn.0163
Abui_abui1241,horn,timoralorpantar.horn.0164
Adang_adan1251,horn,timoralorpantar.horn.0163
Adang_adan1251,horn,timoralorpantar.horn.0163
Blagar_blag1240,horn,timoralorpantar.horn.0163
Fataluku_fata1247,horn,?
Hamap_hama1240,horn,timoralorpantar.horn.0163
Kabola_kabo1247,horn,timoralorpantar.horn.0163
Kafoa_kafo1240,horn,timoralorpantar.horn.0163
Kamang_kama1365,horn,timoralorpantar.horn.0165
Klon_kelo1247,horn,timoralorpantar.horn.0163
KuiIndonesia_kuii1253,horn,timoralorpantar.horn.0163
KulaIndonesia_kula1280,horn,?
Makasae-Makalero_maka1316,horn,?
Nedebang_nede1245,horn,timoralorpantar.horn.0167
Oirata_oira1263,horn,?
Sawila_sawi1256,horn,?
Teiwa_teiw1235,horn,timoralorpantar.horn.0166
Wersing_wers1238,horn,timoralorpantar.horn.0168
WesternPantar_lamm1241,horn,timoralorpantar.horn.0166
Abui_abui1241,knee,timoralorpantar.knee.0169
Abui_abui1241,knee,timoralorpantar.knee.0169
Abui_abui1241,knee,timoralorpantar.knee.0170
Abui_abui1241,knee,timoralorpantar.knee.0171
Abui_abui1241,knee,timoralorpantar.knee.0183
Adang_adan1251,knee,timoralorpantar.knee.0172
Adang_adan1251,knee,timoralorpantar.knee.0173
Adang_adan1251,knee,timoralorpantar.knee.0173
Blagar_blag1240,knee,timoralorpantar.knee.0174
Blagar_blag1240,knee,timoralorpantar.knee.0174
Blagar_blag1240,knee,timoralorpantar.knee.0174
Blagar_blag1240,knee,timoralorpantar.knee.0174
Blagar_blag1240,knee,timoralorpantar.knee.0174
Blagar_blag1240,knee,timoralorpantar.knee.0174
Blagar_blag1240,knee,timoralorpantar.knee.0174
Fataluku_fata1247,knee,?
Hamap_hama1240,knee,timoralorpantar.knee.0175
Kabola_kabo1247,knee,timoralorpantar.knee.0173
Kabola_kabo1247,knee,timoralorpantar.knee.0175
Kabola_kabo1247,knee,timoralorpantar.knee.0175
Kabola_kabo1247,knee,timoralorpantar.knee.0176
Kafoa_kafo1240,knee,timoralorpantar.knee.0169
Kamang_kama1365,knee,timoralorpantar.knee.0177
Kamang_kama1365,knee,timoralorpantar.knee.0177
Kamang_kama1365,knee,timoralorpantar.knee.0177
Kamang_kama1365,knee,timoralorpantar.knee.0177
Kamang_kama1365,knee,timoralorpantar.knee.0177
Kamang_kama1365,knee,timoralorpantar.knee.0177
Kamang_kama1365,knee,timoralorpantar.knee.0177
Klon_kelo1247,knee,timoralorpantar.knee.0178
Klon_kelo1247,knee,timoralorpantar.knee.0178
Klon_kelo1247,knee,timoralorpantar.knee.0179
KuiIndonesia_kuii1253,knee,timoralorpantar.knee.0180
KulaIndonesia_kula1280,knee,timoralorpantar.knee.0178
Makasae-Makalero_maka1316,knee,?
Nedebang_nede1245,knee,timoralorpantar.knee.0174
Oirata_oira1263,knee,?
Sawila_sawi1256,knee,timoralorpantar.knee.0181
Teiwa_teiw1235,knee,timoralorpantar.knee.0169
Teiwa_teiw1235,knee,timoralorpantar.knee.0169
Teiwa_teiw1235,knee,timoralorpantar.knee.0169
Teiwa_teiw1235,knee,timoralorpantar.knee.0169
Teiwa_teiw1235,knee,timoralorpantar.knee.0182
Wersing_wers1238,knee,timoralorpantar.knee.0177
WesternPantar_lamm1241,knee,timoralorpantar.knee.0171
WesternPantar_lamm1241,knee,timoralorpantar.knee.0171
WesternPantar_lamm1241,knee,timoralorpantar.knee.0171
WesternPantar_lamm1241,knee,timoralorpantar.knee.0178
WesternPantar_lamm1241,knee,timoralorpantar.knee.0178
Abui_abui1241,leaf,timoralorpantar.leaf.0184
Abui_abui1241,leaf,timoralorpantar.leaf.0184
Abui_abui1241,leaf,timoralorpantar.leaf.0185
Abui_abui1241,leaf,timoralorpantar.leaf.0185
Abui_abui1241,leaf,timoralorpantar.leaf.0186
Abui_abui1241,leaf,timoralorpantar.leaf.0196
Adang_adan1251,leaf,timoralorpantar.leaf.0187
Adang_adan1251,leaf,timoralorpantar.leaf.0187
Blagar_blag1240,leaf,timoralorpantar.leaf.0188
Blagar_blag1240,leaf,timoralorpantar.leaf.0189
Blagar_blag1240,leaf,timoralorpantar.leaf.0189
Blagar_blag1240,leaf,timoralorpantar.leaf.0189
Blagar_blag1240,leaf,timoralorpantar.leaf.0189
Blagar_blag1240,leaf,timoralorpantar.leaf.0190
Blagar_blag1240,leaf,timoralorpantar.leaf.0190
Fataluku_fata1247,leaf,timoralorpantar.leaf.0185
Hamap_hama1240,leaf,timoralorpantar.leaf.0187
Kabola_kabo1247,leaf,timoralorpantar.leaf.0187
Kabola_kabo1247,leaf,timoralorpantar.leaf.0187
Kabola_kabo1247,leaf,timoralorpantar.leaf.0187
Kabola_kabo1247,leaf,timoralorpantar.leaf.0191
Kafoa_kafo1240,leaf,timoralorpantar.leaf.0185
Kamang_kama1365,leaf,timoralorpantar.leaf.0185
Kamang_kama1365,leaf,timoralorpantar.leaf.0185
Kamang_kama1365,leaf,timoralorpantar.leaf.0185
Kamang_kama1365,leaf,timoralorpantar.leaf.0192
Kamang_kama1365,leaf,timoralorpantar.leaf.0192
Kamang_kama1365,leaf,timoralorpantar.leaf.0192
Kamang_kama1365,leaf,timoralorpantar.leaf.0192
Klon_kelo1247,leaf,timoralorpantar.leaf.0185
Klon_kelo1247,leaf,timoralorpantar.leaf.0189
Klon_kelo1247,leaf,timoralorpantar.leaf.0189
Klon_kelo1247,leaf,timoralorpantar.leaf.0189
KuiIndonesia_kuii1253,leaf,timoralorpantar.leaf.0193
KulaIndonesia_kula1280,leaf,timoralorpantar.leaf.0194
Makasae-Makalero_maka1316,leaf,timoralorpantar.leaf.0193
Nedebang_nede1245,leaf,timoralorpantar.leaf.0188
Nedebang_nede1245,leaf,timoralorpantar.leaf.0190
Oirata_oira1263,leaf,timoralorpantar.leaf.0193
Sawila_sawi1256,leaf,timoralorpantar.leaf.0194
Teiwa_teiw1235,leaf,timoralorpantar.leaf.0188
Teiwa_teiw1235,leaf,timoralorpantar.leaf.0188
Teiwa_teiw1235,leaf,timoralorpantar.leaf.0189
Teiwa_teiw1235,leaf,timoralorpantar.leaf.0189
Teiwa_teiw1235,leaf,timoralorpantar.leaf.0192
Wersing_wers1238,leaf,timoralorpantar.leaf.0195
WesternPantar_lamm1241,leaf,timoralorpantar.leaf.0190
WesternPantar_lamm1241,leaf,timoralorpantar.leaf.0190
WesternPantar_lamm1241,leaf,timoralorpantar.leaf.0190
WesternPantar_lamm1241,leaf,timoralorpantar.leaf.0190
WesternPantar_lamm1241,leaf,timoralorpantar.leaf.0190
Abui_abui1241,liver,timoralorpantar.liver.0197
Abui_abui1241,liver,timoralorpantar.liver.0198
Adang_adan1251,liver,timoralorpantar.liver.0197
Adang_adan1251,liver,timoralorpantar.liver.0197
Blagar_blag1240,liver,timoralorpantar.liver.0199
Fataluku_fata1247,liver,timoralorpantar.liver.0200
Hamap_hama1240,liver,timoralorpantar.liver.0197
Kabola_kabo1247,liver,timoralorpantar.liver.0201
Kafoa_kafo1240,liver,timoralorpantar.liver.0197
Kamang_kama1365,liver,?
Klon_kelo1247,liver,timoralorpantar.liver.0203
KuiIndonesia_kuii1253,liver,timoralorpantar.liver.0204
KulaIndonesia_kula1280,liver,?
Makasae-Makalero_maka1316,liver,timoralorpantar.liver.0200
Nedebang_nede1245,liver,timoralorpantar.liver.0205
Oirata_oira1263,liver,timoralorpantar.liver.0206
Sawila_sawi1256,liver,timoralorpantar.liver.0207
Teiwa_teiw1235,liver,timoralorpantar.liver.0197
Teiwa_teiw1235,liver,timoralorpantar.liver.0197
Wersing_wers1238,liver,timoralorpantar.liver.0207
WesternPantar_lamm1241,liver,timoralorpantar.liver.0200
WesternPantar_lamm1241,liver,timoralorpantar.liver.0200
Abui_abui1241,louse,timoralorpantar.louse.0208
Abui_abui1241,louse,timoralorpantar.louse.0208
Abui_abui1241,louse,timoralorpantar.louse.0208
Abui_abui1241,louse,timoralorpantar.louse.0208
Abui_abui1241,louse,timoralorpantar.louse.0208
Abui_abui1241,louse,timoralorpantar.louse.0209
Adang_adan1251,louse,timoralorpantar.louse.0210
Adang_adan1251,louse,timoralorpantar.louse.0211
Blagar_blag1240,louse,timoralorpantar.louse.0208
Blagar_blag1240,louse,timoralorpantar.louse.0208
Blagar_blag1240,louse,timoralorpantar.louse.0209
Blagar_blag1240,louse,timoralorpantar.louse.0209
Blagar_blag1240,louse,timoralorpantar.louse.0209
Blagar_blag1240,louse,timoralorpantar.louse.0209
Blagar_blag1240,louse,timoralorpantar.louse.0209
Fataluku_fata1247,louse,timoralorpantar.louse.0212
Hamap_hama1240,louse,timoralorpantar.louse.0209
Kabola_kabo1247,louse,timoralorpantar.louse.0209
Kabola_kabo1247,louse,timoralorpantar.louse.0209
Kabola_kabo1247,louse,timoralorpantar.louse.0209
Kabola_kabo1247,louse,timoralorpantar.louse.0209
Kafoa_kafo1240,louse,timoralorpantar.louse.0209
Kamang_kama1365,louse,timoralorpantar.louse.0208
Kamang_kama1365,louse,timoralorpantar.louse.0208
Kamang_kama1365,louse,timoralorpantar.louse.0208
Kamang_kama1365,louse,timoralorpantar.louse.0208
Kamang_kama1365,louse,timoralorpantar.louse.0208
Kamang_kama1365,louse,timoralorpantar.louse.0208
Klon_kelo1247,louse,timoralorpantar.louse.0209
Klon_kelo1247,louse,timoralorpantar.louse.0209
Klon_kelo1247,louse,timoralorpantar.louse.0209
KuiIndonesia_kuii1253,louse,timoralorpantar.louse.0209
KulaIndonesia_kula1280,louse,timoralorpantar.louse.0213
Makasae-Makalero_maka1316,louse,timoralorpantar.louse.0212
Makasae-Makalero_maka1316,louse,timoralorpantar.louse.0212
Nedebang_nede1245,louse,timoralorpantar.louse.0209
Oirata_oira1263,louse,timoralorpantar.louse.0212
Sawila_sawi1256,louse,timoralorpantar.louse.0213
Teiwa_teiw1235,louse,timoralorpantar.louse.0209
Teiwa_teiw1235,louse,timoralorpantar.louse.0209
Teiwa_teiw1235,louse,timoralorpantar.louse.0209
Teiwa_teiw1235,louse,timoralorpantar.louse.0209
Teiwa_teiw1235,louse,timoralorpantar.louse.0214
Wersing_wers1238,louse,timoralorpantar.louse.0213
WesternPantar_lamm1241,louse,timoralorpantar.louse.0212
WesternPantar_lamm1241,louse,timoralorpantar.louse.0212
WesternPantar_lamm1241,louse,timoralorpantar.louse.0212
WesternPantar_lamm1241,louse,timoralorpantar.louse.0215
Abui_abui1241,mountain,timoralorpantar.mountain.0216
Abui_abui1241,mountain,timoralorpantar.mountain.0217
Abui_abui1241,mountain,timoralorpantar.mountain.0218
Abui_abui1241,mountain,timoralorpantar.mountain.0219
Abui_abui1241,mountain,timoralorpantar.mountain.0239
Adang_adan1251,mountain,timoralorpantar.mountain.0220
Adang_adan1251,mountain,timoralorpantar.mountain.0221
Blagar_blag1240,mountain,timoralorpantar.mountain.0220
Blagar_blag1240,mountain,timoralorpantar.mountain.0220
Blagar_blag1240,mountain,timoralorpantar.mountain.0220
Blagar_blag1240,mountain,timoralorpantar.mountain.0221
Blagar_blag1240,mountain,timoralorpantar.mountain.0221
Blagar_blag1240,mountain,timoralorpantar.mountain.0222
Blagar_blag1240,mountain,timoralorpantar.mountain.0222
Fataluku_fata1247,mountain,?
Hamap_hama1240,mountain,timoralorpantar.mountain.0221
Kabola_kabo1247,mountain,timoralorpantar.mountain.0220
Kabola_kabo1247,mountain,timoralorpantar.mountain.0221
Kabola_kabo1247,mountain,timoralorpantar.mountain.0221
Kabola_kabo1247,mountain,timoralorpantar.mountain.0221
Kabola_kabo1247,mountain,timoralorpantar.mountain.0223
Kafoa_kafo1240,mountain,timoralorpantar.mountain.0224
Kamang_kama1365,mountain,timoralorpantar.mountain.0225
Kamang_kama1365,mountain,timoralorpantar.mountain.0226
Kamang_kama1365,mountain,timoralorpantar.mountain.0227
Kamang_kama1365,mountain,timoralorpantar.mountain.0227
Kamang_kama1365,mountain,timoralorpantar.mountain.0228
Kamang_kama1365,mountain,timoralorpantar.mountain.0229
Kamang_kama1365,mountain,timoralorpantar.mountain.0229
Kamang_kama1365,mountain,timoralorpantar.mountain.0229
Klon_kelo1247,mountain,timoralorpantar.mountain.0225
Klon_kelo1247,mountain,timoralorpantar.mountain.0231
Klon_kelo1247,mountain,timoralorpantar.mountain.0232
KuiIndonesia_kuii1253,mountain,timoralorpantar.mountain.0232
KulaIndonesia_kula1280,mountain,timoralorpantar.mountain.0233
Makasae-Makalero_maka1316,mountain,?
Nedebang_nede1245,mountain,timoralorpantar.mountain.0228
Oirata_oira1263,mountain,?
Sawila_sawi1256,mountain,timoralorpantar.mountain.0226
Sawila_sawi1256,mountain,timoralorpantar.mountain.0236
Teiwa_teiw1235,mountain,timoralorpantar.mountain.0228
Teiwa_teiw1235,mountain,timoralorpantar.mountain.0228
Teiwa_teiw1235,mountain,timoralorpantar.mountain.0235
Teiwa_teiw1235,mountain,timoralorpantar.mountain.0237
Teiwa_teiw1235,mountain,timoralorpantar.mountain.0238
Wersing_wers1238,mountain,timoralorpantar.mountain.0226
WesternPantar_lamm1241,mountain,timoralorpantar.mountain.0220
WesternPantar_lamm1241,mountain,timoralorpantar.mountain.0234
WesternPantar_lamm1241,mountain,timoralorpantar.mountain.0234
WesternPantar_lamm1241,mountain,timoralorpantar.mountain.0234
WesternPantar_lamm1241,mountain,timoralorpantar.mountain.0234
Abui_abui1241,name,timoralorpantar.name.0240
Abui_abui1241,name,timoralorpantar.name.0240
Abui_abui1241,name,timoralorpantar.name.0240
Abui_abui1241,name,timoralorpantar.name.0240
Abui_abui1241,name,timoralorpantar.name.0240
Adang_adan1251,name,timoralorpantar.name.0240
Adang_adan1251,name,timoralorpantar.name.0241
Blagar_blag1240,name,timoralorpantar.name.0240
Blagar_blag1240,name,timoralorpantar.name.0240
Blagar_blag1240,name,timoralorpantar.name.0240
Blagar_blag1240,name,timoralorpantar.name.0240
Blagar_blag1240,name,timoralorpantar.name.0240
Blagar_blag1240,name,timoralorpantar.name.0240
Blagar_blag1240,name,timoralorpantar.name.0240
Fataluku_fata1247,name,timoralorpantar.name.0240
Hamap_hama1240,name,timoralorpantar.name.0240
Kabola_kabo1247,name,timoralorpantar.name.0240
Kabola_kabo1247,name,timoralorpantar.name.0240
Kabola_kabo1247,name,timoralorpantar.name.0240
Kabola_kabo1247,name,timoralorpantar.name.0240
Kafoa_kafo1240,name,timoralorpantar.name.0240
Kamang_kama1365,name,timoralorpantar.name.0240
Kamang_kama1365,name,timoralorpantar.name.0240
Kamang_kama1365,name,timoralorpantar.name.0240
Kamang_kama1365,name,timoralorpantar.name.0240
Kamang_kama1365,name,timoralorpantar.name.0240
Kamang_kama1365,name,timoralorpantar.name.0240
Klon_kelo1247,name,timoralorpantar.name.0240
Klon_kelo1247,name,timoralorpantar.name.0240
Klon_kelo1247,name,timoralorpantar.name.0240
KuiIndonesia_kuii1253,name,timoralorpantar.name.0240
KulaIndonesia_kula1280,name,timoralorpantar.name.0240
Makasae-Makalero_maka1316,name,timoralorpantar.name.0240
Nedebang_nede1245,name,timoralorpantar.name.0243
Oirata_oira1263,name,timoralorpantar.name.0240
Sawila_sawi1256,name,timoralorpantar.name.0240
Teiwa_teiw1235,name,timoralorpantar.name.0245
Teiwa_teiw1235,name,timoralorpantar.name.0245
Teiwa_teiw1235,name,timoralorpantar.name.0245
Teiwa_teiw1235,name,timoralorpantar.name.0246
Teiwa_teiw1235,name,timoralorpantar.name.0246
Wersing_wers1238,name,timoralorpantar.name.0247
Wersing_wers1238,name,timoralorpantar.name.0247
WesternPantar_lamm1241,name,timoralorpantar.name.0240
WesternPantar_lamm1241,name,timoralorpantar.name.0240
WesternPantar_lamm1241,name,timoralorpantar.name.0240
WesternPantar_lamm1241,name,timoralorpantar.name.0240
WesternPantar_lamm1241,name,timoralorpantar.name.0242
Abui_abui1241,new,timoralorpantar.new.0248
Abui_abui1241,new,timoralorpantar.new.0248
Abui_abui1241,new,timoralorpantar.new.0248
Abui_abui1241,new,timoralorpantar.new.0249
Abui_abui1241,new,timoralorpantar.new.0250
Abui_abui1241,new,timoralorpantar.new.0250
Abui_abui1241,new,timoralorpantar.new.0255
Adang_adan1251,new,timoralorpantar.new.0248
Adang_adan1251,new,timoralorpantar.new.0248
Blagar_blag1240,new,timoralorpantar.new.0248
Blagar_blag1240,new,timoralorpantar.new.0248
Blagar_blag1240,new,timoralorpantar.new.0248
Blagar_blag1240,new,timoralorpantar.new.0248
Blagar_blag1240,new,timoralorpantar.new.0250
Blagar_blag1240,new,timoralorpantar.new.0250
Blagar_blag1240,new,timoralorpantar.new.0250
Blagar_blag1240,new,timoralorpantar.new.0256
Fataluku_fata1247,new,?
Hamap_hama1240,new,timoralorpantar.new.0248
Kabola_kabo1247,new,timoralorpantar.new.0248
Kabola_kabo1247,new,timoralorpantar.new.0248
Kabola_kabo1247,new,timoralorpantar.new.0248
Kabola_kabo1247,new,timoralorpantar.new.0250
Kafoa_kafo1240,new,timoralorpantar.new.0248
Kamang_kama1365,new,timoralorpantar.new.0248
Kamang_kama1365,new,timoralorpantar.new.0248
Kamang_kama1365,new,timoralorpantar.new.0248
Kamang_kama1365,new,timoralorpantar.new.0248
Kamang_kama1365,new,timoralorpantar.new.0248
Kamang_kama1365,new,timoralorpantar.new.0248
Klon_kelo1247,new,timoralorpantar.new.0251
Klon_kelo1247,new,timoralorpantar.new.0251
Klon_kelo1247,new,timoralorpantar.new.0251
KuiIndonesia_kuii1253,new,timoralorpantar.new.0248
KulaIndonesia_kula1280,new,timoralorpantar.new.0252
Makasae-Makalero_maka1316,new,timoralorpantar.new.0248
Nedebang_nede1245,new,timoralorpantar.new.0248
Oirata_oira1263,new,?
Sawila_sawi1256,new,timoralorpantar.new.0252
Teiwa_teiw1235,new,timoralorpantar.new.0254
Teiwa_teiw1235,new,timoralorpantar.new.0254
Teiwa_teiw1235,new,timoralorpantar.new.0254
Teiwa_teiw1235,new,timoralorpantar.new.0254
Teiwa_teiw1235,new,timoralorpantar.new.0254
Wersing_wers1238,new,timoralorpantar.new.0252
WesternPantar_lamm1241,new,timoralorpantar.new.0248
WesternPantar_lamm1241,new,timoralorpantar.new.0248
WesternPantar_lamm1241,new,timoralorpantar.new.0248
WesternPantar_lamm1241,new,timoralorpantar.new.0248
WesternPantar_lamm1241,new,timoralorpantar.new.0248
Abui_abui1241,night,timoralorpantar.night.0258
Abui_abui1241,night,timoralorpantar.night.0258
Abui_abui1241,night,timoralorpantar.night.0258
Abui_abui1241,night,timoralorpantar.night.0259
Abui_abui1241,night,timoralorpantar.night.0260
Abui_abui1241,night,timoralorpantar.night.0274
Adang_adan1251,night,timoralorpantar.night.0261
Adang_adan1251,night,timoralorpantar.night.0262
Blagar_blag1240,night,timoralorpantar.night.0261
Blagar_blag1240,night,timoralorpantar.night.0261
Blagar_blag1240,night,timoralorpantar.night.0261
Blagar_blag1240,night,timoralorpantar.night.0261
Blagar_blag1240,night,timoralorpantar.night.0261
Blagar_blag1240,night,timoralorpantar.night.0263
Blagar_blag1240,night,timoralorpantar.night.0263
Blagar_blag1240,night,timoralorpantar.night.0264
Fataluku_fata1247,night,timoralorpantar.night.0259
Hamap_hama1240,night,timoralorpantar.night.0265
Kabola_kabo1247,night,timoralorpantar.night.0261
Kabola_kabo1247,night,timoralorpantar.night.0265
Kabola_kabo1247,night,timoralorpantar.night.0266
Kabola_kabo1247,night,timoralorpantar.night.0267
Kafoa_kafo1240,night,timoralorpantar.night.0259
Kamang_kama1365,night,timoralorpantar.night.0268
Kamang_kama1365,night,timoralorpantar.night.0268
Kamang_kama1365,night,timoralorpantar.night.0269
Kamang_kama1365,night,timoralorpantar.night.0269
Kamang_kama1365,night,timoralorpantar.night.0269
Kamang_kama1365,night,timoralorpantar.night.0269
Klon_kelo1247,night,timoralorpantar.night.0259
Klon_kelo1247,night,timoralorpantar.night.0259
Klon_kelo1247,night,timoralorpantar.night.0259
KuiIndonesia_kuii1253,night,timoralorpantar.night.0259
KuiIndonesia_kuii1253,night,timoralorpantar.night.0259
KulaIndonesia_kula1280,night,timoralorpantar.night.0269
Makasae-Makalero_maka1316,night,timoralorpantar.night.0271
Nedebang_nede1245,night,timoralorpantar.night.0259
Oirata_oira1263,night,timoralorpantar.night.0272
Sawila_sawi1256,night,timoralorpantar.night.0269
Teiwa_teiw1235,night,timoralorpantar.night.0259
Teiwa_teiw1235,night,timoralorpantar.night.0259
Teiwa_teiw1235,night,timoralorpantar.night.0259
Teiwa_teiw1235,night,timoralorpantar.night.0259
Teiwa_teiw1235,night,timoralorpantar.night.0273
Wersing_wers1238,night,timoralorpantar.night.0259
WesternPantar_lamm1241,night,timoralorpantar.night.0258
WesternPantar_lamm1241,night,timoralorpantar.night.0270
WesternPantar_lamm1241,night,timoralorpantar.night.0270
WesternPantar_lamm1241,night,timoralorpantar.night.0270
WesternPantar_lamm1241,night,timoralorpantar.night.0270
Abui_abui1241,nose,timoralorpantar.nose.0275
Abui_abui1241,nose,timoralorpantar.nose.0275
Abui_abui1241,nose,timoralorpantar.nose.0275
Abui_abui1241,nose,timoralorpantar.nose.0275
Abui_abui1241,nose,timoralorpantar.nose.0276
Adang_adan1251,nose,timoralorpantar.nose.0275
Adang_adan1251,nose,timoralorpantar.nose.0277
Blagar_blag1240,nose,timoralorpantar.nose.0275
Blagar_blag1240,nose,timoralorpantar.nose.0275
Blagar_blag1240,nose,timoralorpantar.nose.0275
Blagar_blag1240,nose,timoralorpantar.nose.0275
Blagar_blag1240,nose,timoralorpantar.nose.0275
Blagar_blag1240,nose,timoralorpantar.nose.0275
Blagar_blag1240,nose,timoralorpantar.nose.0275
Fataluku_fata1247,nose,timoralorpantar.nose.0278
Hamap_hama1240,nose,timoralorpantar.nose.0275
Kabola_kabo1247,nose,timoralorpantar.nose.0275
Kabola_kabo1247,nose,timoralorpantar.nose.0275
Kabola_kabo1247,nose,timoralorpantar.nose.0275
Kabola_kabo1247,nose,timoralorpantar.nose.0279
Kafoa_kafo1240,nose,timoralorpantar.nose.0275
Kamang_kama1365,nose,timoralorpantar.nose.0281
Kamang_kama1365,nose,timoralorpantar.nose.0282
Kamang_kama1365,nose,timoralorpantar.nose.0282
Kamang_kama1365,nose,timoralorpantar.nose.0282
Kamang_kama1365,nose,timoralorpantar.nose.0282
Kamang_kama1365,nose,timoralorpantar.nose.0282
Klon_kelo1247,nose,timoralorpantar.nose.0275
Klon_kelo1247,nose,timoralorpantar.nose.0275
Klon_kelo1247,nose,timoralorpantar.nose.0275
KuiIndonesia_kuii1253,nose,timoralorpantar.nose.0275
KulaIndonesia_kula1280,nose,timoralorpantar.nose.0275
Makasae-Makalero_maka1316,nose,timoralorpantar.nose.0286
Nedebang_nede1245,nose,timoralorpantar.nose.0280
Oirata_oira1263,nose,timoralorpantar.nose.0286
Sawila_sawi1256,nose,timoralorpantar.nose.0275
Teiwa_teiw1235,nose,timoralorpantar.nose.0275
Teiwa_teiw1235,nose,timoralorpantar.nose.0280
Teiwa_teiw1235,nose,timoralorpantar.nose.0280
Teiwa_teiw1235,nose,timoralorpantar.nose.0280
Teiwa_teiw1235,nose,timoralorpantar.nose.0287
Wersing_wers1238,nose,timoralorpantar.nose.0275
WesternPantar_lamm1241,nose,timoralorpantar.nose.0275
WesternPantar_lamm1241,nose,timoralorpantar.nose.0275
WesternPantar_lamm1241,nose,timoralorpantar.nose.0283
WesternPantar_lamm1241,nose,timoralorpantar.nose.0284
WesternPantar_lamm1241,nose,timoralorpantar.nose.0285
Abui_abui1241,one,timoralorpantar.one.0288
Abui_abui1241,one,timoralorpantar.one.0288
Abui_abui1241,one,timoralorpantar.one.0288
Abui_abui1241,one,timoralorpantar.one.0288
Abui_abui1241,one,timoralorpantar.one.0289
Adang_adan1251,one,timoralorpantar.one.0288
Adang_adan1251,one,timoralorpantar.one.0288
Blagar_blag1240,one,timoralorpantar.one.0288
Blagar_blag1240,one,timoralorpantar.one.0288
Blagar_blag1240,one,timoralorpantar.one.0288
Blagar_blag1240,one,timoralorpantar.one.0288
Blagar_blag1240,one,timoralorpantar.one.0288
Blagar_blag1240,one,timoralorpantar.one.0288
Blagar_blag1240,one,timoralorpantar.one.0290
Fataluku_fata1247,one,timoralorpantar.one.0291
Hamap_hama1240,one,timoralorpantar.one.0288
Kabola_kabo1247,one,timoralorpantar.one.0288
Kabola_kabo1247,one,timoralorpantar.one.0288
Kabola_kabo1247,one,timoralorpantar.one.0288
Kabola_kabo1247,one,timoralorpantar.one.0288
Kafoa_kafo1240,one,timoralorpantar.one.0288
Kamang_kama1365,one,timoralorpantar.one.0288
Kamang_kama1365,one,timoralorpantar.one.0288
Kamang_kama1365,one,timoralorpantar.one.0288
Kamang_kama1365,one,timoralorpantar.one.0288
Kamang_kama1365,one,timoralorpantar.one.0288
Kamang_kama1365,one,timoralorpantar.one.0288
Kamang_kama1365,one,timoralorpantar.one.0290
Klon_kelo1247,one,timoralorpantar.one.0288
Klon_kelo1247,one,timoralorpantar.one.0288
Klon_kelo1247,one,timoralorpantar.one.0288
KuiIndonesia_kuii1253,one,timoralorpantar.one.0288
KulaIndonesia_kula1280,one,timoralorpantar.one.0293
Makasae-Makalero_maka1316,one,timoralorpantar.one.0294
Nedebang_nede1245,one,timoralorpantar.one.0288
Oirata_oira1263,one,timoralorpantar.one.0295
Sawila_sawi1256,one,timoralorpantar.one.0296
Teiwa_teiw1235,one,timoralorpantar.one.0288
Teiwa_teiw1235,one,timoralorpantar.one.0288
Teiwa_teiw1235,one,timoralorpantar.one.0288
Teiwa_teiw1235,one,timoralorpantar.one.0288
Teiwa_teiw1235,one,timoralorpantar.one.0288
Wersing_wers1238,one,timoralorpantar.one.0288
WesternPantar_lamm1241,one,timoralorpantar.one.0288
WesternPantar_lamm1241,one,timoralorpantar.one.0288
WesternPantar_lamm1241,one,timoralorpantar.one.0288
WesternPantar_lamm1241,one,timoralorpantar.one.0288
WesternPantar_lamm1241,one,timoralorpantar.one.0288
WesternPantar_lamm1241,one,timoralorpantar.one.0297
WesternPantar_lamm1241,one,timoralorpantar.one.0297
Abui_abui1241,path,timoralorpantar.path.0298
Abui_abui1241,path,timoralorpantar.path.0299
Abui_abui1241,path,timoralorpantar.path.0300
Abui_abui1241,path,timoralorpantar.path.0301
Abui_abui1241,path,timoralorpantar.path.0320
Adang_adan1251,path,timoralorpantar.path.0302
Adang_adan1251,path,timoralorpantar.path.0302
Blagar_blag1240,path,timoralorpantar.path.0298
Blagar_blag1240,path,timoralorpantar.path.0300
Blagar_blag1240,path,timoralorpantar.path.0303
Blagar_blag1240,path,timoralorpantar.path.0303
Blagar_blag1240,path,timoralorpantar.path.0303
Blagar_blag1240,path,timoralorpantar.path.0303
Blagar_blag1240,path,timoralorpantar.path.0303
Blagar_blag1240,path,timoralorpantar.path.0304
Fataluku_fata1247,path,timoralorpantar.path.0300
Hamap_hama1240,path,timoralorpantar.path.0305
Kabola_kabo1247,path,timoralorpantar.path.0302
Kabola_kabo1247,path,timoralorpantar.path.0302
Kabola_kabo1247,path,timoralorpantar.path.0306
Kabola_kabo1247,path,timoralorpantar.path.0307
Kafoa_kafo1240,path,timoralorpantar.path.0300
Kamang_kama1365,path,timoralorpantar.path.0309
Kamang_kama1365,path,timoralorpantar.path.0310
Kamang_kama1365,path,timoralorpantar.path.0310
Kamang_kama1365,path,timoralorpantar.path.0310
Kamang_kama1365,path,timoralorpantar.path.0310
Kamang_kama1365,path,timoralorpantar.path.0311
Klon_kelo1247,path,timoralorpantar.path.0310
Klon_kelo1247,path,timoralorpantar.path.0312
Klon_kelo1247,path,timoralorpantar.path.0313
KuiIndonesia_kuii1253,path,timoralorpantar.path.0314
KulaIndonesia_kula1280,path,timoralorpantar.path.0310
Makasae-Makalero_maka1316,path,timoralorpantar.path.0315
Nedebang_nede1245,path,timoralorpantar.path.0316
Oirata_oira1263,path,timoralorpantar.path.0317
Sawila_sawi1256,path,timoralorpantar.path.0318
Teiwa_teiw1235,path,timoralorpantar.path.0317
Teiwa_teiw1235,path,timoralorpantar.path.0317
Teiwa_teiw1235,path,timoralorpantar.path.0317
Teiwa_teiw1235,path,timoralorpantar.path.0317
Teiwa_teiw1235,path,timoralorpantar.path.0319
Wersing_wers1238,path,timoralorpantar.path.0313
WesternPantar_lamm1241,path,timoralorpantar.path.0304
WesternPantar_lamm1241,path,timoralorpantar.path.0309
WesternPantar_lamm1241,path,timoralorpantar.path.0309
WesternPantar_lamm1241,path,timoralorpantar.path.0309
WesternPantar_lamm1241,path,timoralorpantar.path.0309
Abui_abui1241,person,timoralorpantar.person.0321
Abui_abui1241,person,timoralorpantar.person.0321
Abui_abui1241,person,timoralorpantar.person.0322
Abui_abui1241,person,timoralorpantar.person.0328
Adang_adan1251,person,timoralorpantar.person.0321
Adang_adan1251,person,timoralorpantar.person.0321
Blagar_blag1240,person,timoralorpantar.person.0323
Fataluku_fata1247,person,timoralorpantar.person.0324
Hamap_hama1240,person,timoralorpantar.person.0321
Kabola_kabo1247,person,timoralorpantar.person.0321
Kafoa_kafo1240,person,timoralorpantar.person.0321
Kamang_kama1365,person,timoralorpantar.person.0321
Klon_kelo1247,person,timoralorpantar.person.0323
KuiIndonesia_kuii1253,person,timoralorpantar.person.0323
KulaIndonesia_kula1280,person,?
Makasae-Makalero_maka1316,person,timoralorpantar.person.0323
Nedebang_nede1245,person,timoralorpantar.person.0325
Oirata_oira1263,person,timoralorpantar.person.0326
Sawila_sawi1256,person,timoralorpantar.person.0323
Sawila_sawi1256,person,timoralorpantar.person.0323
Teiwa_teiw1235,person,timoralorpantar.person.0327
Teiwa_teiw1235,person,timoralorpantar.person.0329
Wersing_wers1238,person,timoralorpantar.person.0323
WesternPantar_lamm1241,person,timoralorpantar.person.0321
WesternPantar_lamm1241,person,timoralorpantar.person.0321
Abui_abui1241,see,timoralorpantar.see.0330
Abui_abui1241,see,timoralorpantar.see.0331
Abui_abui1241,see,timoralorpantar.see.0331
Abui_abui1241,see,timoralorpantar.see.0332
Abui_abui1241,see,timoralorpantar.see.0334
Abui_abui1241,see,timoralorpantar.see.0334
Abui_abui1241,see,timoralorpantar.see.0336
Abui_abui1241,see,timoralorpantar.see.0345
Adang_adan1251,see,timoralorpantar.see.0333
Adang_adan1251,see,timoralorpantar.see.0333
Blagar_blag1240,see,timoralorpantar.see.0332
Blagar_blag1240,see,timoralorpantar.see.0332
Blagar_blag1240,see,timoralorpantar.see.0334
Blagar_blag1240,see,timoralorpantar.see.0334
Blagar_blag1240,see,timoralorpantar.see.0334
Blagar_blag1240,see,timoralorpantar.see.0334
Blagar_blag1240,see,timoralorpantar.see.0334
Blagar_blag1240,see,timoralorpantar.see.0335
Fataluku_fata1247,see,timoralorpantar.see.0336
Fataluku_fata1247,see,timoralorpantar.see.0346
Hamap_hama1240,see,timoralorpantar.see.0333
Kabola_kabo1247,see,timoralorpantar.see.0333
Kabola_kabo1247,see,timoralorpantar.see.0333
Kabola_kabo1247,see,timoralorpantar.see.0333
Kabola_kabo1247,see,timoralorpantar.see.0336
Kabola_kabo1247,see,timoralorpantar.see.0336
Kafoa_kafo1240,see,timoralorpantar.see.0336
Kamang_kama1365,see,timoralorpantar.see.0337
Kamang_kama1365,see,timoralorpantar.see.0337
Kamang_kama1365,see,timoralorpantar.see.0337
Kamang_kama1365,see,timoralorpantar.see.0337
Kamang_kama1365,see,timoralorpantar.see.0337
Klon_kelo1247,see,timoralorpantar.see.0336
Klon_kelo1247,see,timoralorpantar.see.0336
Klon_kelo1247,see,timoralorpantar.see.0336
KuiIndonesia_kuii1253,see,timoralorpantar.see.0339
KulaIndonesia_kula1280,see,timoralorpantar.see.0340
Makasae-Makalero_maka1316,see,timoralorpantar.see.0331
Nedebang_nede1245,see,timoralorpantar.see.0332
Oirata_oira1263,see,timoralorpantar.see.0341
Sawila_sawi1256,see,timoralorpantar.see.0342
Teiwa_teiw1235,see,timoralorpantar.see.0332
Teiwa_teiw1235,see,timoralorpantar.see.0332
Teiwa_teiw1235,see,timoralorpantar.see.0332
Teiwa_teiw1235,see,timoralorpantar.see.0336
Teiwa_teiw1235,see,timoralorpantar.see.0343
Teiwa_teiw1235,see,timoralorpantar.see.0347
Wersing_wers1238,see,timoralorpantar.see.0344
WesternPantar_lamm1241,see,timoralorpantar.see.0338
WesternPantar_lamm1241,see,timoralorpantar.see.0338
WesternPantar_lamm1241,see,timoralorpantar.see.0338
WesternPantar_lamm1241,see,timoralorpantar.see.0338
WesternPantar_lamm1241,see,timoralorpantar.see.0338
Abui_abui1241,skin,timoralorpantar.skin.0348
Abui_abui1241,skin,timoralorpantar.skin.0348
Abui_abui1241,skin,timoralorpantar.skin.0349
Abui_abui1241,skin,timoralorpantar.skin.0350
Abui_abui1241,skin,timoralorpantar.skin.0351
Adang_adan1251,skin,timoralorpantar.skin.0352
Adang_adan1251,skin,timoralorpantar.skin.0353
Blagar_blag1240,skin,timoralorpantar.skin.0350
Blagar_blag1240,skin,timoralorpantar.skin.0350
Blagar_blag1240,skin,timoralorpantar.skin.0350
Blagar_blag1240,skin,timoralorpantar.skin.0350
Blagar_blag1240,skin,timoralorpantar.skin.0354
Blagar_blag1240,skin,timoralorpantar.skin.0355
Blagar_blag1240,skin,timoralorpantar.skin.0356
Fataluku_fata1247,skin,timoralorpantar.skin.0357
Hamap_hama1240,skin,timoralorpantar.skin.0353
Kabola_kabo1247,skin,timoralorpantar.skin.0350
Kabola_kabo1247,skin,timoralorpantar.skin.0350
Kabola_kabo1247,skin,timoralorpantar.skin.0350
Kabola_kabo1247,skin,timoralorpantar.skin.0351
Kafoa_kafo1240,skin,timoralorpantar.skin.0350
Kamang_kama1365,skin,timoralorpantar.skin.0350
Kamang_kama1365,skin,timoralorpantar.skin.0358
Kamang_kama1365,skin,timoralorpantar.skin.0359
Kamang_kama1365,skin,timoralorpantar.skin.0360
Kamang_kama1365,skin,timoralorpantar.skin.0360
Kamang_kama1365,skin,timoralorpantar.skin.0360
Klon_kelo1247,skin,timoralorpantar.skin.0350
Klon_kelo1247,skin,timoralorpantar.skin.0351
Klon_kelo1247,skin,timoralorpantar.skin.0361
KuiIndonesia_kuii1253,skin,timoralorpantar.skin.0350
KulaIndonesia_kula1280,skin,timoralorpantar.skin.0362
Makasae-Makalero_maka1316,skin,timoralorpantar.skin.0357
Nedebang_nede1245,skin,timoralorpantar.skin.0364
Oirata_oira1263,skin,timoralorpantar.skin.0357
Sawila_sawi1256,skin,timoralorpantar.skin.0351
Teiwa_teiw1235,skin,timoralorpantar.skin.0351
Teiwa_teiw1235,skin,timoralorpantar.skin.0361
Teiwa_teiw1235,skin,timoralorpantar.skin.0361
Teiwa_teiw1235,skin,timoralorpantar.skin.0361
Teiwa_teiw1235,skin,timoralorpantar.skin.0361
Wersing_wers1238,skin,timoralorpantar.skin.0365
WesternPantar_lamm1241,skin,timoralorpantar.skin.0357
WesternPantar_lamm1241,skin,timoralorpantar.skin.0357
WesternPantar_lamm1241,skin,timoralorpantar.skin.0363
WesternPantar_lamm1241,skin,timoralorpantar.skin.0363
WesternPantar_lamm1241,skin,timoralorpantar.skin.0363
Abui_abui1241,star,timoralorpantar.star.0366
Abui_abui1241,star,timoralorpantar.star.0366
Abui_abui1241,star,timoralorpantar.star.0366
Abui_abui1241,star,timoralorpantar.star.0366
Abui_abui1241,star,timoralorpantar.star.0367
Abui_abui1241,star,timoralorpantar.star.0368
Adang_adan1251,star,timoralorpantar.star.0369
Adang_adan1251,star,timoralorpantar.star.0370
Blagar_blag1240,star,timoralorpantar.star.0371
Blagar_blag1240,star,timoralorpantar.star.0371
Blagar_blag1240,star,timoralorpantar.star.0371
Blagar_blag1240,star,timoralorpantar.star.0371
Blagar_blag1240,star,timoralorpantar.star.0371
Blagar_blag1240,star,timoralorpantar.star.0371
Blagar_blag1240,star,timoralorpantar.star.0371
Fataluku_fata1247,star,timoralorpantar.star.0370
Hamap_hama1240,star,timoralorpantar.star.0370
Kabola_kabo1247,star,timoralorpantar.star.0369
Kabola_kabo1247,star,timoralorpantar.star.0369
Kabola_kabo1247,star,timoralorpantar.star.0369
Kabola_kabo1247,star,timoralorpantar.star.0370
Kabola_kabo1247,star,timoralorpantar.star.0370
Kafoa_kafo1240,star,timoralorpantar.star.0373
Kamang_kama1365,star,timoralorpantar.star.0374
Kamang_kama1365,star,timoralorpantar.star.0374
Kamang_kama1365,star,timoralorpantar.star.0374
Kamang_kama1365,star,timoralorpantar.star.0375
Kamang_kama1365,star,timoralorpantar.star.0375
Kamang_kama1365,star,timoralorpantar.star.0376
Kamang_kama1365,star,timoralorpantar.star.0376
Klon_kelo1247,star,timoralorpantar.star.0369
Klon_kelo1247,star,timoralorpantar.star.0369
Klon_kelo1247,star,timoralorpantar.star.0369
KuiIndonesia_kuii1253,star,timoralorpantar.star.0366
KulaIndonesia_kula1280,star,timoralorpantar.star.0377
Makasae-Makalero_maka1316,star,timoralorpantar.star.0378
Nedebang_nede1245,star,timoralorpantar.star.0379
Oirata_oira1263,star,timoralorpantar.star.0370
Sawila_sawi1256,star,timoralorpantar.star.0380
Teiwa_teiw1235,star,timoralorpantar.star.0369
Teiwa_teiw1235,star,timoralorpantar.star.0369
Teiwa_teiw1235,star,timoralorpantar.star.0369
Teiwa_teiw1235,star,timoralorpantar.star.0369
Teiwa_teiw1235,star,timoralorpantar.star.0369
Wersing_wers1238,star,timoralorpantar.star.0381
WesternPantar_lamm1241,star,timoralorpantar.star.0370
WesternPantar_lamm1241,star,timoralorpantar.star.0370
WesternPantar_lamm1241,star,timoralorpantar.star.0370
WesternPantar_lamm1241,star,timoralorpantar.star.0370
WesternPantar_lamm1241,star,timoralorpantar.star.0370
WesternPantar_lamm1241,star,timoralorpantar.star.0375
Abui_abui1241,stone,timoralorpantar.stone.0382
Abui_abui1241,stone,timoralorpantar.stone.0383
Abui_abui1241,stone,timoralorpantar.stone.0383
Abui_abui1241,stone,timoralorpantar.stone.0383
Abui_abui1241,stone,timoralorpantar.stone.0384
Adang_adan1251,stone,timoralorpantar.stone.0383
Adang_adan1251,stone,timoralorpantar.stone.0383
Blagar_blag1240,stone,timoralorpantar.stone.0385
Blagar_blag1240,stone,timoralorpantar.stone.0385
Blagar_blag1240,stone,timoralorpantar.stone.0385
Blagar_blag1240,stone,timoralorpantar.stone.0385
Blagar_blag1240,stone,timoralorpantar.stone.0385
Blagar_blag1240,stone,timoralorpantar.stone.0385
Blagar_blag1240,stone,timoralorpantar.stone.0386
Fataluku_fata1247,stone,timoralorpantar.stone.0387
Hamap_hama1240,stone,timoralorpantar.stone.0383
Kabola_kabo1247,stone,timoralorpantar.stone.0383
Kabola_kabo1247,stone,timoralorpantar.stone.0383
Kabola_kabo1247,stone,timoralorpantar.stone.0388
Kabola_kabo1247,stone,timoralorpantar.stone.0389
Kabola_kabo1247,stone,timoralorpantar.stone.0389
Kafoa_kafo1240,stone,timoralorpantar.stone.0383
Kamang_kama1365,stone,timoralorpantar.stone.0383
Kamang_kama1365,stone,timoralorpantar.stone.0385
Kamang_kama1365,stone,timoralorpantar.stone.0385
Kamang_kama1365,stone,timoralorpantar.stone.0390
Kamang_kama1365,stone,timoralorpantar.stone.0390
Kamang_kama1365,stone,timoralorpantar.stone.0390
Klon_kelo1247,stone,timoralorpantar.stone.0385
Klon_kelo1247,stone,timoralorpantar.stone.0385
Klon_kelo1247,stone,timoralorpantar.stone.0385
KuiIndonesia_kuii1253,stone,timoralorpantar.stone.0385
KulaIndonesia_kula1280,stone,timoralorpantar.stone.0391
Makasae-Makalero_maka1316,stone,timoralorpantar.stone.0388
Nedebang_nede1245,stone,timoralorpantar.stone.0385
Oirata_oira1263,stone,timoralorpantar.stone.0385
Sawila_sawi1256,stone,timoralorpantar.stone.0385
Teiwa_teiw1235,stone,timoralorpantar.stone.0385
Teiwa_teiw1235,stone,timoralorpantar.stone.0385
Teiwa_teiw1235,stone,timoralorpantar.stone.0385
Teiwa_teiw1235,stone,timoralorpantar.stone.0385
Teiwa_teiw1235,stone,timoralorpantar.stone.0385
Wersing_wers1238,stone,timoralorpantar.stone.0385
WesternPantar_lamm1241,stone,timoralorpantar.stone.0386
WesternPantar_lamm1241,stone,timoralorpantar.stone.0392
WesternPantar_lamm1241,stone,timoralorpantar.stone.0392
WesternPantar_lamm1241,stone,timoralorpantar.stone.0393
Abui_abui1241,sun,timoralorpantar.sun.0394
Abui_abui1241,sun,timoralorpantar.sun.0394
Abui_abui1241,sun,timoralorpantar.sun.0394
Abui_abui1241,sun,timoralorpantar.sun.0394
Abui_abui1241,sun,timoralorpantar.sun.0395
Abui_abui1241,sun,timoralorpantar.sun.0396
Adang_adan1251,sun,timoralorpantar.sun.0397
Adang_adan1251,sun,timoralorpantar.sun.0398
Blagar_blag1240,sun,timoralorpantar.sun.0397
Blagar_blag1240,sun,timoralorpantar.sun.0397
Blagar_blag1240,sun,timoralorpantar.sun.0397
Blagar_blag1240,sun,timoralorpantar.sun.0397
Blagar_blag1240,sun,timoralorpantar.sun.0397
Blagar_blag1240,sun,timoralorpantar.sun.0397
Blagar_blag1240,sun,timoralorpantar.sun.0397
Fataluku_fata1247,sun,?
Hamap_hama1240,sun,timoralorpantar.sun.0398
Kabola_kabo1247,sun,timoralorpantar.sun.0398
Kabola_kabo1247,sun,timoralorpantar.sun.0399
Kabola_kabo1247,sun,timoralorpantar.sun.0400
Kabola_kabo1247,sun,timoralorpantar.sun.0400
Kafoa_kafo1240,sun,timoralorpantar.sun.0401
Kamang_kama1365,sun,timoralorpantar.sun.0397
Kamang_kama1365,sun,timoralorpantar.sun.0397
Kamang_kama1365,sun,timoralorpantar.sun.0397
Kamang_kama1365,sun,timoralorpantar.sun.0397
Kamang_kama1365,sun,timoralorpantar.sun.0397
Kamang_kama1365,sun,timoralorpantar.sun.0397
Klon_kelo1247,sun,timoralorpantar.sun.0397
Klon_kelo1247,sun,timoralorpantar.sun.0403
Klon_kelo1247,sun,timoralorpantar.sun.0403
KuiIndonesia_kuii1253,sun,timoralorpantar.sun.0394
KulaIndonesia_kula1280,sun,timoralorpantar.sun.0397
Makasae-Makalero_maka1316,sun,?
Nedebang_nede1245,sun,timoralorpantar.sun.0394
Oirata_oira1263,sun,?
Sawila_sawi1256,sun,timoralorpantar.sun.0397
Teiwa_teiw1235,sun,timoralorpantar.sun.0394
Teiwa_teiw1235,sun,timoralorpantar.sun.0406
Teiwa_teiw1235,sun,timoralorpantar.sun.0408
Teiwa_teiw1235,sun,timoralorpantar.sun.0408
Teiwa_teiw1235,sun,timoralorpantar.sun.0408
Wersing_wers1238,sun,timoralorpantar.sun.0397
WesternPantar_lamm1241,sun,timoralorpantar.sun.0394
WesternPantar_lamm1241,sun,timoralorpantar.sun.0404
WesternPantar_lamm1241,sun,timoralorpantar.sun.0404
WesternPantar_lamm1241,sun,timoralorpantar.sun.0404
WesternPantar_lamm1241,sun,timoralorpantar.sun.0405
WesternPantar_lamm1241,sun,timoralorpantar.sun.0406
Abui_abui1241,tongue,timoralorpantar.tongue.0409
Abui_abui1241,tongue,timoralorpantar.tongue.0409
Abui_abui1241,tongue,timoralorpantar.tongue.0409
Abui_abui1241,tongue,timoralorpantar.tongue.0409
Abui_abui1241,tongue,timoralorpantar.tongue.0410
Adang_adan1251,tongue,timoralorpantar.tongue.0409
Adang_adan1251,tongue,timoralorpantar.tongue.0409
Adang_adan1251,tongue,timoralorpantar.tongue.0409
Blagar_blag1240,tongue,timoralorpantar.tongue.0409
Blagar_blag1240,tongue,timoralorpantar.tongue.0411
Blagar_blag1240,tongue,timoralorpantar.tongue.0411
Blagar_blag1240,tongue,timoralorpantar.tongue.0411
Blagar_blag1240,tongue,timoralorpantar.tongue.0411
Blagar_blag1240,tongue,timoralorpantar.tongue.0411
Blagar_blag1240,tongue,timoralorpantar.tongue.0411
Fataluku_fata1247,tongue,timoralorpantar.tongue.0412
Hamap_hama1240,tongue,timoralorpantar.tongue.0409
Kabola_kabo1247,tongue,timoralorpantar.tongue.0409
Kabola_kabo1247,tongue,timoralorpantar.tongue.0409
Kabola_kabo1247,tongue,timoralorpantar.tongue.0409
Kabola_kabo1247,tongue,timoralorpantar.tongue.0409
Kafoa_kafo1240,tongue,timoralorpantar.tongue.0409
Kamang_kama1365,tongue,timoralorpantar.tongue.0409
Kamang_kama1365,tongue,timoralorpantar.tongue.0413
Kamang_kama1365,tongue,timoralorpantar.tongue.0414
Kamang_kama1365,tongue,timoralorpantar.tongue.0414
Kamang_kama1365,tongue,timoralorpantar.tongue.0414
Kamang_kama1365,tongue,timoralorpantar.tongue.0414
Klon_kelo1247,tongue,timoralorpantar.tongue.0409
Klon_kelo1247,tongue,timoralorpantar.tongue.0409
Klon_kelo1247,tongue,timoralorpantar.tongue.0409
KuiIndonesia_kuii1253,tongue,timoralorpantar.tongue.0409
KulaIndonesia_kula1280,tongue,timoralorpantar.tongue.0409
Makasae-Makalero_maka1316,tongue,timoralorpantar.tongue.0415
Makasae-Makalero_maka1316,tongue,timoralorpantar.tongue.0418
Nedebang_nede1245,tongue,timoralorpantar.tongue.0409
Oirata_oira1263,tongue,timoralorpantar.tongue.0416
Sawila_sawi1256,tongue,timoralorpantar.tongue.0409
Teiwa_teiw1235,tongue,timoralorpantar.tongue.0409
Teiwa_teiw1235,tongue,timoralorpantar.tongue.0409
Teiwa_teiw1235,tongue,timoralorpantar.tongue.0409
Teiwa_teiw1235,tongue,timoralorpantar.tongue.0409
Teiwa_teiw1235,tongue,timoralorpantar.tongue.0417
Wersing_wers1238,tongue,timoralorpantar.tongue.0409
WesternPantar_lamm1241,tongue,timoralorpantar.tongue.0409
WesternPantar_lamm1241,tongue,timoralorpantar.tongue.0409
WesternPantar_lamm1241,tongue,timoralorpantar.tongue.0409
WesternPantar_lamm1241,tongue,timoralorpantar.tongue.0409
WesternPantar_lamm1241,tongue,timoralorpantar.tongue.0409
Abui_abui1241,tooth,timoralorpantar.tooth.0419
Abui_abui1241,tooth,timoralorpantar.tooth.0419
Abui_abui1241,tooth,timoralorpantar.tooth.0419
Abui_abui1241,tooth,timoralorpantar.tooth.0419
Abui_abui1241,tooth,timoralorpantar.tooth.0419
Abui_abui1241,tooth,timoralorpantar.tooth.0420
Adang_adan1251,tooth,timoralorpantar.tooth.0419
Adang_adan1251,tooth,timoralorpantar.tooth.0419
Blagar_blag1240,tooth,timoralorpantar.tooth.0419
Blagar_blag1240,tooth,timoralorpantar.tooth.0419
Blagar_blag1240,tooth,timoralorpantar.tooth.0419
Blagar_blag1240,tooth,timoralorpantar.tooth.0419
Blagar_blag1240,tooth,timoralorpantar.tooth.0419
Blagar_blag1240,tooth,timoralorpantar.tooth.0419
Blagar_blag1240,tooth,timoralorpantar.tooth.0419
Fataluku_fata1247,tooth,timoralorpantar.tooth.0419
Hamap_hama1240,tooth,timoralorpantar.tooth.0419
Kabola_kabo1247,tooth,timoralorpantar.tooth.0419
Kabola_kabo1247,tooth,timoralorpantar.tooth.0419
Kabola_kabo1247,tooth,timoralorpantar.tooth.0419
Kabola_kabo1247,tooth,timoralorpantar.tooth.0419
Kafoa_kafo1240,tooth,timoralorpantar.tooth.0419
Kamang_kama1365,tooth,timoralorpantar.tooth.0419
Kamang_kama1365,tooth,timoralorpantar.tooth.0419
Kamang_kama1365,tooth,timoralorpantar.tooth.0419
Kamang_kama1365,tooth,timoralorpantar.tooth.0421
Kamang_kama1365,tooth,timoralorpantar.tooth.0422
Kamang_kama1365,tooth,timoralorpantar.tooth.0422
Kamang_kama1365,tooth,timoralorpantar.tooth.0422
Klon_kelo1247,tooth,timoralorpantar.tooth.0419
Klon_kelo1247,tooth,timoralorpantar.tooth.0419
Klon_kelo1247,tooth,timoralorpantar.tooth.0419
KuiIndonesia_kuii1253,tooth,timoralorpantar.tooth.0423
KulaIndonesia_kula1280,tooth,timoralorpantar.tooth.0424
Makasae-Makalero_maka1316,tooth,timoralorpantar.tooth.0419
Nedebang_nede1245,tooth,timoralorpantar.tooth.0419
Oirata_oira1263,tooth,timoralorpantar.tooth.0419
Sawila_sawi1256,tooth,timoralorpantar.tooth.0419
Teiwa_teiw1235,tooth,timoralorpantar.tooth.0419
Teiwa_teiw1235,tooth,timoralorpantar.tooth.0419
Teiwa_teiw1235,tooth,timoralorpantar.tooth.0419
Teiwa_teiw1235,tooth,timoralorpantar.tooth.0419
Teiwa_teiw1235,tooth,timoralorpantar.tooth.0419
Wersing_wers1238,tooth,timoralorpantar.tooth.0419
WesternPantar_lamm1241,tooth,timoralorpantar.tooth.0419
WesternPantar_lamm1241,tooth,timoralorpantar.tooth.0419
WesternPantar_lamm1241,tooth,timoralorpantar.tooth.0419
WesternPantar_lamm1241,tooth,timoralorpantar.tooth.0419
WesternPantar_lamm1241,tooth,timoralorpantar.tooth.0419
Abui_abui1241,tree,timoralorpantar.tree.0425
Abui_abui1241,tree,timoralorpantar.tree.0425
Abui_abui1241,tree,timoralorpantar.tree.0426
Abui_abui1241,tree,timoralorpantar.tree.0427
Adang_adan1251,tree,timoralorpantar.tree.0428
Adang_adan1251,tree,timoralorpantar.tree.0428
Blagar_blag1240,tree,timoralorpantar.tree.0428
Blagar_blag1240,tree,timoralorpantar.tree.0428
Blagar_blag1240,tree,timoralorpantar.tree.0428
Blagar_blag1240,tree,timoralorpantar.tree.0428
Blagar_blag1240,tree,timoralorpantar.tree.0428
Blagar_blag1240,tree,timoralorpantar.tree.0428
Blagar_blag1240,tree,timoralorpantar.tree.0428
Fataluku_fata1247,tree,?
Hamap_hama1240,tree,timoralorpantar.tree.0428
Kabola_kabo1247,tree,timoralorpantar.tree.0428
Kabola_kabo1247,tree,timoralorpantar.tree.0428
Kabola_kabo1247,tree,timoralorpantar.tree.0428
Kabola_kabo1247,tree,timoralorpantar.tree.0429
Kafoa_kafo1240,tree,timoralorpantar.tree.0425
Kamang_kama1365,tree,timoralorpantar.tree.0425
Kamang_kama1365,tree,timoralorpantar.tree.0425
Kamang_kama1365,tree,timoralorpantar.tree.0430
Kamang_kama1365,tree,timoralorpantar.tree.0430
Kamang_kama1365,tree,timoralorpantar.tree.0430
Kamang_kama1365,tree,timoralorpantar.tree.0431
Klon_kelo1247,tree,timoralorpantar.tree.0425
Klon_kelo1247,tree,timoralorpantar.tree.0425
Klon_kelo1247,tree,timoralorpantar.tree.0429
KuiIndonesia_kuii1253,tree,timoralorpantar.tree.0433
KulaIndonesia_kula1280,tree,timoralorpantar.tree.0434
Makasae-Makalero_maka1316,tree,?
Nedebang_nede1245,tree,timoralorpantar.tree.0428
Oirata_oira1263,tree,?
Sawila_sawi1256,tree,timoralorpantar.tree.0435
Teiwa_teiw1235,tree,timoralorpantar.tree.0429
Teiwa_teiw1235,tree,timoralorpantar.tree.0429
Teiwa_teiw1235,tree,timoralorpantar.tree.0429
Teiwa_teiw1235,tree,timoralorpantar.tree.0429
Teiwa_teiw1235,tree,timoralorpantar.tree.0436
Wersing_wers1238,tree,timoralorpantar.tree.0430
WesternPantar_lamm1241,tree,timoralorpantar.tree.0432
WesternPantar_lamm1241,tree,timoralorpantar.tree.0432
WesternPantar_lamm1241,tree,timoralorpantar.tree.0432
WesternPantar_lamm1241,tree,timoralorpantar.tree.0432
WesternPantar_lamm1241,tree,timoralorpantar.tree.0432
Abui_abui1241,two,timoralorpantar.two.0437
Abui_abui1241,two,timoralorpantar.two.0437
Abui_abui1241,two,timoralorpantar.two.0437
Abui_abui1241,two,timoralorpantar.two.0437
Abui_abui1241,two,timoralorpantar.two.0438
Adang_adan1251,two,timoralorpantar.two.0439
Adang_adan1251,two,timoralorpantar.two.0439
Blagar_blag1240,two,timoralorpantar.two.0437
Blagar_blag1240,two,timoralorpantar.two.0440
Blagar_blag1240,two,timoralorpantar.two.0440
Blagar_blag1240,two,timoralorpantar.two.0440
Blagar_blag1240,two,timoralorpantar.two.0440
Blagar_blag1240,two,timoralorpantar.two.0441
Blagar_blag1240,two,timoralorpantar.two.0441
Fataluku_fata1247,two,timoralorpantar.two.0442
Hamap_hama1240,two,timoralorpantar.two.0439
Kabola_kabo1247,two,timoralorpantar.two.0439
Kabola_kabo1247,two,timoralorpantar.two.0439
Kabola_kabo1247,two,timoralorpantar.two.0439
Kabola_kabo1247,two,timoralorpantar.two.0439
Kafoa_kafo1240,two,timoralorpantar.two.0437
Kamang_kama1365,two,timoralorpantar.two.0437
Kamang_kama1365,two,timoralorpantar.two.0437
Kamang_kama1365,two,timoralorpantar.two.0437
Kamang_kama1365,two,timoralorpantar.two.0437
Kamang_kama1365,two,timoralorpantar.two.0437
Kamang_kama1365,two,timoralorpantar.two.0437
Kamang_kama1365,two,timoralorpantar.two.0443
Klon_kelo1247,two,timoralorpantar.two.0440
Klon_kelo1247,two,timoralorpantar.two.0440
Klon_kelo1247,two,timoralorpantar.two.0440
KuiIndonesia_kuii1253,two,timoralorpantar.two.0440
KulaIndonesia_kula1280,two,timoralorpantar.two.0437
Makasae-Makalero_maka1316,two,timoralorpantar.two.0444
Nedebang_nede1245,two,timoralorpantar.two.0437
Oirata_oira1263,two,timoralorpantar.two.0437
Sawila_sawi1256,two,timoralorpantar.two.0437
Teiwa_teiw1235,two,timoralorpantar.two.0437
Teiwa_teiw1235,two,timoralorpantar.two.0437
Teiwa_teiw1235,two,timoralorpantar.two.0437
Teiwa_teiw1235,two,timoralorpantar.two.0437
Teiwa_teiw1235,two,timoralorpantar.two.0437
Wersing_wers1238,two,timoralorpantar.two.0443
WesternPantar_lamm1241,two,timoralorpantar.two.0443
WesternPantar_lamm1241,two,timoralorpantar.two.0443
WesternPantar_lamm1241,two,timoralorpantar.two.0443
WesternPantar_lamm1241,two,timoralorpantar.two.0443
WesternPantar_lamm1241,two,timoralorpantar.two.0443
Abui_abui1241,water,timoralorpantar.water.0445
Abui_abui1241,water,timoralorpantar.water.0445
Abui_abui1241,water,timoralorpantar.water.0445
Abui_abui1241,water,timoralorpantar.water.0446
Adang_adan1251,water,timoralorpantar.water.0447
Blagar_blag1240,water,timoralorpantar.water.0448
Blagar_blag1240,water,timoralorpantar.water.0448
Blagar_blag1240,water,timoralorpantar.water.0448
Blagar_blag1240,water,timoralorpantar.water.0448
Blagar_blag1240,water,timoralorpantar.water.0448
Blagar_blag1240,water,timoralorpantar.water.0448
Blagar_blag1240,water,timoralorpantar.water.0448
Fataluku_fata1247,water,timoralorpantar.water.0449
Hamap_hama1240,water,?
Kabola_kabo1247,water,timoralorpantar.water.0447
Kabola_kabo1247,water,timoralorpantar.water.0447
Kabola_kabo1247,water,timoralorpantar.water.0450
Kafoa_kafo1240,water,?
Kamang_kama1365,water,timoralorpantar.water.0449
Kamang_kama1365,water,timoralorpantar.water.0449
Kamang_kama1365,water,timoralorpantar.water.0449
Kamang_kama1365,water,timoralorpantar.water.0449
Kamang_kama1365,water,timoralorpantar.water.0449
Kamang_kama1365,water,timoralorpantar.water.0449
Klon_kelo1247,water,timoralorpantar.water.0449
Klon_kelo1247,water,timoralorpantar.water.0451
KuiIndonesia_kuii1253,water,?
KulaIndonesia_kula1280,water,timoralorpantar.water.0449
KulaIndonesia_kula1280,water,timoralorpantar.water.0449
Makasae-Makalero_maka1316,water,timoralorpantar.water.0449
Nedebang_nede1245,water,timoralorpantar.water.0453
Oirata_oira1263,water,timoralorpantar.water.0449
Sawila_sawi1256,water,timoralorpantar.water.0449
Teiwa_teiw1235,water,timoralorpantar.water.0448
Teiwa_teiw1235,water,timoralorpantar.water.0448
Teiwa_teiw1235,water,timoralorpantar.water.0453
Teiwa_teiw1235,water,timoralorpantar.water.0453
Teiwa_teiw1235,water,timoralorpantar.water.0453
Wersing_wers1238,water,timoralorpantar.water.0449
WesternPantar_lamm1241,water,timoralorpantar.water.0452
WesternPantar_lamm1241,water,timoralorpantar.water.0452
WesternPantar_lamm1241,water,timoralorpantar.water.0452
WesternPantar_lamm1241,water,timoralorpantar.water.0452
