Language_ID,Feature_ID,Value
AinuChina_ainu1251,1pl,turkic.1pl.0001
Bashkir_bash1264,1pl,turkic.1pl.0001
Chuvash_chuv1255,1pl,turkic.1pl.0001
CrimeanTatar_crim1257,1pl,turkic.1pl.0001
Dolgan_dolg1241,1pl,turkic.1pl.0001
Kara-Kalpak_kara1467,1pl,turkic.1pl.0001
Karachay-Balkar_kara1465,1pl,turkic.1pl.0001
Karaim_kara1464,1pl,turkic.1pl.0001
Kazakh_kaza1248,1pl,turkic.1pl.0001
KhorasanTurkic_khor1269,1pl,turkic.1pl.0001
KhorasanTurkic_khor1269,1pl,turkic.1pl.0001
KhorasanTurkic_khor1269,1pl,turkic.1pl.0001
KhorasanTurkic_khor1269,1pl,turkic.1pl.0001
KhorasanTurkic_khor1269,1pl,turkic.1pl.0001
KhorasanTurkic_khor1269,1pl,turkic.1pl.0001
KhorasanTurkic_khor1269,1pl,turkic.1pl.0001
KhorasanTurkic_khor1269,1pl,turkic.1pl.0001
KhorasanTurkic_khor1269,1pl,turkic.1pl.0001
KhorasanTurkic_khor1269,1pl,turkic.1pl.0001
KhorasanTurkic_khor1269,1pl,turkic.1pl.0001
KhorasanTurkic_khor1269,1pl,turkic.1pl.0001
KhorasanTurkic_khor1269,1pl,turkic.1pl.0001
KhorasanTurkic_khor1269,1pl,turkic.1pl.0001
KhorasanTurkic_khor1269,1pl,turkic.1pl.0001
KhorasanTurkic_khor1269,1pl,turkic.1pl.0001
KhorasanTurkic_khor1269,1pl,turkic.1pl.0001
KhorasanTurkic_khor1269,1pl,turkic.1pl.0001
KhorasanTurkic_khor1269,1pl,turkic.1pl.0001
KhorasanTurkic_khor1269,1pl,turkic.1pl.0001
KhorasanTurkic_khor1269,1pl,turkic.1pl.0001
KhorasanTurkic_khor1269,1pl,turkic.1pl.0002
KhorasanTurkic_khor1269,1pl,turkic.1pl.0002
KhorasanTurkic_khor1269,1pl,turkic.1pl.0002
KhorasanTurkic_khor1269,1pl,turkic.1pl.0003
KhorasanTurkic_khor1269,1pl,turkic.1pl.0004
KhorasanTurkic_khor1269,1pl,turkic.1pl.0005
KhorasanTurkic_khor1269,1pl,turkic.1pl.0006
Kirghiz_kirg1245,1pl,turkic.1pl.0001
Kumyk_kumy1244,1pl,turkic.1pl.0001
Nogai_noga1249,1pl,turkic.1pl.0001
NorthAzerbaijani_nort2697,1pl,turkic.1pl.0001
NorthAzerbaijani_nort2697,1pl,turkic.1pl.0001
NorthAzerbaijani_nort2697,1pl,turkic.1pl.0001
NorthernAltai_nort2686,1pl,turkic.1pl.0001
NorthernUzbek_nort2690,1pl,turkic.1pl.0001
Sakha_yaku1245,1pl,turkic.1pl.0001
Salar_sala1264,1pl,turkic.1pl.0004
Shor_shor1247,1pl,turkic.1pl.0001
SouthernUzbek_sout2699,1pl,turkic.1pl.0001
SouthernUzbek_sout2699,1pl,turkic.1pl.0004
TaigaSayanTurkic_kara1462,1pl,turkic.1pl.0001
Tatar_tata1255,1pl,turkic.1pl.0001
Tatar_tata1255,1pl,turkic.1pl.0001
Tatar_tata1255,1pl,turkic.1pl.0001
TurkicKhalaj_turk1303,1pl,turkic.1pl.0001
Turkish_nucl1301,1pl,turkic.1pl.0001
Turkmen_turk1304,1pl,?
Tuvinian_tuvi1240,1pl,turkic.1pl.0001
Uighur_uigh1240,1pl,turkic.1pl.0001
WestYugur_west2402,1pl,turkic.1pl.0002
AinuChina_ainu1251,1sg,turkic.1sg.0007
Bashkir_bash1264,1sg,turkic.1sg.0007
Chuvash_chuv1255,1sg,turkic.1sg.0008
CrimeanTatar_crim1257,1sg,turkic.1sg.0009
Dolgan_dolg1241,1sg,turkic.1sg.0007
Kara-Kalpak_kara1467,1sg,turkic.1sg.0007
Karachay-Balkar_kara1465,1sg,turkic.1sg.0007
Karaim_kara1464,1sg,turkic.1sg.0007
Kazakh_kaza1248,1sg,turkic.1sg.0007
KhorasanTurkic_khor1269,1sg,turkic.1sg.0007
KhorasanTurkic_khor1269,1sg,turkic.1sg.0007
KhorasanTurkic_khor1269,1sg,turkic.1sg.0007
KhorasanTurkic_khor1269,1sg,turkic.1sg.0007
KhorasanTurkic_khor1269,1sg,turkic.1sg.0007
KhorasanTurkic_khor1269,1sg,turkic.1sg.0007
KhorasanTurkic_khor1269,1sg,turkic.1sg.0007
KhorasanTurkic_khor1269,1sg,turkic.1sg.0007
KhorasanTurkic_khor1269,1sg,turkic.1sg.0007
KhorasanTurkic_khor1269,1sg,turkic.1sg.0007
KhorasanTurkic_khor1269,1sg,turkic.1sg.0007
KhorasanTurkic_khor1269,1sg,turkic.1sg.0007
KhorasanTurkic_khor1269,1sg,turkic.1sg.0007
KhorasanTurkic_khor1269,1sg,turkic.1sg.0007
KhorasanTurkic_khor1269,1sg,turkic.1sg.0007
KhorasanTurkic_khor1269,1sg,turkic.1sg.0007
KhorasanTurkic_khor1269,1sg,turkic.1sg.0007
KhorasanTurkic_khor1269,1sg,turkic.1sg.0007
KhorasanTurkic_khor1269,1sg,turkic.1sg.0007
KhorasanTurkic_khor1269,1sg,turkic.1sg.0007
KhorasanTurkic_khor1269,1sg,turkic.1sg.0007
KhorasanTurkic_khor1269,1sg,turkic.1sg.0007
Kirghiz_kirg1245,1sg,turkic.1sg.0007
Kumyk_kumy1244,1sg,turkic.1sg.0007
Nogai_noga1249,1sg,turkic.1sg.0007
NorthAzerbaijani_nort2697,1sg,turkic.1sg.0007
NorthAzerbaijani_nort2697,1sg,turkic.1sg.0007
NorthAzerbaijani_nort2697,1sg,turkic.1sg.0007
NorthernAltai_nort2686,1sg,turkic.1sg.0007
NorthernUzbek_nort2690,1sg,turkic.1sg.0007
Sakha_yaku1245,1sg,turkic.1sg.0007
Salar_sala1264,1sg,turkic.1sg.0007
Shor_shor1247,1sg,turkic.1sg.0007
SouthernUzbek_sout2699,1sg,turkic.1sg.0007
TaigaSayanTurkic_kara1462,1sg,turkic.1sg.0007
Tatar_tata1255,1sg,turkic.1sg.0007
Tatar_tata1255,1sg,turkic.1sg.0007
Tatar_tata1255,1sg,turkic.1sg.0007
TurkicKhalaj_turk1303,1sg,turkic.1sg.0007
Turkish_nucl1301,1sg,turkic.1sg.0007
Turkmen_turk1304,1sg,?
Tuvinian_tuvi1240,1sg,turkic.1sg.0007
Uighur_uigh1240,1sg,?
WestYugur_west2402,1sg,turkic.1sg.0007
AinuChina_ainu1251,2sg,turkic.2sg.0010
Bashkir_bash1264,2sg,turkic.2sg.0010
Chuvash_chuv1255,2sg,turkic.2sg.0011
CrimeanTatar_crim1257,2sg,turkic.2sg.0010
Dolgan_dolg1241,2sg,turkic.2sg.0010
Kara-Kalpak_kara1467,2sg,turkic.2sg.0010
Karachay-Balkar_kara1465,2sg,turkic.2sg.0010
Karaim_kara1464,2sg,turkic.2sg.0010
Kazakh_kaza1248,2sg,turkic.2sg.0010
KhorasanTurkic_khor1269,2sg,turkic.2sg.0010
KhorasanTurkic_khor1269,2sg,turkic.2sg.0010
KhorasanTurkic_khor1269,2sg,turkic.2sg.0010
KhorasanTurkic_khor1269,2sg,turkic.2sg.0010
KhorasanTurkic_khor1269,2sg,turkic.2sg.0010
KhorasanTurkic_khor1269,2sg,turkic.2sg.0010
KhorasanTurkic_khor1269,2sg,turkic.2sg.0010
KhorasanTurkic_khor1269,2sg,turkic.2sg.0010
KhorasanTurkic_khor1269,2sg,turkic.2sg.0010
KhorasanTurkic_khor1269,2sg,turkic.2sg.0010
KhorasanTurkic_khor1269,2sg,turkic.2sg.0010
KhorasanTurkic_khor1269,2sg,turkic.2sg.0010
KhorasanTurkic_khor1269,2sg,turkic.2sg.0010
KhorasanTurkic_khor1269,2sg,turkic.2sg.0010
KhorasanTurkic_khor1269,2sg,turkic.2sg.0010
KhorasanTurkic_khor1269,2sg,turkic.2sg.0010
KhorasanTurkic_khor1269,2sg,turkic.2sg.0010
KhorasanTurkic_khor1269,2sg,turkic.2sg.0010
KhorasanTurkic_khor1269,2sg,turkic.2sg.0010
KhorasanTurkic_khor1269,2sg,turkic.2sg.0010
KhorasanTurkic_khor1269,2sg,turkic.2sg.0010
KhorasanTurkic_khor1269,2sg,turkic.2sg.0013
KhorasanTurkic_khor1269,2sg,turkic.2sg.0013
KhorasanTurkic_khor1269,2sg,turkic.2sg.0013
KhorasanTurkic_khor1269,2sg,turkic.2sg.0013
Kirghiz_kirg1245,2sg,turkic.2sg.0010
Kumyk_kumy1244,2sg,turkic.2sg.0012
Nogai_noga1249,2sg,turkic.2sg.0010
NorthAzerbaijani_nort2697,2sg,turkic.2sg.0010
NorthAzerbaijani_nort2697,2sg,turkic.2sg.0010
NorthAzerbaijani_nort2697,2sg,turkic.2sg.0010
NorthernAltai_nort2686,2sg,turkic.2sg.0010
NorthernUzbek_nort2690,2sg,turkic.2sg.0010
Sakha_yaku1245,2sg,turkic.2sg.0010
Salar_sala1264,2sg,turkic.2sg.0010
Shor_shor1247,2sg,turkic.2sg.0010
SouthernUzbek_sout2699,2sg,turkic.2sg.0010
TaigaSayanTurkic_kara1462,2sg,turkic.2sg.0010
Tatar_tata1255,2sg,turkic.2sg.0010
Tatar_tata1255,2sg,turkic.2sg.0010
Tatar_tata1255,2sg,turkic.2sg.0010
TurkicKhalaj_turk1303,2sg,?
Turkish_nucl1301,2sg,turkic.2sg.0010
Turkish_nucl1301,2sg,turkic.2sg.0012
Turkmen_turk1304,2sg,?
Tuvinian_tuvi1240,2sg,turkic.2sg.0010
Uighur_uigh1240,2sg,turkic.2sg.0010
WestYugur_west2402,2sg,turkic.2sg.0010
AinuChina_ainu1251,blood,turkic.blood.0015
Bashkir_bash1264,blood,turkic.blood.0014
Chuvash_chuv1255,blood,turkic.blood.0014
CrimeanTatar_crim1257,blood,turkic.blood.0014
Dolgan_dolg1241,blood,turkic.blood.0014
Kara-Kalpak_kara1467,blood,turkic.blood.0014
Karachay-Balkar_kara1465,blood,turkic.blood.0014
Karaim_kara1464,blood,turkic.blood.0014
Kazakh_kaza1248,blood,turkic.blood.0014
KhorasanTurkic_khor1269,blood,turkic.blood.0014
KhorasanTurkic_khor1269,blood,turkic.blood.0014
KhorasanTurkic_khor1269,blood,turkic.blood.0014
KhorasanTurkic_khor1269,blood,turkic.blood.0014
KhorasanTurkic_khor1269,blood,turkic.blood.0014
KhorasanTurkic_khor1269,blood,turkic.blood.0014
KhorasanTurkic_khor1269,blood,turkic.blood.0014
KhorasanTurkic_khor1269,blood,turkic.blood.0014
KhorasanTurkic_khor1269,blood,turkic.blood.0014
KhorasanTurkic_khor1269,blood,turkic.blood.0014
KhorasanTurkic_khor1269,blood,turkic.blood.0014
KhorasanTurkic_khor1269,blood,turkic.blood.0014
KhorasanTurkic_khor1269,blood,turkic.blood.0014
KhorasanTurkic_khor1269,blood,turkic.blood.0014
KhorasanTurkic_khor1269,blood,turkic.blood.0014
KhorasanTurkic_khor1269,blood,turkic.blood.0014
KhorasanTurkic_khor1269,blood,turkic.blood.0014
KhorasanTurkic_khor1269,blood,turkic.blood.0014
KhorasanTurkic_khor1269,blood,turkic.blood.0014
KhorasanTurkic_khor1269,blood,turkic.blood.0014
KhorasanTurkic_khor1269,blood,turkic.blood.0014
KhorasanTurkic_khor1269,blood,turkic.blood.0014
KhorasanTurkic_khor1269,blood,turkic.blood.0014
KhorasanTurkic_khor1269,blood,turkic.blood.0014
Kirghiz_kirg1245,blood,turkic.blood.0014
Kumyk_kumy1244,blood,turkic.blood.0014
Nogai_noga1249,blood,turkic.blood.0014
NorthAzerbaijani_nort2697,blood,turkic.blood.0014
NorthAzerbaijani_nort2697,blood,turkic.blood.0014
NorthAzerbaijani_nort2697,blood,turkic.blood.0014
NorthernAltai_nort2686,blood,turkic.blood.0014
NorthernAltai_nort2686,blood,turkic.blood.0016
NorthernUzbek_nort2690,blood,turkic.blood.0014
Sakha_yaku1245,blood,turkic.blood.0014
Salar_sala1264,blood,turkic.blood.0014
Shor_shor1247,blood,turkic.blood.0014
SouthernUzbek_sout2699,blood,turkic.blood.0014
TaigaSayanTurkic_kara1462,blood,turkic.blood.0014
Tatar_tata1255,blood,turkic.blood.0014
Tatar_tata1255,blood,turkic.blood.0014
Tatar_tata1255,blood,turkic.blood.0014
TurkicKhalaj_turk1303,blood,turkic.blood.0014
Turkish_nucl1301,blood,turkic.blood.0014
Turkmen_turk1304,blood,turkic.blood.0014
Tuvinian_tuvi1240,blood,turkic.blood.0014
Uighur_uigh1240,blood,turkic.blood.0014
WestYugur_west2402,blood,turkic.blood.0014
AinuChina_ainu1251,bone,turkic.bone.0017
Bashkir_bash1264,bone,turkic.bone.0018
Chuvash_chuv1255,bone,turkic.bone.0018
CrimeanTatar_crim1257,bone,turkic.bone.0018
Dolgan_dolg1241,bone,turkic.bone.0019
Kara-Kalpak_kara1467,bone,turkic.bone.0018
Karachay-Balkar_kara1465,bone,turkic.bone.0018
Karaim_kara1464,bone,turkic.bone.0018
Kazakh_kaza1248,bone,turkic.bone.0018
KhorasanTurkic_khor1269,bone,?
Kirghiz_kirg1245,bone,turkic.bone.0018
Kumyk_kumy1244,bone,turkic.bone.0018
Nogai_noga1249,bone,turkic.bone.0018
Nogai_noga1249,bone,turkic.bone.0018
NorthAzerbaijani_nort2697,bone,turkic.bone.0018
NorthAzerbaijani_nort2697,bone,turkic.bone.0018
NorthAzerbaijani_nort2697,bone,turkic.bone.0018
NorthernAltai_nort2686,bone,turkic.bone.0018
NorthernUzbek_nort2690,bone,turkic.bone.0018
Sakha_yaku1245,bone,turkic.bone.0019
Sakha_yaku1245,bone,turkic.bone.0019
Salar_sala1264,bone,turkic.bone.0018
Shor_shor1247,bone,turkic.bone.0018
SouthernUzbek_sout2699,bone,?
TaigaSayanTurkic_kara1462,bone,turkic.bone.0018
Tatar_tata1255,bone,turkic.bone.0018
Tatar_tata1255,bone,turkic.bone.0018
Tatar_tata1255,bone,turkic.bone.0018
TurkicKhalaj_turk1303,bone,turkic.bone.0018
Turkish_nucl1301,bone,turkic.bone.0018
Turkish_nucl1301,bone,turkic.bone.0020
Turkmen_turk1304,bone,turkic.bone.0018
Tuvinian_tuvi1240,bone,turkic.bone.0018
Uighur_uigh1240,bone,turkic.bone.0021
WestYugur_west2402,bone,turkic.bone.0018
AinuChina_ainu1251,breast,turkic.breast.0023
Bashkir_bash1264,breast,turkic.breast.0026
Chuvash_chuv1255,breast,turkic.breast.0026
CrimeanTatar_crim1257,breast,turkic.breast.0026
Dolgan_dolg1241,breast,turkic.breast.0027
Kara-Kalpak_kara1467,breast,turkic.breast.0026
Karachay-Balkar_kara1465,breast,?
Karaim_kara1464,breast,turkic.breast.0028
Kazakh_kaza1248,breast,turkic.breast.0025
Kazakh_kaza1248,breast,turkic.breast.0026
KhorasanTurkic_khor1269,breast,turkic.breast.0022
KhorasanTurkic_khor1269,breast,turkic.breast.0022
KhorasanTurkic_khor1269,breast,turkic.breast.0022
KhorasanTurkic_khor1269,breast,turkic.breast.0022
KhorasanTurkic_khor1269,breast,turkic.breast.0022
KhorasanTurkic_khor1269,breast,turkic.breast.0022
KhorasanTurkic_khor1269,breast,turkic.breast.0022
KhorasanTurkic_khor1269,breast,turkic.breast.0022
KhorasanTurkic_khor1269,breast,turkic.breast.0022
KhorasanTurkic_khor1269,breast,turkic.breast.0022
KhorasanTurkic_khor1269,breast,turkic.breast.0022
KhorasanTurkic_khor1269,breast,turkic.breast.0022
KhorasanTurkic_khor1269,breast,turkic.breast.0022
KhorasanTurkic_khor1269,breast,turkic.breast.0022
KhorasanTurkic_khor1269,breast,turkic.breast.0024
KhorasanTurkic_khor1269,breast,turkic.breast.0024
KhorasanTurkic_khor1269,breast,turkic.breast.0024
KhorasanTurkic_khor1269,breast,turkic.breast.0024
KhorasanTurkic_khor1269,breast,turkic.breast.0024
KhorasanTurkic_khor1269,breast,turkic.breast.0024
KhorasanTurkic_khor1269,breast,turkic.breast.0024
KhorasanTurkic_khor1269,breast,turkic.breast.0024
Kirghiz_kirg1245,breast,turkic.breast.0026
Kumyk_kumy1244,breast,turkic.breast.0022
Kumyk_kumy1244,breast,turkic.breast.0026
Nogai_noga1249,breast,turkic.breast.0022
Nogai_noga1249,breast,turkic.breast.0026
NorthAzerbaijani_nort2697,breast,turkic.breast.0024
NorthAzerbaijani_nort2697,breast,turkic.breast.0024
NorthAzerbaijani_nort2697,breast,turkic.breast.0025
NorthAzerbaijani_nort2697,breast,turkic.breast.0031
NorthernAltai_nort2686,breast,turkic.breast.0025
NorthernAltai_nort2686,breast,turkic.breast.0028
NorthernUzbek_nort2690,breast,turkic.breast.0026
NorthernUzbek_nort2690,breast,turkic.breast.0028
Sakha_yaku1245,breast,turkic.breast.0027
Salar_sala1264,breast,turkic.breast.0022
Shor_shor1247,breast,turkic.breast.0025
SouthernUzbek_sout2699,breast,turkic.breast.0028
TaigaSayanTurkic_kara1462,breast,turkic.breast.0025
Tatar_tata1255,breast,turkic.breast.0025
Tatar_tata1255,breast,turkic.breast.0026
Tatar_tata1255,breast,turkic.breast.0026
TurkicKhalaj_turk1303,breast,turkic.breast.0024
Turkish_nucl1301,breast,turkic.breast.0024
Turkish_nucl1301,breast,turkic.breast.0028
Turkmen_turk1304,breast,turkic.breast.0022
Turkmen_turk1304,breast,turkic.breast.0026
Tuvinian_tuvi1240,breast,turkic.breast.0025
Uighur_uigh1240,breast,turkic.breast.0028
WestYugur_west2402,breast,turkic.breast.0030
AinuChina_ainu1251,come,turkic.come.0033
Bashkir_bash1264,come,turkic.come.0032
Chuvash_chuv1255,come,turkic.come.0032
CrimeanTatar_crim1257,come,turkic.come.0032
Dolgan_dolg1241,come,turkic.come.0032
Kara-Kalpak_kara1467,come,turkic.come.0032
Karachay-Balkar_kara1465,come,turkic.come.0032
Karaim_kara1464,come,?
Kazakh_kaza1248,come,turkic.come.0032
KhorasanTurkic_khor1269,come,turkic.come.0032
KhorasanTurkic_khor1269,come,turkic.come.0032
KhorasanTurkic_khor1269,come,turkic.come.0032
KhorasanTurkic_khor1269,come,turkic.come.0032
KhorasanTurkic_khor1269,come,turkic.come.0032
KhorasanTurkic_khor1269,come,turkic.come.0032
KhorasanTurkic_khor1269,come,turkic.come.0032
KhorasanTurkic_khor1269,come,turkic.come.0032
KhorasanTurkic_khor1269,come,turkic.come.0032
KhorasanTurkic_khor1269,come,turkic.come.0032
KhorasanTurkic_khor1269,come,turkic.come.0032
KhorasanTurkic_khor1269,come,turkic.come.0032
KhorasanTurkic_khor1269,come,turkic.come.0032
KhorasanTurkic_khor1269,come,turkic.come.0032
KhorasanTurkic_khor1269,come,turkic.come.0032
KhorasanTurkic_khor1269,come,turkic.come.0032
KhorasanTurkic_khor1269,come,turkic.come.0032
KhorasanTurkic_khor1269,come,turkic.come.0032
KhorasanTurkic_khor1269,come,turkic.come.0032
KhorasanTurkic_khor1269,come,turkic.come.0032
KhorasanTurkic_khor1269,come,turkic.come.0032
KhorasanTurkic_khor1269,come,turkic.come.0032
KhorasanTurkic_khor1269,come,turkic.come.0032
Kirghiz_kirg1245,come,turkic.come.0032
Kumyk_kumy1244,come,turkic.come.0032
Nogai_noga1249,come,turkic.come.0032
NorthAzerbaijani_nort2697,come,turkic.come.0032
NorthAzerbaijani_nort2697,come,turkic.come.0032
NorthAzerbaijani_nort2697,come,turkic.come.0032
NorthernAltai_nort2686,come,turkic.come.0032
NorthernUzbek_nort2690,come,turkic.come.0032
Sakha_yaku1245,come,turkic.come.0032
Salar_sala1264,come,turkic.come.0032
Shor_shor1247,come,turkic.come.0034
SouthernUzbek_sout2699,come,turkic.come.0032
TaigaSayanTurkic_kara1462,come,turkic.come.0032
Tatar_tata1255,come,turkic.come.0032
Tatar_tata1255,come,turkic.come.0032
Tatar_tata1255,come,turkic.come.0032
TurkicKhalaj_turk1303,come,turkic.come.0032
Turkish_nucl1301,come,turkic.come.0032
Turkmen_turk1304,come,turkic.come.0032
Tuvinian_tuvi1240,come,turkic.come.0032
Uighur_uigh1240,come,turkic.come.0032
Uighur_uigh1240,come,turkic.come.0035
WestYugur_west2402,come,turkic.come.0032
AinuChina_ainu1251,die,turkic.die.0037
Bashkir_bash1264,die,turkic.die.0036
Chuvash_chuv1255,die,turkic.die.0036
CrimeanTatar_crim1257,die,turkic.die.0036
Dolgan_dolg1241,die,turkic.die.0036
Kara-Kalpak_kara1467,die,turkic.die.0036
Karachay-Balkar_kara1465,die,turkic.die.0036
Karaim_kara1464,die,turkic.die.0036
Kazakh_kaza1248,die,turkic.die.0036
KhorasanTurkic_khor1269,die,turkic.die.0036
KhorasanTurkic_khor1269,die,turkic.die.0036
KhorasanTurkic_khor1269,die,turkic.die.0036
KhorasanTurkic_khor1269,die,turkic.die.0036
KhorasanTurkic_khor1269,die,turkic.die.0036
KhorasanTurkic_khor1269,die,turkic.die.0036
KhorasanTurkic_khor1269,die,turkic.die.0036
KhorasanTurkic_khor1269,die,turkic.die.0036
KhorasanTurkic_khor1269,die,turkic.die.0036
KhorasanTurkic_khor1269,die,turkic.die.0036
KhorasanTurkic_khor1269,die,turkic.die.0036
KhorasanTurkic_khor1269,die,turkic.die.0036
KhorasanTurkic_khor1269,die,turkic.die.0036
KhorasanTurkic_khor1269,die,turkic.die.0036
KhorasanTurkic_khor1269,die,turkic.die.0036
KhorasanTurkic_khor1269,die,turkic.die.0036
KhorasanTurkic_khor1269,die,turkic.die.0036
KhorasanTurkic_khor1269,die,turkic.die.0036
KhorasanTurkic_khor1269,die,turkic.die.0036
KhorasanTurkic_khor1269,die,turkic.die.0036
KhorasanTurkic_khor1269,die,turkic.die.0036
Kirghiz_kirg1245,die,turkic.die.0036
Kumyk_kumy1244,die,turkic.die.0036
Nogai_noga1249,die,turkic.die.0036
NorthAzerbaijani_nort2697,die,turkic.die.0036
NorthAzerbaijani_nort2697,die,turkic.die.0036
NorthAzerbaijani_nort2697,die,turkic.die.0038
NorthAzerbaijani_nort2697,die,turkic.die.0042
NorthernAltai_nort2686,die,turkic.die.0036
NorthernUzbek_nort2690,die,turkic.die.0036
Sakha_yaku1245,die,turkic.die.0036
Salar_sala1264,die,turkic.die.0036
Shor_shor1247,die,turkic.die.0039
SouthernUzbek_sout2699,die,turkic.die.0036
TaigaSayanTurkic_kara1462,die,turkic.die.0036
Tatar_tata1255,die,turkic.die.0036
Tatar_tata1255,die,turkic.die.0036
Tatar_tata1255,die,turkic.die.0036
Tatar_tata1255,die,turkic.die.0043
Tatar_tata1255,die,turkic.die.0046
TurkicKhalaj_turk1303,die,turkic.die.0036
TurkicKhalaj_turk1303,die,turkic.die.0036
Turkish_nucl1301,die,turkic.die.0040
Turkish_nucl1301,die,turkic.die.0044
Turkmen_turk1304,die,turkic.die.0038
Turkmen_turk1304,die,turkic.die.0044
Tuvinian_tuvi1240,die,turkic.die.0036
Uighur_uigh1240,die,turkic.die.0041
WestYugur_west2402,die,turkic.die.0036
WestYugur_west2402,die,turkic.die.0045
AinuChina_ainu1251,dog,turkic.dog.0048
Bashkir_bash1264,dog,turkic.dog.0047
Chuvash_chuv1255,dog,turkic.dog.0049
CrimeanTatar_crim1257,dog,turkic.dog.0047
Dolgan_dolg1241,dog,turkic.dog.0047
Kara-Kalpak_kara1467,dog,turkic.dog.0047
Karachay-Balkar_kara1465,dog,turkic.dog.0047
Karaim_kara1464,dog,turkic.dog.0047
Kazakh_kaza1248,dog,turkic.dog.0047
KhorasanTurkic_khor1269,dog,turkic.dog.0047
KhorasanTurkic_khor1269,dog,turkic.dog.0047
KhorasanTurkic_khor1269,dog,turkic.dog.0047
KhorasanTurkic_khor1269,dog,turkic.dog.0047
KhorasanTurkic_khor1269,dog,turkic.dog.0047
KhorasanTurkic_khor1269,dog,turkic.dog.0047
KhorasanTurkic_khor1269,dog,turkic.dog.0047
KhorasanTurkic_khor1269,dog,turkic.dog.0047
KhorasanTurkic_khor1269,dog,turkic.dog.0047
KhorasanTurkic_khor1269,dog,turkic.dog.0047
KhorasanTurkic_khor1269,dog,turkic.dog.0047
KhorasanTurkic_khor1269,dog,turkic.dog.0047
KhorasanTurkic_khor1269,dog,turkic.dog.0047
KhorasanTurkic_khor1269,dog,turkic.dog.0047
KhorasanTurkic_khor1269,dog,turkic.dog.0047
KhorasanTurkic_khor1269,dog,turkic.dog.0047
KhorasanTurkic_khor1269,dog,turkic.dog.0047
KhorasanTurkic_khor1269,dog,turkic.dog.0047
KhorasanTurkic_khor1269,dog,turkic.dog.0047
KhorasanTurkic_khor1269,dog,turkic.dog.0047
KhorasanTurkic_khor1269,dog,turkic.dog.0050
Kirghiz_kirg1245,dog,turkic.dog.0047
Kumyk_kumy1244,dog,turkic.dog.0047
Nogai_noga1249,dog,turkic.dog.0047
NorthAzerbaijani_nort2697,dog,turkic.dog.0047
NorthAzerbaijani_nort2697,dog,turkic.dog.0047
NorthAzerbaijani_nort2697,dog,turkic.dog.0047
NorthAzerbaijani_nort2697,dog,turkic.dog.0051
NorthAzerbaijani_nort2697,dog,turkic.dog.0051
NorthernAltai_nort2686,dog,turkic.dog.0047
NorthernAltai_nort2686,dog,turkic.dog.0047
NorthernUzbek_nort2690,dog,turkic.dog.0047
Sakha_yaku1245,dog,turkic.dog.0047
Salar_sala1264,dog,turkic.dog.0047
Shor_shor1247,dog,turkic.dog.0047
Shor_shor1247,dog,turkic.dog.0049
SouthernUzbek_sout2699,dog,turkic.dog.0047
TaigaSayanTurkic_kara1462,dog,turkic.dog.0047
Tatar_tata1255,dog,turkic.dog.0047
Tatar_tata1255,dog,turkic.dog.0047
Tatar_tata1255,dog,turkic.dog.0047
TurkicKhalaj_turk1303,dog,turkic.dog.0047
Turkish_nucl1301,dog,turkic.dog.0051
Turkish_nucl1301,dog,turkic.dog.0052
Turkmen_turk1304,dog,?
Tuvinian_tuvi1240,dog,turkic.dog.0047
Uighur_uigh1240,dog,turkic.dog.0047
WestYugur_west2402,dog,turkic.dog.0047
AinuChina_ainu1251,drink,turkic.drink.0054
Bashkir_bash1264,drink,turkic.drink.0057
Chuvash_chuv1255,drink,turkic.drink.0053
CrimeanTatar_crim1257,drink,turkic.drink.0053
Dolgan_dolg1241,drink,turkic.drink.0053
Kara-Kalpak_kara1467,drink,turkic.drink.0053
Karachay-Balkar_kara1465,drink,turkic.drink.0056
Karaim_kara1464,drink,?
Kazakh_kaza1248,drink,turkic.drink.0053
KhorasanTurkic_khor1269,drink,turkic.drink.0053
KhorasanTurkic_khor1269,drink,turkic.drink.0053
KhorasanTurkic_khor1269,drink,turkic.drink.0053
KhorasanTurkic_khor1269,drink,turkic.drink.0053
KhorasanTurkic_khor1269,drink,turkic.drink.0053
KhorasanTurkic_khor1269,drink,turkic.drink.0053
KhorasanTurkic_khor1269,drink,turkic.drink.0053
KhorasanTurkic_khor1269,drink,turkic.drink.0053
KhorasanTurkic_khor1269,drink,turkic.drink.0053
KhorasanTurkic_khor1269,drink,turkic.drink.0053
KhorasanTurkic_khor1269,drink,turkic.drink.0055
KhorasanTurkic_khor1269,drink,turkic.drink.0056
KhorasanTurkic_khor1269,drink,turkic.drink.0056
KhorasanTurkic_khor1269,drink,turkic.drink.0056
KhorasanTurkic_khor1269,drink,turkic.drink.0056
KhorasanTurkic_khor1269,drink,turkic.drink.0056
KhorasanTurkic_khor1269,drink,turkic.drink.0056
KhorasanTurkic_khor1269,drink,turkic.drink.0056
KhorasanTurkic_khor1269,drink,turkic.drink.0056
KhorasanTurkic_khor1269,drink,turkic.drink.0056
KhorasanTurkic_khor1269,drink,turkic.drink.0056
KhorasanTurkic_khor1269,drink,turkic.drink.0058
KhorasanTurkic_khor1269,drink,turkic.drink.0058
Kirghiz_kirg1245,drink,turkic.drink.0055
Kumyk_kumy1244,drink,turkic.drink.0056
Nogai_noga1249,drink,turkic.drink.0053
NorthAzerbaijani_nort2697,drink,turkic.drink.0055
NorthAzerbaijani_nort2697,drink,turkic.drink.0056
NorthAzerbaijani_nort2697,drink,turkic.drink.0056
NorthernAltai_nort2686,drink,turkic.drink.0056
NorthernUzbek_nort2690,drink,turkic.drink.0056
Sakha_yaku1245,drink,turkic.drink.0053
Salar_sala1264,drink,turkic.drink.0053
Shor_shor1247,drink,turkic.drink.0057
SouthernUzbek_sout2699,drink,turkic.drink.0056
TaigaSayanTurkic_kara1462,drink,turkic.drink.0057
Tatar_tata1255,drink,turkic.drink.0055
Tatar_tata1255,drink,turkic.drink.0056
Tatar_tata1255,drink,turkic.drink.0056
TurkicKhalaj_turk1303,drink,turkic.drink.0056
Turkish_nucl1301,drink,turkic.drink.0055
Turkish_nucl1301,drink,turkic.drink.0059
Turkmen_turk1304,drink,turkic.drink.0055
Turkmen_turk1304,drink,turkic.drink.0060
Tuvinian_tuvi1240,drink,turkic.drink.0057
Uighur_uigh1240,drink,turkic.drink.0055
WestYugur_west2402,drink,turkic.drink.0053
AinuChina_ainu1251,ear,turkic.ear.0062
Bashkir_bash1264,ear,turkic.ear.0061
Chuvash_chuv1255,ear,turkic.ear.0061
CrimeanTatar_crim1257,ear,turkic.ear.0061
Dolgan_dolg1241,ear,turkic.ear.0061
Kara-Kalpak_kara1467,ear,turkic.ear.0061
Karachay-Balkar_kara1465,ear,turkic.ear.0061
Karaim_kara1464,ear,turkic.ear.0061
Kazakh_kaza1248,ear,turkic.ear.0061
KhorasanTurkic_khor1269,ear,turkic.ear.0061
KhorasanTurkic_khor1269,ear,turkic.ear.0061
KhorasanTurkic_khor1269,ear,turkic.ear.0061
KhorasanTurkic_khor1269,ear,turkic.ear.0061
KhorasanTurkic_khor1269,ear,turkic.ear.0061
KhorasanTurkic_khor1269,ear,turkic.ear.0061
KhorasanTurkic_khor1269,ear,turkic.ear.0061
KhorasanTurkic_khor1269,ear,turkic.ear.0061
KhorasanTurkic_khor1269,ear,turkic.ear.0061
KhorasanTurkic_khor1269,ear,turkic.ear.0061
KhorasanTurkic_khor1269,ear,turkic.ear.0061
KhorasanTurkic_khor1269,ear,turkic.ear.0061
KhorasanTurkic_khor1269,ear,turkic.ear.0061
KhorasanTurkic_khor1269,ear,turkic.ear.0061
KhorasanTurkic_khor1269,ear,turkic.ear.0061
KhorasanTurkic_khor1269,ear,turkic.ear.0061
KhorasanTurkic_khor1269,ear,turkic.ear.0061
KhorasanTurkic_khor1269,ear,turkic.ear.0061
KhorasanTurkic_khor1269,ear,turkic.ear.0061
KhorasanTurkic_khor1269,ear,turkic.ear.0061
KhorasanTurkic_khor1269,ear,turkic.ear.0061
KhorasanTurkic_khor1269,ear,turkic.ear.0061
Kirghiz_kirg1245,ear,turkic.ear.0061
Kumyk_kumy1244,ear,turkic.ear.0061
Nogai_noga1249,ear,turkic.ear.0061
NorthAzerbaijani_nort2697,ear,turkic.ear.0061
NorthAzerbaijani_nort2697,ear,turkic.ear.0061
NorthAzerbaijani_nort2697,ear,turkic.ear.0061
NorthernAltai_nort2686,ear,turkic.ear.0061
NorthernUzbek_nort2690,ear,turkic.ear.0061
Sakha_yaku1245,ear,turkic.ear.0061
Salar_sala1264,ear,turkic.ear.0061
Shor_shor1247,ear,turkic.ear.0061
SouthernUzbek_sout2699,ear,turkic.ear.0061
TaigaSayanTurkic_kara1462,ear,turkic.ear.0061
Tatar_tata1255,ear,turkic.ear.0061
Tatar_tata1255,ear,turkic.ear.0061
Tatar_tata1255,ear,turkic.ear.0061
TurkicKhalaj_turk1303,ear,turkic.ear.0061
Turkish_nucl1301,ear,turkic.ear.0061
Turkish_nucl1301,ear,turkic.ear.0063
Turkmen_turk1304,ear,turkic.ear.0061
Tuvinian_tuvi1240,ear,turkic.ear.0061
Uighur_uigh1240,ear,turkic.ear.0061
WestYugur_west2402,ear,turkic.ear.0061
AinuChina_ainu1251,eye,turkic.eye.0064
Bashkir_bash1264,eye,turkic.eye.0064
Chuvash_chuv1255,eye,turkic.eye.0064
CrimeanTatar_crim1257,eye,turkic.eye.0064
CrimeanTatar_crim1257,eye,turkic.eye.0064
Dolgan_dolg1241,eye,turkic.eye.0065
Kara-Kalpak_kara1467,eye,turkic.eye.0064
Karachay-Balkar_kara1465,eye,turkic.eye.0064
Karaim_kara1464,eye,turkic.eye.0064
Kazakh_kaza1248,eye,turkic.eye.0064
KhorasanTurkic_khor1269,eye,turkic.eye.0064
KhorasanTurkic_khor1269,eye,turkic.eye.0064
KhorasanTurkic_khor1269,eye,turkic.eye.0064
KhorasanTurkic_khor1269,eye,turkic.eye.0064
KhorasanTurkic_khor1269,eye,turkic.eye.0064
KhorasanTurkic_khor1269,eye,turkic.eye.0064
KhorasanTurkic_khor1269,eye,turkic.eye.0064
KhorasanTurkic_khor1269,eye,turkic.eye.0064
KhorasanTurkic_khor1269,eye,turkic.eye.0064
KhorasanTurkic_khor1269,eye,turkic.eye.0064
KhorasanTurkic_khor1269,eye,turkic.eye.0064
KhorasanTurkic_khor1269,eye,turkic.eye.0064
KhorasanTurkic_khor1269,eye,turkic.eye.0064
KhorasanTurkic_khor1269,eye,turkic.eye.0064
KhorasanTurkic_khor1269,eye,turkic.eye.0064
KhorasanTurkic_khor1269,eye,turkic.eye.0064
KhorasanTurkic_khor1269,eye,turkic.eye.0064
KhorasanTurkic_khor1269,eye,turkic.eye.0064
KhorasanTurkic_khor1269,eye,turkic.eye.0064
KhorasanTurkic_khor1269,eye,turkic.eye.0064
KhorasanTurkic_khor1269,eye,turkic.eye.0064
KhorasanTurkic_khor1269,eye,turkic.eye.0064
Kirghiz_kirg1245,eye,turkic.eye.0064
Kumyk_kumy1244,eye,turkic.eye.0064
Nogai_noga1249,eye,turkic.eye.0064
NorthAzerbaijani_nort2697,eye,turkic.eye.0064
NorthAzerbaijani_nort2697,eye,turkic.eye.0064
NorthAzerbaijani_nort2697,eye,turkic.eye.0064
NorthernAltai_nort2686,eye,turkic.eye.0064
NorthernUzbek_nort2690,eye,turkic.eye.0064
Sakha_yaku1245,eye,turkic.eye.0065
Salar_sala1264,eye,turkic.eye.0064
Shor_shor1247,eye,turkic.eye.0065
SouthernUzbek_sout2699,eye,turkic.eye.0064
TaigaSayanTurkic_kara1462,eye,turkic.eye.0065
Tatar_tata1255,eye,turkic.eye.0064
Tatar_tata1255,eye,turkic.eye.0064
Tatar_tata1255,eye,turkic.eye.0064
TurkicKhalaj_turk1303,eye,turkic.eye.0064
Turkish_nucl1301,eye,turkic.eye.0066
Turkish_nucl1301,eye,turkic.eye.0066
Turkmen_turk1304,eye,turkic.eye.0064
Turkmen_turk1304,eye,turkic.eye.0065
Tuvinian_tuvi1240,eye,turkic.eye.0065
Uighur_uigh1240,eye,turkic.eye.0064
WestYugur_west2402,eye,turkic.eye.0064
AinuChina_ainu1251,fire,turkic.fire.0068
Bashkir_bash1264,fire,turkic.fire.0067
Chuvash_chuv1255,fire,turkic.fire.0067
Chuvash_chuv1255,fire,turkic.fire.0071
CrimeanTatar_crim1257,fire,turkic.fire.0067
Dolgan_dolg1241,fire,turkic.fire.0067
Kara-Kalpak_kara1467,fire,turkic.fire.0067
Karachay-Balkar_kara1465,fire,turkic.fire.0067
Karaim_kara1464,fire,turkic.fire.0067
Kazakh_kaza1248,fire,turkic.fire.0067
KhorasanTurkic_khor1269,fire,turkic.fire.0067
KhorasanTurkic_khor1269,fire,turkic.fire.0067
KhorasanTurkic_khor1269,fire,turkic.fire.0067
KhorasanTurkic_khor1269,fire,turkic.fire.0067
KhorasanTurkic_khor1269,fire,turkic.fire.0067
KhorasanTurkic_khor1269,fire,turkic.fire.0067
KhorasanTurkic_khor1269,fire,turkic.fire.0067
KhorasanTurkic_khor1269,fire,turkic.fire.0067
KhorasanTurkic_khor1269,fire,turkic.fire.0067
KhorasanTurkic_khor1269,fire,turkic.fire.0067
KhorasanTurkic_khor1269,fire,turkic.fire.0067
KhorasanTurkic_khor1269,fire,turkic.fire.0067
KhorasanTurkic_khor1269,fire,turkic.fire.0067
KhorasanTurkic_khor1269,fire,turkic.fire.0067
KhorasanTurkic_khor1269,fire,turkic.fire.0067
KhorasanTurkic_khor1269,fire,turkic.fire.0067
KhorasanTurkic_khor1269,fire,turkic.fire.0067
KhorasanTurkic_khor1269,fire,turkic.fire.0067
KhorasanTurkic_khor1269,fire,turkic.fire.0067
KhorasanTurkic_khor1269,fire,turkic.fire.0067
KhorasanTurkic_khor1269,fire,turkic.fire.0067
KhorasanTurkic_khor1269,fire,turkic.fire.0068
KhorasanTurkic_khor1269,fire,turkic.fire.0070
Kirghiz_kirg1245,fire,turkic.fire.0067
Kumyk_kumy1244,fire,turkic.fire.0067
Nogai_noga1249,fire,turkic.fire.0067
NorthAzerbaijani_nort2697,fire,turkic.fire.0067
NorthAzerbaijani_nort2697,fire,turkic.fire.0067
NorthAzerbaijani_nort2697,fire,turkic.fire.0067
NorthernAltai_nort2686,fire,turkic.fire.0067
NorthernUzbek_nort2690,fire,turkic.fire.0067
NorthernUzbek_nort2690,fire,turkic.fire.0068
Sakha_yaku1245,fire,turkic.fire.0067
Salar_sala1264,fire,turkic.fire.0067
Shor_shor1247,fire,turkic.fire.0067
SouthernUzbek_sout2699,fire,?
TaigaSayanTurkic_kara1462,fire,turkic.fire.0067
Tatar_tata1255,fire,turkic.fire.0067
Tatar_tata1255,fire,turkic.fire.0067
Tatar_tata1255,fire,turkic.fire.0069
TurkicKhalaj_turk1303,fire,turkic.fire.0067
Turkish_nucl1301,fire,turkic.fire.0068
Turkish_nucl1301,fire,turkic.fire.0072
Turkmen_turk1304,fire,turkic.fire.0067
Turkmen_turk1304,fire,turkic.fire.0073
Tuvinian_tuvi1240,fire,turkic.fire.0067
Uighur_uigh1240,fire,turkic.fire.0067
WestYugur_west2402,fire,turkic.fire.0067
AinuChina_ainu1251,fish,turkic.fish.0074
Bashkir_bash1264,fish,turkic.fish.0075
Chuvash_chuv1255,fish,turkic.fish.0075
CrimeanTatar_crim1257,fish,?
Dolgan_dolg1241,fish,turkic.fish.0075
Kara-Kalpak_kara1467,fish,turkic.fish.0075
Karachay-Balkar_kara1465,fish,turkic.fish.0076
Karaim_kara1464,fish,turkic.fish.0075
Kazakh_kaza1248,fish,turkic.fish.0075
KhorasanTurkic_khor1269,fish,?
Kirghiz_kirg1245,fish,turkic.fish.0075
Kumyk_kumy1244,fish,turkic.fish.0075
Kumyk_kumy1244,fish,turkic.fish.0076
Nogai_noga1249,fish,turkic.fish.0075
Nogai_noga1249,fish,turkic.fish.0076
NorthAzerbaijani_nort2697,fish,turkic.fish.0075
NorthAzerbaijani_nort2697,fish,turkic.fish.0075
NorthAzerbaijani_nort2697,fish,turkic.fish.0075
NorthernAltai_nort2686,fish,turkic.fish.0075
NorthernUzbek_nort2690,fish,turkic.fish.0075
Sakha_yaku1245,fish,turkic.fish.0075
Salar_sala1264,fish,turkic.fish.0075
Shor_shor1247,fish,turkic.fish.0075
SouthernUzbek_sout2699,fish,?
TaigaSayanTurkic_kara1462,fish,turkic.fish.0075
Tatar_tata1255,fish,turkic.fish.0075
Tatar_tata1255,fish,turkic.fish.0075
Tatar_tata1255,fish,turkic.fish.0075
TurkicKhalaj_turk1303,fish,?
Turkish_nucl1301,fish,turkic.fish.0075
Turkmen_turk1304,fish,turkic.fish.0075
Tuvinian_tuvi1240,fish,turkic.fish.0075
Uighur_uigh1240,fish,turkic.fish.0075
WestYugur_west2402,fish,turkic.fish.0077
AinuChina_ainu1251,full,turkic.full.0079
Bashkir_bash1264,full,turkic.full.0078
Chuvash_chuv1255,full,turkic.full.0078
CrimeanTatar_crim1257,full,turkic.full.0078
Dolgan_dolg1241,full,turkic.full.0078
Kara-Kalpak_kara1467,full,turkic.full.0078
Karachay-Balkar_kara1465,full,turkic.full.0078
Karaim_kara1464,full,turkic.full.0078
Kazakh_kaza1248,full,turkic.full.0078
KhorasanTurkic_khor1269,full,turkic.full.0078
KhorasanTurkic_khor1269,full,turkic.full.0078
KhorasanTurkic_khor1269,full,turkic.full.0078
KhorasanTurkic_khor1269,full,turkic.full.0078
KhorasanTurkic_khor1269,full,turkic.full.0078
KhorasanTurkic_khor1269,full,turkic.full.0078
KhorasanTurkic_khor1269,full,turkic.full.0078
KhorasanTurkic_khor1269,full,turkic.full.0078
KhorasanTurkic_khor1269,full,turkic.full.0078
KhorasanTurkic_khor1269,full,turkic.full.0078
KhorasanTurkic_khor1269,full,turkic.full.0078
KhorasanTurkic_khor1269,full,turkic.full.0078
KhorasanTurkic_khor1269,full,turkic.full.0078
KhorasanTurkic_khor1269,full,turkic.full.0078
KhorasanTurkic_khor1269,full,turkic.full.0078
KhorasanTurkic_khor1269,full,turkic.full.0078
KhorasanTurkic_khor1269,full,turkic.full.0078
KhorasanTurkic_khor1269,full,turkic.full.0078
KhorasanTurkic_khor1269,full,turkic.full.0078
KhorasanTurkic_khor1269,full,turkic.full.0078
KhorasanTurkic_khor1269,full,turkic.full.0078
KhorasanTurkic_khor1269,full,turkic.full.0078
KhorasanTurkic_khor1269,full,turkic.full.0078
KhorasanTurkic_khor1269,full,turkic.full.0078
KhorasanTurkic_khor1269,full,turkic.full.0080
KhorasanTurkic_khor1269,full,turkic.full.0082
Kirghiz_kirg1245,full,turkic.full.0078
Kumyk_kumy1244,full,turkic.full.0078
Nogai_noga1249,full,turkic.full.0078
NorthAzerbaijani_nort2697,full,turkic.full.0078
NorthAzerbaijani_nort2697,full,turkic.full.0078
NorthAzerbaijani_nort2697,full,turkic.full.0078
NorthernAltai_nort2686,full,turkic.full.0078
NorthernUzbek_nort2690,full,turkic.full.0078
NorthernUzbek_nort2690,full,turkic.full.0080
Sakha_yaku1245,full,turkic.full.0078
Salar_sala1264,full,turkic.full.0078
Shor_shor1247,full,turkic.full.0078
SouthernUzbek_sout2699,full,?
TaigaSayanTurkic_kara1462,full,turkic.full.0078
Tatar_tata1255,full,turkic.full.0078
Tatar_tata1255,full,turkic.full.0078
Tatar_tata1255,full,turkic.full.0078
TurkicKhalaj_turk1303,full,turkic.full.0078
Turkish_nucl1301,full,turkic.full.0078
Turkish_nucl1301,full,turkic.full.0083
Turkmen_turk1304,full,turkic.full.0078
Turkmen_turk1304,full,turkic.full.0080
Tuvinian_tuvi1240,full,turkic.full.0078
Uighur_uigh1240,full,turkic.full.0078
WestYugur_west2402,full,turkic.full.0078
AinuChina_ainu1251,hand,turkic.hand.0085
Bashkir_bash1264,hand,turkic.hand.0084
Chuvash_chuv1255,hand,turkic.hand.0086
CrimeanTatar_crim1257,hand,turkic.hand.0084
Dolgan_dolg1241,hand,turkic.hand.0084
Kara-Kalpak_kara1467,hand,turkic.hand.0084
Karachay-Balkar_kara1465,hand,turkic.hand.0084
Karaim_kara1464,hand,turkic.hand.0084
Kazakh_kaza1248,hand,turkic.hand.0084
KhorasanTurkic_khor1269,hand,turkic.hand.0084
KhorasanTurkic_khor1269,hand,turkic.hand.0084
KhorasanTurkic_khor1269,hand,turkic.hand.0084
KhorasanTurkic_khor1269,hand,turkic.hand.0084
KhorasanTurkic_khor1269,hand,turkic.hand.0084
KhorasanTurkic_khor1269,hand,turkic.hand.0084
KhorasanTurkic_khor1269,hand,turkic.hand.0084
KhorasanTurkic_khor1269,hand,turkic.hand.0084
KhorasanTurkic_khor1269,hand,turkic.hand.0084
KhorasanTurkic_khor1269,hand,turkic.hand.0084
KhorasanTurkic_khor1269,hand,turkic.hand.0084
KhorasanTurkic_khor1269,hand,turkic.hand.0084
KhorasanTurkic_khor1269,hand,turkic.hand.0084
KhorasanTurkic_khor1269,hand,turkic.hand.0084
KhorasanTurkic_khor1269,hand,turkic.hand.0084
KhorasanTurkic_khor1269,hand,turkic.hand.0084
KhorasanTurkic_khor1269,hand,turkic.hand.0084
KhorasanTurkic_khor1269,hand,turkic.hand.0084
KhorasanTurkic_khor1269,hand,turkic.hand.0084
KhorasanTurkic_khor1269,hand,turkic.hand.0084
KhorasanTurkic_khor1269,hand,turkic.hand.0084
KhorasanTurkic_khor1269,hand,turkic.hand.0084
KhorasanTurkic_khor1269,hand,turkic.hand.0084
Kirghiz_kirg1245,hand,turkic.hand.0084
Kumyk_kumy1244,hand,turkic.hand.0084
Nogai_noga1249,hand,turkic.hand.0084
Nogai_noga1249,hand,turkic.hand.0085
NorthAzerbaijani_nort2697,hand,turkic.hand.0084
NorthAzerbaijani_nort2697,hand,turkic.hand.0084
NorthAzerbaijani_nort2697,hand,turkic.hand.0087
NorthernAltai_nort2686,hand,turkic.hand.0084
NorthernUzbek_nort2690,hand,turkic.hand.0084
Sakha_yaku1245,hand,turkic.hand.0084
Salar_sala1264,hand,turkic.hand.0085
Salar_sala1264,hand,turkic.hand.0085
Shor_shor1247,hand,turkic.hand.0084
SouthernUzbek_sout2699,hand,turkic.hand.0084
TaigaSayanTurkic_kara1462,hand,turkic.hand.0084
Tatar_tata1255,hand,turkic.hand.0084
Tatar_tata1255,hand,turkic.hand.0084
Tatar_tata1255,hand,turkic.hand.0084
TurkicKhalaj_turk1303,hand,turkic.hand.0084
Turkish_nucl1301,hand,turkic.hand.0084
Turkish_nucl1301,hand,turkic.hand.0088
Turkmen_turk1304,hand,turkic.hand.0084
Turkmen_turk1304,hand,turkic.hand.0084
Tuvinian_tuvi1240,hand,turkic.hand.0084
Uighur_uigh1240,hand,turkic.hand.0084
WestYugur_west2402,hand,turkic.hand.0087
AinuChina_ainu1251,hear,turkic.hear.0089
Bashkir_bash1264,hear,turkic.hear.0089
Chuvash_chuv1255,hear,turkic.hear.0089
CrimeanTatar_crim1257,hear,turkic.hear.0089
Dolgan_dolg1241,hear,turkic.hear.0089
Kara-Kalpak_kara1467,hear,turkic.hear.0089
Karachay-Balkar_kara1465,hear,turkic.hear.0089
Karaim_kara1464,hear,?
Kazakh_kaza1248,hear,turkic.hear.0089
KhorasanTurkic_khor1269,hear,turkic.hear.0089
KhorasanTurkic_khor1269,hear,turkic.hear.0089
KhorasanTurkic_khor1269,hear,turkic.hear.0089
KhorasanTurkic_khor1269,hear,turkic.hear.0089
KhorasanTurkic_khor1269,hear,turkic.hear.0089
KhorasanTurkic_khor1269,hear,turkic.hear.0089
KhorasanTurkic_khor1269,hear,turkic.hear.0089
KhorasanTurkic_khor1269,hear,turkic.hear.0089
KhorasanTurkic_khor1269,hear,turkic.hear.0089
KhorasanTurkic_khor1269,hear,turkic.hear.0089
KhorasanTurkic_khor1269,hear,turkic.hear.0089
KhorasanTurkic_khor1269,hear,turkic.hear.0089
KhorasanTurkic_khor1269,hear,turkic.hear.0089
KhorasanTurkic_khor1269,hear,turkic.hear.0089
KhorasanTurkic_khor1269,hear,turkic.hear.0089
KhorasanTurkic_khor1269,hear,turkic.hear.0089
KhorasanTurkic_khor1269,hear,turkic.hear.0089
KhorasanTurkic_khor1269,hear,turkic.hear.0089
KhorasanTurkic_khor1269,hear,turkic.hear.0089
KhorasanTurkic_khor1269,hear,turkic.hear.0089
KhorasanTurkic_khor1269,hear,turkic.hear.0089
KhorasanTurkic_khor1269,hear,turkic.hear.0089
KhorasanTurkic_khor1269,hear,turkic.hear.0096
Kirghiz_kirg1245,hear,turkic.hear.0090
Kumyk_kumy1244,hear,turkic.hear.0089
Nogai_noga1249,hear,turkic.hear.0089
NorthAzerbaijani_nort2697,hear,turkic.hear.0089
NorthAzerbaijani_nort2697,hear,turkic.hear.0089
NorthAzerbaijani_nort2697,hear,turkic.hear.0089
NorthAzerbaijani_nort2697,hear,turkic.hear.0095
NorthernAltai_nort2686,hear,turkic.hear.0090
NorthernUzbek_nort2690,hear,turkic.hear.0089
Sakha_yaku1245,hear,turkic.hear.0089
Sakha_yaku1245,hear,turkic.hear.0091
Salar_sala1264,hear,turkic.hear.0092
Salar_sala1264,hear,turkic.hear.0092
Shor_shor1247,hear,turkic.hear.0093
SouthernUzbek_sout2699,hear,turkic.hear.0089
TaigaSayanTurkic_kara1462,hear,turkic.hear.0092
Tatar_tata1255,hear,turkic.hear.0089
Tatar_tata1255,hear,turkic.hear.0089
Tatar_tata1255,hear,turkic.hear.0089
TurkicKhalaj_turk1303,hear,turkic.hear.0089
Turkish_nucl1301,hear,turkic.hear.0089
Turkish_nucl1301,hear,turkic.hear.0097
Turkmen_turk1304,hear,?
Tuvinian_tuvi1240,hear,turkic.hear.0092
Uighur_uigh1240,hear,turkic.hear.0094
WestYugur_west2402,hear,turkic.hear.0092
AinuChina_ainu1251,horn,turkic.horn.0098
Bashkir_bash1264,horn,turkic.horn.0100
Chuvash_chuv1255,horn,turkic.horn.0101
CrimeanTatar_crim1257,horn,turkic.horn.0100
Dolgan_dolg1241,horn,turkic.horn.0100
Kara-Kalpak_kara1467,horn,turkic.horn.0100
Karachay-Balkar_kara1465,horn,?
Karaim_kara1464,horn,?
Kazakh_kaza1248,horn,turkic.horn.0100
KhorasanTurkic_khor1269,horn,?
Kirghiz_kirg1245,horn,turkic.horn.0100
Kumyk_kumy1244,horn,turkic.horn.0100
Kumyk_kumy1244,horn,turkic.horn.0100
Nogai_noga1249,horn,turkic.horn.0100
NorthAzerbaijani_nort2697,horn,turkic.horn.0099
NorthAzerbaijani_nort2697,horn,turkic.horn.0099
NorthAzerbaijani_nort2697,horn,turkic.horn.0099
NorthernAltai_nort2686,horn,turkic.horn.0100
NorthernUzbek_nort2690,horn,turkic.horn.0100
Sakha_yaku1245,horn,turkic.horn.0100
Salar_sala1264,horn,turkic.horn.0100
Salar_sala1264,horn,turkic.horn.0102
Shor_shor1247,horn,turkic.horn.0100
SouthernUzbek_sout2699,horn,?
TaigaSayanTurkic_kara1462,horn,turkic.horn.0100
Tatar_tata1255,horn,turkic.horn.0100
Tatar_tata1255,horn,turkic.horn.0100
Tatar_tata1255,horn,turkic.horn.0100
TurkicKhalaj_turk1303,horn,?
Turkish_nucl1301,horn,turkic.horn.0099
Turkish_nucl1301,horn,turkic.horn.0103
Turkmen_turk1304,horn,?
Tuvinian_tuvi1240,horn,turkic.horn.0100
Uighur_uigh1240,horn,turkic.horn.0100
WestYugur_west2402,horn,turkic.horn.0100
AinuChina_ainu1251,knee,?
Bashkir_bash1264,knee,turkic.knee.0105
Chuvash_chuv1255,knee,turkic.knee.0104
CrimeanTatar_crim1257,knee,turkic.knee.0104
Dolgan_dolg1241,knee,turkic.knee.0105
Kara-Kalpak_kara1467,knee,turkic.knee.0104
Karachay-Balkar_kara1465,knee,?
Karaim_kara1464,knee,turkic.knee.0104
Kazakh_kaza1248,knee,turkic.knee.0104
KhorasanTurkic_khor1269,knee,turkic.knee.0104
KhorasanTurkic_khor1269,knee,turkic.knee.0104
KhorasanTurkic_khor1269,knee,turkic.knee.0104
KhorasanTurkic_khor1269,knee,turkic.knee.0104
KhorasanTurkic_khor1269,knee,turkic.knee.0104
KhorasanTurkic_khor1269,knee,turkic.knee.0104
KhorasanTurkic_khor1269,knee,turkic.knee.0104
KhorasanTurkic_khor1269,knee,turkic.knee.0104
KhorasanTurkic_khor1269,knee,turkic.knee.0104
KhorasanTurkic_khor1269,knee,turkic.knee.0104
KhorasanTurkic_khor1269,knee,turkic.knee.0104
KhorasanTurkic_khor1269,knee,turkic.knee.0104
KhorasanTurkic_khor1269,knee,turkic.knee.0104
KhorasanTurkic_khor1269,knee,turkic.knee.0104
KhorasanTurkic_khor1269,knee,turkic.knee.0104
KhorasanTurkic_khor1269,knee,turkic.knee.0104
KhorasanTurkic_khor1269,knee,turkic.knee.0104
KhorasanTurkic_khor1269,knee,turkic.knee.0104
KhorasanTurkic_khor1269,knee,turkic.knee.0104
KhorasanTurkic_khor1269,knee,turkic.knee.0104
KhorasanTurkic_khor1269,knee,turkic.knee.0106
Kirghiz_kirg1245,knee,turkic.knee.0104
Kumyk_kumy1244,knee,turkic.knee.0105
Nogai_noga1249,knee,turkic.knee.0104
NorthAzerbaijani_nort2697,knee,turkic.knee.0104
NorthAzerbaijani_nort2697,knee,turkic.knee.0104
NorthAzerbaijani_nort2697,knee,turkic.knee.0104
NorthernAltai_nort2686,knee,turkic.knee.0104
NorthernUzbek_nort2690,knee,turkic.knee.0104
Sakha_yaku1245,knee,turkic.knee.0105
Sakha_yaku1245,knee,turkic.knee.0105
Salar_sala1264,knee,turkic.knee.0104
Shor_shor1247,knee,turkic.knee.0104
SouthernUzbek_sout2699,knee,turkic.knee.0104
TaigaSayanTurkic_kara1462,knee,turkic.knee.0107
Tatar_tata1255,knee,turkic.knee.0104
Tatar_tata1255,knee,turkic.knee.0104
Tatar_tata1255,knee,turkic.knee.0104
TurkicKhalaj_turk1303,knee,turkic.knee.0104
Turkish_nucl1301,knee,turkic.knee.0104
Turkmen_turk1304,knee,turkic.knee.0104
Turkmen_turk1304,knee,turkic.knee.0104
Tuvinian_tuvi1240,knee,turkic.knee.0107
Uighur_uigh1240,knee,turkic.knee.0104
WestYugur_west2402,knee,turkic.knee.0104
AinuChina_ainu1251,leaf,?
Bashkir_bash1264,leaf,turkic.leaf.0109
Chuvash_chuv1255,leaf,turkic.leaf.0110
CrimeanTatar_crim1257,leaf,turkic.leaf.0109
Dolgan_dolg1241,leaf,turkic.leaf.0109
Kara-Kalpak_kara1467,leaf,turkic.leaf.0109
Karachay-Balkar_kara1465,leaf,turkic.leaf.0109
Karaim_kara1464,leaf,?
Kazakh_kaza1248,leaf,turkic.leaf.0109
KhorasanTurkic_khor1269,leaf,turkic.leaf.0108
KhorasanTurkic_khor1269,leaf,turkic.leaf.0108
KhorasanTurkic_khor1269,leaf,turkic.leaf.0108
KhorasanTurkic_khor1269,leaf,turkic.leaf.0108
KhorasanTurkic_khor1269,leaf,turkic.leaf.0108
KhorasanTurkic_khor1269,leaf,turkic.leaf.0108
KhorasanTurkic_khor1269,leaf,turkic.leaf.0108
KhorasanTurkic_khor1269,leaf,turkic.leaf.0108
KhorasanTurkic_khor1269,leaf,turkic.leaf.0108
KhorasanTurkic_khor1269,leaf,turkic.leaf.0108
KhorasanTurkic_khor1269,leaf,turkic.leaf.0108
KhorasanTurkic_khor1269,leaf,turkic.leaf.0108
KhorasanTurkic_khor1269,leaf,turkic.leaf.0108
KhorasanTurkic_khor1269,leaf,turkic.leaf.0108
KhorasanTurkic_khor1269,leaf,turkic.leaf.0108
KhorasanTurkic_khor1269,leaf,turkic.leaf.0108
KhorasanTurkic_khor1269,leaf,turkic.leaf.0108
KhorasanTurkic_khor1269,leaf,turkic.leaf.0108
KhorasanTurkic_khor1269,leaf,turkic.leaf.0108
KhorasanTurkic_khor1269,leaf,turkic.leaf.0108
KhorasanTurkic_khor1269,leaf,turkic.leaf.0111
KhorasanTurkic_khor1269,leaf,turkic.leaf.0111
KhorasanTurkic_khor1269,leaf,turkic.leaf.0111
KhorasanTurkic_khor1269,leaf,turkic.leaf.0111
KhorasanTurkic_khor1269,leaf,turkic.leaf.0113
Kirghiz_kirg1245,leaf,turkic.leaf.0109
Kumyk_kumy1244,leaf,turkic.leaf.0109
Nogai_noga1249,leaf,turkic.leaf.0109
NorthAzerbaijani_nort2697,leaf,turkic.leaf.0108
NorthAzerbaijani_nort2697,leaf,turkic.leaf.0109
NorthAzerbaijani_nort2697,leaf,turkic.leaf.0109
NorthernAltai_nort2686,leaf,turkic.leaf.0109
NorthernAltai_nort2686,leaf,turkic.leaf.0109
NorthernUzbek_nort2690,leaf,turkic.leaf.0109
Sakha_yaku1245,leaf,turkic.leaf.0109
Salar_sala1264,leaf,turkic.leaf.0109
Shor_shor1247,leaf,turkic.leaf.0114
SouthernUzbek_sout2699,leaf,turkic.leaf.0108
TaigaSayanTurkic_kara1462,leaf,turkic.leaf.0114
Tatar_tata1255,leaf,turkic.leaf.0109
Tatar_tata1255,leaf,turkic.leaf.0109
Tatar_tata1255,leaf,turkic.leaf.0109
TurkicKhalaj_turk1303,leaf,?
Turkish_nucl1301,leaf,turkic.leaf.0109
Turkmen_turk1304,leaf,turkic.leaf.0109
Tuvinian_tuvi1240,leaf,turkic.leaf.0114
Uighur_uigh1240,leaf,turkic.leaf.0109
WestYugur_west2402,leaf,turkic.leaf.0115
AinuChina_ainu1251,liver,?
Bashkir_bash1264,liver,turkic.liver.0118
Bashkir_bash1264,liver,turkic.liver.0118
Chuvash_chuv1255,liver,turkic.liver.0118
CrimeanTatar_crim1257,liver,turkic.liver.0119
Dolgan_dolg1241,liver,turkic.liver.0118
Kara-Kalpak_kara1467,liver,turkic.liver.0118
Karachay-Balkar_kara1465,liver,turkic.liver.0118
Karaim_kara1464,liver,?
Kazakh_kaza1248,liver,turkic.liver.0118
Kazakh_kaza1248,liver,turkic.liver.0118
KhorasanTurkic_khor1269,liver,turkic.liver.0116
KhorasanTurkic_khor1269,liver,turkic.liver.0116
KhorasanTurkic_khor1269,liver,turkic.liver.0116
KhorasanTurkic_khor1269,liver,turkic.liver.0116
KhorasanTurkic_khor1269,liver,turkic.liver.0116
KhorasanTurkic_khor1269,liver,turkic.liver.0119
KhorasanTurkic_khor1269,liver,turkic.liver.0119
KhorasanTurkic_khor1269,liver,turkic.liver.0119
KhorasanTurkic_khor1269,liver,turkic.liver.0119
KhorasanTurkic_khor1269,liver,turkic.liver.0119
KhorasanTurkic_khor1269,liver,turkic.liver.0119
KhorasanTurkic_khor1269,liver,turkic.liver.0119
KhorasanTurkic_khor1269,liver,turkic.liver.0119
KhorasanTurkic_khor1269,liver,turkic.liver.0119
KhorasanTurkic_khor1269,liver,turkic.liver.0119
KhorasanTurkic_khor1269,liver,turkic.liver.0119
KhorasanTurkic_khor1269,liver,turkic.liver.0119
KhorasanTurkic_khor1269,liver,turkic.liver.0119
KhorasanTurkic_khor1269,liver,turkic.liver.0120
KhorasanTurkic_khor1269,liver,turkic.liver.0120
KhorasanTurkic_khor1269,liver,turkic.liver.0120
KhorasanTurkic_khor1269,liver,turkic.liver.0120
KhorasanTurkic_khor1269,liver,turkic.liver.0120
KhorasanTurkic_khor1269,liver,turkic.liver.0120
KhorasanTurkic_khor1269,liver,turkic.liver.0120
KhorasanTurkic_khor1269,liver,turkic.liver.0121
Kirghiz_kirg1245,liver,turkic.liver.0118
Kumyk_kumy1244,liver,turkic.liver.0118
Nogai_noga1249,liver,turkic.liver.0118
NorthAzerbaijani_nort2697,liver,turkic.liver.0117
NorthAzerbaijani_nort2697,liver,turkic.liver.0117
NorthAzerbaijani_nort2697,liver,turkic.liver.0122
NorthernAltai_nort2686,liver,turkic.liver.0118
NorthernAltai_nort2686,liver,turkic.liver.0118
NorthernUzbek_nort2690,liver,turkic.liver.0118
Sakha_yaku1245,liver,turkic.liver.0118
Salar_sala1264,liver,turkic.liver.0118
Shor_shor1247,liver,turkic.liver.0118
SouthernUzbek_sout2699,liver,?
TaigaSayanTurkic_kara1462,liver,turkic.liver.0118
Tatar_tata1255,liver,turkic.liver.0118
Tatar_tata1255,liver,turkic.liver.0118
TurkicKhalaj_turk1303,liver,?
Turkish_nucl1301,liver,turkic.liver.0117
Turkmen_turk1304,liver,turkic.liver.0118
Tuvinian_tuvi1240,liver,turkic.liver.0118
Uighur_uigh1240,liver,turkic.liver.0118
WestYugur_west2402,liver,turkic.liver.0118
AinuChina_ainu1251,louse,turkic.louse.0124
Bashkir_bash1264,louse,turkic.louse.0123
Chuvash_chuv1255,louse,turkic.louse.0123
CrimeanTatar_crim1257,louse,?
Dolgan_dolg1241,louse,?
Kara-Kalpak_kara1467,louse,?
Karachay-Balkar_kara1465,louse,turkic.louse.0123
Karaim_kara1464,louse,turkic.louse.0125
Kazakh_kaza1248,louse,turkic.louse.0123
KhorasanTurkic_khor1269,louse,turkic.louse.0123
KhorasanTurkic_khor1269,louse,turkic.louse.0123
KhorasanTurkic_khor1269,louse,turkic.louse.0123
KhorasanTurkic_khor1269,louse,turkic.louse.0123
KhorasanTurkic_khor1269,louse,turkic.louse.0123
KhorasanTurkic_khor1269,louse,turkic.louse.0123
KhorasanTurkic_khor1269,louse,turkic.louse.0123
KhorasanTurkic_khor1269,louse,turkic.louse.0123
KhorasanTurkic_khor1269,louse,turkic.louse.0123
KhorasanTurkic_khor1269,louse,turkic.louse.0123
KhorasanTurkic_khor1269,louse,turkic.louse.0123
KhorasanTurkic_khor1269,louse,turkic.louse.0123
KhorasanTurkic_khor1269,louse,turkic.louse.0123
KhorasanTurkic_khor1269,louse,turkic.louse.0123
KhorasanTurkic_khor1269,louse,turkic.louse.0123
KhorasanTurkic_khor1269,louse,turkic.louse.0123
KhorasanTurkic_khor1269,louse,turkic.louse.0123
KhorasanTurkic_khor1269,louse,turkic.louse.0123
KhorasanTurkic_khor1269,louse,turkic.louse.0123
KhorasanTurkic_khor1269,louse,turkic.louse.0123
KhorasanTurkic_khor1269,louse,turkic.louse.0124
KhorasanTurkic_khor1269,louse,turkic.louse.0125
KhorasanTurkic_khor1269,louse,turkic.louse.0126
KhorasanTurkic_khor1269,louse,turkic.louse.0127
Kirghiz_kirg1245,louse,?
Kumyk_kumy1244,louse,turkic.louse.0123
Nogai_noga1249,louse,turkic.louse.0123
NorthAzerbaijani_nort2697,louse,turkic.louse.0123
NorthAzerbaijani_nort2697,louse,turkic.louse.0123
NorthAzerbaijani_nort2697,louse,turkic.louse.0123
NorthernAltai_nort2686,louse,turkic.louse.0123
NorthernAltai_nort2686,louse,turkic.louse.0123
NorthernUzbek_nort2690,louse,turkic.louse.0123
Sakha_yaku1245,louse,turkic.louse.0123
Salar_sala1264,louse,?
Shor_shor1247,louse,?
SouthernUzbek_sout2699,louse,?
TaigaSayanTurkic_kara1462,louse,turkic.louse.0123
Tatar_tata1255,louse,turkic.louse.0123
Tatar_tata1255,louse,turkic.louse.0123
TurkicKhalaj_turk1303,louse,turkic.louse.0123
Turkish_nucl1301,louse,turkic.louse.0123
Turkish_nucl1301,louse,turkic.louse.0128
Turkmen_turk1304,louse,?
Tuvinian_tuvi1240,louse,turkic.louse.0123
Uighur_uigh1240,louse,turkic.louse.0123
WestYugur_west2402,louse,turkic.louse.0123
AinuChina_ainu1251,mountain,turkic.mountain.0130
Bashkir_bash1264,mountain,turkic.mountain.0129
Bashkir_bash1264,mountain,turkic.mountain.0131
Chuvash_chuv1255,mountain,turkic.mountain.0131
CrimeanTatar_crim1257,mountain,turkic.mountain.0129
Dolgan_dolg1241,mountain,turkic.mountain.0131
Kara-Kalpak_kara1467,mountain,turkic.mountain.0129
Karachay-Balkar_kara1465,mountain,turkic.mountain.0129
Karaim_kara1464,mountain,turkic.mountain.0129
Kazakh_kaza1248,mountain,turkic.mountain.0129
Kazakh_kaza1248,mountain,turkic.mountain.0131
KhorasanTurkic_khor1269,mountain,turkic.mountain.0129
KhorasanTurkic_khor1269,mountain,turkic.mountain.0129
KhorasanTurkic_khor1269,mountain,turkic.mountain.0129
KhorasanTurkic_khor1269,mountain,turkic.mountain.0129
KhorasanTurkic_khor1269,mountain,turkic.mountain.0129
KhorasanTurkic_khor1269,mountain,turkic.mountain.0129
KhorasanTurkic_khor1269,mountain,turkic.mountain.0129
KhorasanTurkic_khor1269,mountain,turkic.mountain.0129
KhorasanTurkic_khor1269,mountain,turkic.mountain.0129
KhorasanTurkic_khor1269,mountain,turkic.mountain.0129
KhorasanTurkic_khor1269,mountain,turkic.mountain.0129
KhorasanTurkic_khor1269,mountain,turkic.mountain.0129
KhorasanTurkic_khor1269,mountain,turkic.mountain.0129
KhorasanTurkic_khor1269,mountain,turkic.mountain.0129
KhorasanTurkic_khor1269,mountain,turkic.mountain.0129
KhorasanTurkic_khor1269,mountain,turkic.mountain.0129
KhorasanTurkic_khor1269,mountain,turkic.mountain.0129
KhorasanTurkic_khor1269,mountain,turkic.mountain.0129
KhorasanTurkic_khor1269,mountain,turkic.mountain.0129
KhorasanTurkic_khor1269,mountain,turkic.mountain.0129
KhorasanTurkic_khor1269,mountain,turkic.mountain.0129
KhorasanTurkic_khor1269,mountain,turkic.mountain.0129
KhorasanTurkic_khor1269,mountain,turkic.mountain.0129
Kirghiz_kirg1245,mountain,turkic.mountain.0131
Kumyk_kumy1244,mountain,turkic.mountain.0129
Kumyk_kumy1244,mountain,turkic.mountain.0130
Nogai_noga1249,mountain,turkic.mountain.0129
Nogai_noga1249,mountain,turkic.mountain.0130
NorthAzerbaijani_nort2697,mountain,turkic.mountain.0129
NorthAzerbaijani_nort2697,mountain,turkic.mountain.0129
NorthAzerbaijani_nort2697,mountain,turkic.mountain.0129
NorthAzerbaijani_nort2697,mountain,turkic.mountain.0130
NorthernAltai_nort2686,mountain,turkic.mountain.0129
NorthernUzbek_nort2690,mountain,turkic.mountain.0129
Sakha_yaku1245,mountain,turkic.mountain.0132
Salar_sala1264,mountain,turkic.mountain.0129
Shor_shor1247,mountain,turkic.mountain.0129
SouthernUzbek_sout2699,mountain,turkic.mountain.0129
TaigaSayanTurkic_kara1462,mountain,turkic.mountain.0129
Tatar_tata1255,mountain,turkic.mountain.0129
Tatar_tata1255,mountain,turkic.mountain.0129
Tatar_tata1255,mountain,turkic.mountain.0131
TurkicKhalaj_turk1303,mountain,turkic.mountain.0129
Turkish_nucl1301,mountain,turkic.mountain.0133
Turkmen_turk1304,mountain,turkic.mountain.0129
Tuvinian_tuvi1240,mountain,turkic.mountain.0129
Uighur_uigh1240,mountain,turkic.mountain.0129
WestYugur_west2402,mountain,turkic.mountain.0129
AinuChina_ainu1251,name,?
Bashkir_bash1264,name,turkic.name.0136
Chuvash_chuv1255,name,turkic.name.0135
CrimeanTatar_crim1257,name,turkic.name.0135
Dolgan_dolg1241,name,turkic.name.0135
Kara-Kalpak_kara1467,name,turkic.name.0135
Karachay-Balkar_kara1465,name,turkic.name.0135
Karaim_kara1464,name,turkic.name.0135
Kazakh_kaza1248,name,turkic.name.0135
Kazakh_kaza1248,name,turkic.name.0136
KhorasanTurkic_khor1269,name,?
Kirghiz_kirg1245,name,turkic.name.0135
Kumyk_kumy1244,name,turkic.name.0135
Nogai_noga1249,name,turkic.name.0135
NorthAzerbaijani_nort2697,name,turkic.name.0135
NorthAzerbaijani_nort2697,name,turkic.name.0135
NorthAzerbaijani_nort2697,name,turkic.name.0135
NorthernAltai_nort2686,name,turkic.name.0135
NorthernUzbek_nort2690,name,turkic.name.0135
NorthernUzbek_nort2690,name,turkic.name.0139
Sakha_yaku1245,name,turkic.name.0135
Salar_sala1264,name,turkic.name.0135
Shor_shor1247,name,turkic.name.0135
SouthernUzbek_sout2699,name,turkic.name.0135
SouthernUzbek_sout2699,name,turkic.name.0137
TaigaSayanTurkic_kara1462,name,turkic.name.0135
Tatar_tata1255,name,turkic.name.0136
Tatar_tata1255,name,turkic.name.0136
Tatar_tata1255,name,turkic.name.0136
TurkicKhalaj_turk1303,name,turkic.name.0135
Turkish_nucl1301,name,turkic.name.0135
Turkish_nucl1301,name,turkic.name.0136
Turkmen_turk1304,name,turkic.name.0138
Tuvinian_tuvi1240,name,turkic.name.0135
Uighur_uigh1240,name,turkic.name.0139
WestYugur_west2402,name,turkic.name.0135
AinuChina_ainu1251,new,?
Bashkir_bash1264,new,turkic.new.0141
Chuvash_chuv1255,new,turkic.new.0142
CrimeanTatar_crim1257,new,turkic.new.0143
Dolgan_dolg1241,new,turkic.new.0141
Kara-Kalpak_kara1467,new,turkic.new.0144
Karachay-Balkar_kara1465,new,turkic.new.0141
Karaim_kara1464,new,turkic.new.0141
Kazakh_kaza1248,new,turkic.new.0144
KhorasanTurkic_khor1269,new,turkic.new.0140
KhorasanTurkic_khor1269,new,turkic.new.0140
KhorasanTurkic_khor1269,new,turkic.new.0140
KhorasanTurkic_khor1269,new,turkic.new.0140
KhorasanTurkic_khor1269,new,turkic.new.0140
KhorasanTurkic_khor1269,new,turkic.new.0140
KhorasanTurkic_khor1269,new,turkic.new.0140
KhorasanTurkic_khor1269,new,turkic.new.0140
KhorasanTurkic_khor1269,new,turkic.new.0140
KhorasanTurkic_khor1269,new,turkic.new.0140
KhorasanTurkic_khor1269,new,turkic.new.0140
KhorasanTurkic_khor1269,new,turkic.new.0140
KhorasanTurkic_khor1269,new,turkic.new.0140
KhorasanTurkic_khor1269,new,turkic.new.0140
KhorasanTurkic_khor1269,new,turkic.new.0140
KhorasanTurkic_khor1269,new,turkic.new.0140
KhorasanTurkic_khor1269,new,turkic.new.0141
KhorasanTurkic_khor1269,new,turkic.new.0141
KhorasanTurkic_khor1269,new,turkic.new.0141
KhorasanTurkic_khor1269,new,turkic.new.0141
KhorasanTurkic_khor1269,new,turkic.new.0141
KhorasanTurkic_khor1269,new,turkic.new.0141
KhorasanTurkic_khor1269,new,turkic.new.0141
KhorasanTurkic_khor1269,new,turkic.new.0143
Kirghiz_kirg1245,new,turkic.new.0141
Kumyk_kumy1244,new,turkic.new.0141
Kumyk_kumy1244,new,turkic.new.0141
Nogai_noga1249,new,turkic.new.0141
NorthAzerbaijani_nort2697,new,turkic.new.0140
NorthAzerbaijani_nort2697,new,turkic.new.0141
NorthAzerbaijani_nort2697,new,turkic.new.0141
NorthernAltai_nort2686,new,turkic.new.0141
NorthernAltai_nort2686,new,turkic.new.0141
NorthernUzbek_nort2690,new,turkic.new.0141
Sakha_yaku1245,new,turkic.new.0144
Salar_sala1264,new,turkic.new.0141
Shor_shor1247,new,turkic.new.0145
SouthernUzbek_sout2699,new,turkic.new.0141
TaigaSayanTurkic_kara1462,new,turkic.new.0146
Tatar_tata1255,new,turkic.new.0141
Tatar_tata1255,new,turkic.new.0141
Tatar_tata1255,new,turkic.new.0141
TurkicKhalaj_turk1303,new,turkic.new.0141
Turkish_nucl1301,new,turkic.new.0140
Turkish_nucl1301,new,turkic.new.0141
Turkmen_turk1304,new,turkic.new.0140
Tuvinian_tuvi1240,new,turkic.new.0140
Uighur_uigh1240,new,turkic.new.0141
WestYugur_west2402,new,turkic.new.0141
AinuChina_ainu1251,night,turkic.night.0148
Bashkir_bash1264,night,turkic.night.0149
Chuvash_chuv1255,night,turkic.night.0150
CrimeanTatar_crim1257,night,turkic.night.0147
Dolgan_dolg1241,night,turkic.night.0149
Kara-Kalpak_kara1467,night,turkic.night.0149
Karachay-Balkar_kara1465,night,turkic.night.0147
Karaim_kara1464,night,turkic.night.0149
Kazakh_kaza1248,night,turkic.night.0149
KhorasanTurkic_khor1269,night,turkic.night.0147
KhorasanTurkic_khor1269,night,turkic.night.0147
KhorasanTurkic_khor1269,night,turkic.night.0147
KhorasanTurkic_khor1269,night,turkic.night.0147
KhorasanTurkic_khor1269,night,turkic.night.0147
KhorasanTurkic_khor1269,night,turkic.night.0147
KhorasanTurkic_khor1269,night,turkic.night.0147
KhorasanTurkic_khor1269,night,turkic.night.0147
KhorasanTurkic_khor1269,night,turkic.night.0147
KhorasanTurkic_khor1269,night,turkic.night.0147
KhorasanTurkic_khor1269,night,turkic.night.0147
KhorasanTurkic_khor1269,night,turkic.night.0147
KhorasanTurkic_khor1269,night,turkic.night.0147
KhorasanTurkic_khor1269,night,turkic.night.0147
KhorasanTurkic_khor1269,night,turkic.night.0147
KhorasanTurkic_khor1269,night,turkic.night.0147
KhorasanTurkic_khor1269,night,turkic.night.0147
KhorasanTurkic_khor1269,night,turkic.night.0147
KhorasanTurkic_khor1269,night,turkic.night.0147
KhorasanTurkic_khor1269,night,turkic.night.0147
KhorasanTurkic_khor1269,night,turkic.night.0151
KhorasanTurkic_khor1269,night,turkic.night.0151
KhorasanTurkic_khor1269,night,turkic.night.0151
Kirghiz_kirg1245,night,turkic.night.0149
Kumyk_kumy1244,night,turkic.night.0147
Nogai_noga1249,night,turkic.night.0147
NorthAzerbaijani_nort2697,night,turkic.night.0147
NorthAzerbaijani_nort2697,night,turkic.night.0147
NorthAzerbaijani_nort2697,night,turkic.night.0147
NorthernAltai_nort2686,night,turkic.night.0149
NorthernUzbek_nort2690,night,turkic.night.0147
NorthernUzbek_nort2690,night,turkic.night.0149
Sakha_yaku1245,night,turkic.night.0149
Salar_sala1264,night,turkic.night.0147
Shor_shor1247,night,turkic.night.0147
SouthernUzbek_sout2699,night,turkic.night.0150
TaigaSayanTurkic_kara1462,night,turkic.night.0149
Tatar_tata1255,night,turkic.night.0149
Tatar_tata1255,night,turkic.night.0150
Tatar_tata1255,night,turkic.night.0150
TurkicKhalaj_turk1303,night,turkic.night.0147
Turkish_nucl1301,night,turkic.night.0147
Turkmen_turk1304,night,turkic.night.0147
Tuvinian_tuvi1240,night,turkic.night.0152
Uighur_uigh1240,night,turkic.night.0149
WestYugur_west2402,night,turkic.night.0152
AinuChina_ainu1251,nose,turkic.nose.0154
Bashkir_bash1264,nose,turkic.nose.0155
Bashkir_bash1264,nose,turkic.nose.0155
Chuvash_chuv1255,nose,turkic.nose.0156
CrimeanTatar_crim1257,nose,turkic.nose.0153
Dolgan_dolg1241,nose,turkic.nose.0155
Kara-Kalpak_kara1467,nose,turkic.nose.0153
Karachay-Balkar_kara1465,nose,turkic.nose.0153
Karaim_kara1464,nose,?
Kazakh_kaza1248,nose,turkic.nose.0153
KhorasanTurkic_khor1269,nose,turkic.nose.0153
KhorasanTurkic_khor1269,nose,turkic.nose.0153
KhorasanTurkic_khor1269,nose,turkic.nose.0153
KhorasanTurkic_khor1269,nose,turkic.nose.0153
KhorasanTurkic_khor1269,nose,turkic.nose.0153
KhorasanTurkic_khor1269,nose,turkic.nose.0153
KhorasanTurkic_khor1269,nose,turkic.nose.0153
KhorasanTurkic_khor1269,nose,turkic.nose.0153
KhorasanTurkic_khor1269,nose,turkic.nose.0153
KhorasanTurkic_khor1269,nose,turkic.nose.0153
KhorasanTurkic_khor1269,nose,turkic.nose.0153
KhorasanTurkic_khor1269,nose,turkic.nose.0153
KhorasanTurkic_khor1269,nose,turkic.nose.0153
KhorasanTurkic_khor1269,nose,turkic.nose.0153
KhorasanTurkic_khor1269,nose,turkic.nose.0153
KhorasanTurkic_khor1269,nose,turkic.nose.0153
KhorasanTurkic_khor1269,nose,turkic.nose.0153
KhorasanTurkic_khor1269,nose,turkic.nose.0153
KhorasanTurkic_khor1269,nose,turkic.nose.0153
KhorasanTurkic_khor1269,nose,turkic.nose.0153
KhorasanTurkic_khor1269,nose,turkic.nose.0153
KhorasanTurkic_khor1269,nose,turkic.nose.0153
KhorasanTurkic_khor1269,nose,turkic.nose.0159
Kirghiz_kirg1245,nose,turkic.nose.0153
Kumyk_kumy1244,nose,turkic.nose.0153
Nogai_noga1249,nose,turkic.nose.0153
NorthAzerbaijani_nort2697,nose,turkic.nose.0153
NorthAzerbaijani_nort2697,nose,turkic.nose.0153
NorthAzerbaijani_nort2697,nose,turkic.nose.0153
NorthernAltai_nort2686,nose,turkic.nose.0153
NorthernUzbek_nort2690,nose,turkic.nose.0153
Sakha_yaku1245,nose,turkic.nose.0153
Salar_sala1264,nose,turkic.nose.0153
Shor_shor1247,nose,turkic.nose.0153
SouthernUzbek_sout2699,nose,turkic.nose.0153
TaigaSayanTurkic_kara1462,nose,turkic.nose.0157
Tatar_tata1255,nose,turkic.nose.0153
Tatar_tata1255,nose,turkic.nose.0153
Tatar_tata1255,nose,turkic.nose.0153
TurkicKhalaj_turk1303,nose,turkic.nose.0153
Turkish_nucl1301,nose,turkic.nose.0153
Turkmen_turk1304,nose,turkic.nose.0153
Tuvinian_tuvi1240,nose,turkic.nose.0157
Uighur_uigh1240,nose,turkic.nose.0153
WestYugur_west2402,nose,turkic.nose.0158
AinuChina_ainu1251,one,turkic.one.0161
Bashkir_bash1264,one,turkic.one.0160
Chuvash_chuv1255,one,turkic.one.0160
Chuvash_chuv1255,one,turkic.one.0160
CrimeanTatar_crim1257,one,turkic.one.0160
Dolgan_dolg1241,one,turkic.one.0160
Kara-Kalpak_kara1467,one,turkic.one.0160
Karachay-Balkar_kara1465,one,turkic.one.0160
Karaim_kara1464,one,turkic.one.0160
Kazakh_kaza1248,one,turkic.one.0160
KhorasanTurkic_khor1269,one,turkic.one.0160
KhorasanTurkic_khor1269,one,turkic.one.0160
KhorasanTurkic_khor1269,one,turkic.one.0160
KhorasanTurkic_khor1269,one,turkic.one.0160
KhorasanTurkic_khor1269,one,turkic.one.0160
KhorasanTurkic_khor1269,one,turkic.one.0160
KhorasanTurkic_khor1269,one,turkic.one.0160
KhorasanTurkic_khor1269,one,turkic.one.0160
KhorasanTurkic_khor1269,one,turkic.one.0160
KhorasanTurkic_khor1269,one,turkic.one.0160
KhorasanTurkic_khor1269,one,turkic.one.0160
KhorasanTurkic_khor1269,one,turkic.one.0160
KhorasanTurkic_khor1269,one,turkic.one.0160
KhorasanTurkic_khor1269,one,turkic.one.0160
KhorasanTurkic_khor1269,one,turkic.one.0160
KhorasanTurkic_khor1269,one,turkic.one.0160
KhorasanTurkic_khor1269,one,turkic.one.0160
KhorasanTurkic_khor1269,one,turkic.one.0160
KhorasanTurkic_khor1269,one,turkic.one.0160
KhorasanTurkic_khor1269,one,turkic.one.0160
KhorasanTurkic_khor1269,one,turkic.one.0160
KhorasanTurkic_khor1269,one,turkic.one.0160
KhorasanTurkic_khor1269,one,turkic.one.0162
Kirghiz_kirg1245,one,turkic.one.0160
Kumyk_kumy1244,one,turkic.one.0160
Nogai_noga1249,one,turkic.one.0160
NorthAzerbaijani_nort2697,one,turkic.one.0160
NorthAzerbaijani_nort2697,one,turkic.one.0160
NorthAzerbaijani_nort2697,one,turkic.one.0160
NorthernAltai_nort2686,one,turkic.one.0160
NorthernAltai_nort2686,one,turkic.one.0160
NorthernAltai_nort2686,one,turkic.one.0160
NorthernAltai_nort2686,one,turkic.one.0160
NorthernUzbek_nort2690,one,turkic.one.0160
Sakha_yaku1245,one,turkic.one.0160
Salar_sala1264,one,turkic.one.0160
Shor_shor1247,one,turkic.one.0160
SouthernUzbek_sout2699,one,turkic.one.0160
TaigaSayanTurkic_kara1462,one,turkic.one.0160
Tatar_tata1255,one,turkic.one.0160
Tatar_tata1255,one,turkic.one.0160
Tatar_tata1255,one,turkic.one.0160
TurkicKhalaj_turk1303,one,turkic.one.0160
Turkish_nucl1301,one,turkic.one.0160
Turkish_nucl1301,one,turkic.one.0164
Turkmen_turk1304,one,turkic.one.0160
Turkmen_turk1304,one,turkic.one.0165
Tuvinian_tuvi1240,one,turkic.one.0160
Uighur_uigh1240,one,turkic.one.0160
WestYugur_west2402,one,turkic.one.0160
AinuChina_ainu1251,path,turkic.path.0167
Bashkir_bash1264,path,turkic.path.0166
Chuvash_chuv1255,path,turkic.path.0166
Chuvash_chuv1255,path,turkic.path.0170
CrimeanTatar_crim1257,path,turkic.path.0166
Dolgan_dolg1241,path,turkic.path.0169
Kara-Kalpak_kara1467,path,turkic.path.0170
Karachay-Balkar_kara1465,path,turkic.path.0166
Karaim_kara1464,path,turkic.path.0166
Kazakh_kaza1248,path,turkic.path.0166
KhorasanTurkic_khor1269,path,turkic.path.0166
KhorasanTurkic_khor1269,path,turkic.path.0166
KhorasanTurkic_khor1269,path,turkic.path.0166
KhorasanTurkic_khor1269,path,turkic.path.0166
KhorasanTurkic_khor1269,path,turkic.path.0166
KhorasanTurkic_khor1269,path,turkic.path.0166
KhorasanTurkic_khor1269,path,turkic.path.0166
KhorasanTurkic_khor1269,path,turkic.path.0166
KhorasanTurkic_khor1269,path,turkic.path.0166
KhorasanTurkic_khor1269,path,turkic.path.0166
KhorasanTurkic_khor1269,path,turkic.path.0166
KhorasanTurkic_khor1269,path,turkic.path.0166
KhorasanTurkic_khor1269,path,turkic.path.0166
KhorasanTurkic_khor1269,path,turkic.path.0166
KhorasanTurkic_khor1269,path,turkic.path.0166
KhorasanTurkic_khor1269,path,turkic.path.0166
KhorasanTurkic_khor1269,path,turkic.path.0166
KhorasanTurkic_khor1269,path,turkic.path.0166
KhorasanTurkic_khor1269,path,turkic.path.0166
KhorasanTurkic_khor1269,path,turkic.path.0166
KhorasanTurkic_khor1269,path,turkic.path.0166
KhorasanTurkic_khor1269,path,turkic.path.0166
KhorasanTurkic_khor1269,path,turkic.path.0166
KhorasanTurkic_khor1269,path,turkic.path.0166
Kirghiz_kirg1245,path,turkic.path.0168
Kumyk_kumy1244,path,turkic.path.0170
Nogai_noga1249,path,turkic.path.0166
Nogai_noga1249,path,turkic.path.0170
NorthAzerbaijani_nort2697,path,turkic.path.0166
NorthAzerbaijani_nort2697,path,turkic.path.0168
NorthAzerbaijani_nort2697,path,turkic.path.0168
NorthernAltai_nort2686,path,?
NorthernUzbek_nort2690,path,turkic.path.0166
Sakha_yaku1245,path,turkic.path.0171
Salar_sala1264,path,turkic.path.0166
Shor_shor1247,path,turkic.path.0166
SouthernUzbek_sout2699,path,turkic.path.0166
TaigaSayanTurkic_kara1462,path,turkic.path.0172
Tatar_tata1255,path,turkic.path.0166
Tatar_tata1255,path,turkic.path.0166
Tatar_tata1255,path,turkic.path.0170
TurkicKhalaj_turk1303,path,?
Turkish_nucl1301,path,turkic.path.0173
Turkish_nucl1301,path,turkic.path.0176
Turkmen_turk1304,path,turkic.path.0166
Turkmen_turk1304,path,turkic.path.0166
Tuvinian_tuvi1240,path,turkic.path.0172
Uighur_uigh1240,path,turkic.path.0174
WestYugur_west2402,path,turkic.path.0166
AinuChina_ainu1251,person,turkic.person.0177
Bashkir_bash1264,person,turkic.person.0177
Bashkir_bash1264,person,turkic.person.0184
Chuvash_chuv1255,person,turkic.person.0180
Chuvash_chuv1255,person,turkic.person.0183
CrimeanTatar_crim1257,person,turkic.person.0177
Dolgan_dolg1241,person,turkic.person.0177
Kara-Kalpak_kara1467,person,turkic.person.0177
Kara-Kalpak_kara1467,person,turkic.person.0178
Karachay-Balkar_kara1465,person,turkic.person.0178
Karaim_kara1464,person,turkic.person.0178
Kazakh_kaza1248,person,turkic.person.0177
Kazakh_kaza1248,person,turkic.person.0178
KhorasanTurkic_khor1269,person,turkic.person.0177
KhorasanTurkic_khor1269,person,turkic.person.0177
KhorasanTurkic_khor1269,person,turkic.person.0177
KhorasanTurkic_khor1269,person,turkic.person.0177
KhorasanTurkic_khor1269,person,turkic.person.0177
KhorasanTurkic_khor1269,person,turkic.person.0177
KhorasanTurkic_khor1269,person,turkic.person.0177
KhorasanTurkic_khor1269,person,turkic.person.0177
KhorasanTurkic_khor1269,person,turkic.person.0177
KhorasanTurkic_khor1269,person,turkic.person.0177
KhorasanTurkic_khor1269,person,turkic.person.0177
KhorasanTurkic_khor1269,person,turkic.person.0177
KhorasanTurkic_khor1269,person,turkic.person.0177
KhorasanTurkic_khor1269,person,turkic.person.0177
KhorasanTurkic_khor1269,person,turkic.person.0177
KhorasanTurkic_khor1269,person,turkic.person.0177
KhorasanTurkic_khor1269,person,turkic.person.0177
KhorasanTurkic_khor1269,person,turkic.person.0177
KhorasanTurkic_khor1269,person,turkic.person.0177
KhorasanTurkic_khor1269,person,turkic.person.0177
KhorasanTurkic_khor1269,person,turkic.person.0177
KhorasanTurkic_khor1269,person,turkic.person.0177
KhorasanTurkic_khor1269,person,turkic.person.0177
KhorasanTurkic_khor1269,person,turkic.person.0177
KhorasanTurkic_khor1269,person,turkic.person.0177
KhorasanTurkic_khor1269,person,turkic.person.0181
KhorasanTurkic_khor1269,person,turkic.person.0181
KhorasanTurkic_khor1269,person,turkic.person.0182
KhorasanTurkic_khor1269,person,turkic.person.0182
KhorasanTurkic_khor1269,person,turkic.person.0182
Kirghiz_kirg1245,person,turkic.person.0177
Kirghiz_kirg1245,person,turkic.person.0178
Kumyk_kumy1244,person,turkic.person.0177
Nogai_noga1249,person,turkic.person.0177
NorthAzerbaijani_nort2697,person,turkic.person.0178
NorthAzerbaijani_nort2697,person,turkic.person.0178
NorthAzerbaijani_nort2697,person,turkic.person.0179
NorthAzerbaijani_nort2697,person,turkic.person.0183
NorthAzerbaijani_nort2697,person,turkic.person.0183
NorthernAltai_nort2686,person,turkic.person.0177
NorthernAltai_nort2686,person,turkic.person.0177
NorthernUzbek_nort2690,person,turkic.person.0183
Sakha_yaku1245,person,turkic.person.0177
Salar_sala1264,person,turkic.person.0177
Shor_shor1247,person,turkic.person.0177
SouthernUzbek_sout2699,person,turkic.person.0177
TaigaSayanTurkic_kara1462,person,turkic.person.0177
Tatar_tata1255,person,turkic.person.0177
Tatar_tata1255,person,turkic.person.0177
Tatar_tata1255,person,turkic.person.0178
Tatar_tata1255,person,turkic.person.0183
TurkicKhalaj_turk1303,person,turkic.person.0181
Turkish_nucl1301,person,turkic.person.0177
Turkish_nucl1301,person,turkic.person.0185
Turkmen_turk1304,person,turkic.person.0178
Tuvinian_tuvi1240,person,turkic.person.0177
Uighur_uigh1240,person,turkic.person.0178
WestYugur_west2402,person,turkic.person.0177
AinuChina_ainu1251,see,turkic.see.0187
Bashkir_bash1264,see,turkic.see.0186
Chuvash_chuv1255,see,turkic.see.0186
CrimeanTatar_crim1257,see,turkic.see.0186
Dolgan_dolg1241,see,turkic.see.0186
Kara-Kalpak_kara1467,see,turkic.see.0186
Karachay-Balkar_kara1465,see,turkic.see.0186
Karaim_kara1464,see,?
Kazakh_kaza1248,see,turkic.see.0186
KhorasanTurkic_khor1269,see,turkic.see.0186
KhorasanTurkic_khor1269,see,turkic.see.0186
KhorasanTurkic_khor1269,see,turkic.see.0186
KhorasanTurkic_khor1269,see,turkic.see.0186
KhorasanTurkic_khor1269,see,turkic.see.0186
KhorasanTurkic_khor1269,see,turkic.see.0186
KhorasanTurkic_khor1269,see,turkic.see.0186
KhorasanTurkic_khor1269,see,turkic.see.0186
KhorasanTurkic_khor1269,see,turkic.see.0186
KhorasanTurkic_khor1269,see,turkic.see.0186
KhorasanTurkic_khor1269,see,turkic.see.0186
KhorasanTurkic_khor1269,see,turkic.see.0186
KhorasanTurkic_khor1269,see,turkic.see.0186
KhorasanTurkic_khor1269,see,turkic.see.0186
KhorasanTurkic_khor1269,see,turkic.see.0186
KhorasanTurkic_khor1269,see,turkic.see.0186
KhorasanTurkic_khor1269,see,turkic.see.0186
KhorasanTurkic_khor1269,see,turkic.see.0186
KhorasanTurkic_khor1269,see,turkic.see.0186
KhorasanTurkic_khor1269,see,turkic.see.0186
KhorasanTurkic_khor1269,see,turkic.see.0189
Kirghiz_kirg1245,see,turkic.see.0186
Kumyk_kumy1244,see,turkic.see.0186
Nogai_noga1249,see,turkic.see.0186
NorthAzerbaijani_nort2697,see,turkic.see.0186
NorthAzerbaijani_nort2697,see,turkic.see.0186
NorthAzerbaijani_nort2697,see,turkic.see.0186
NorthernAltai_nort2686,see,turkic.see.0186
NorthernUzbek_nort2690,see,turkic.see.0186
Sakha_yaku1245,see,turkic.see.0186
Salar_sala1264,see,turkic.see.0188
Salar_sala1264,see,turkic.see.0190
Shor_shor1247,see,turkic.see.0186
SouthernUzbek_sout2699,see,?
TaigaSayanTurkic_kara1462,see,turkic.see.0186
Tatar_tata1255,see,turkic.see.0186
Tatar_tata1255,see,turkic.see.0186
Tatar_tata1255,see,turkic.see.0186
TurkicKhalaj_turk1303,see,turkic.see.0186
Turkish_nucl1301,see,turkic.see.0186
Turkish_nucl1301,see,turkic.see.0191
Turkmen_turk1304,see,turkic.see.0186
Tuvinian_tuvi1240,see,turkic.see.0186
Uighur_uigh1240,see,turkic.see.0186
WestYugur_west2402,see,turkic.see.0186
AinuChina_ainu1251,skin,?
Bashkir_bash1264,skin,turkic.skin.0192
Chuvash_chuv1255,skin,turkic.skin.0192
CrimeanTatar_crim1257,skin,turkic.skin.0192
Dolgan_dolg1241,skin,turkic.skin.0192
Kara-Kalpak_kara1467,skin,turkic.skin.0192
Karachay-Balkar_kara1465,skin,turkic.skin.0192
Karaim_kara1464,skin,turkic.skin.0192
Kazakh_kaza1248,skin,turkic.skin.0192
KhorasanTurkic_khor1269,skin,turkic.skin.0192
KhorasanTurkic_khor1269,skin,turkic.skin.0192
KhorasanTurkic_khor1269,skin,turkic.skin.0192
KhorasanTurkic_khor1269,skin,turkic.skin.0192
KhorasanTurkic_khor1269,skin,turkic.skin.0192
KhorasanTurkic_khor1269,skin,turkic.skin.0192
KhorasanTurkic_khor1269,skin,turkic.skin.0192
KhorasanTurkic_khor1269,skin,turkic.skin.0192
KhorasanTurkic_khor1269,skin,turkic.skin.0192
KhorasanTurkic_khor1269,skin,turkic.skin.0192
KhorasanTurkic_khor1269,skin,turkic.skin.0192
KhorasanTurkic_khor1269,skin,turkic.skin.0192
KhorasanTurkic_khor1269,skin,turkic.skin.0192
KhorasanTurkic_khor1269,skin,turkic.skin.0192
KhorasanTurkic_khor1269,skin,turkic.skin.0192
KhorasanTurkic_khor1269,skin,turkic.skin.0192
KhorasanTurkic_khor1269,skin,turkic.skin.0192
KhorasanTurkic_khor1269,skin,turkic.skin.0193
KhorasanTurkic_khor1269,skin,turkic.skin.0193
KhorasanTurkic_khor1269,skin,turkic.skin.0193
KhorasanTurkic_khor1269,skin,turkic.skin.0194
KhorasanTurkic_khor1269,skin,turkic.skin.0195
KhorasanTurkic_khor1269,skin,turkic.skin.0195
KhorasanTurkic_khor1269,skin,turkic.skin.0195
Kirghiz_kirg1245,skin,turkic.skin.0192
Kumyk_kumy1244,skin,turkic.skin.0192
Nogai_noga1249,skin,turkic.skin.0192
Nogai_noga1249,skin,turkic.skin.0197
NorthAzerbaijani_nort2697,skin,turkic.skin.0192
NorthAzerbaijani_nort2697,skin,turkic.skin.0192
NorthAzerbaijani_nort2697,skin,turkic.skin.0192
NorthernAltai_nort2686,skin,turkic.skin.0192
NorthernUzbek_nort2690,skin,turkic.skin.0192
Sakha_yaku1245,skin,turkic.skin.0192
Salar_sala1264,skin,turkic.skin.0192
Shor_shor1247,skin,turkic.skin.0192
SouthernUzbek_sout2699,skin,turkic.skin.0192
TaigaSayanTurkic_kara1462,skin,turkic.skin.0196
Tatar_tata1255,skin,turkic.skin.0192
Tatar_tata1255,skin,turkic.skin.0192
Tatar_tata1255,skin,turkic.skin.0192
TurkicKhalaj_turk1303,skin,turkic.skin.0192
Turkish_nucl1301,skin,turkic.skin.0192
Turkish_nucl1301,skin,turkic.skin.0195
Turkmen_turk1304,skin,turkic.skin.0192
Turkmen_turk1304,skin,turkic.skin.0198
Tuvinian_tuvi1240,skin,turkic.skin.0196
Uighur_uigh1240,skin,turkic.skin.0192
WestYugur_west2402,skin,turkic.skin.0192
AinuChina_ainu1251,star,?
Bashkir_bash1264,star,turkic.star.0199
Chuvash_chuv1255,star,turkic.star.0199
CrimeanTatar_crim1257,star,turkic.star.0199
Dolgan_dolg1241,star,turkic.star.0199
Kara-Kalpak_kara1467,star,turkic.star.0199
Karachay-Balkar_kara1465,star,turkic.star.0199
Karaim_kara1464,star,turkic.star.0199
Kazakh_kaza1248,star,turkic.star.0199
KhorasanTurkic_khor1269,star,turkic.star.0199
KhorasanTurkic_khor1269,star,turkic.star.0199
KhorasanTurkic_khor1269,star,turkic.star.0199
KhorasanTurkic_khor1269,star,turkic.star.0199
KhorasanTurkic_khor1269,star,turkic.star.0199
KhorasanTurkic_khor1269,star,turkic.star.0199
KhorasanTurkic_khor1269,star,turkic.star.0199
KhorasanTurkic_khor1269,star,turkic.star.0199
KhorasanTurkic_khor1269,star,turkic.star.0199
KhorasanTurkic_khor1269,star,turkic.star.0199
KhorasanTurkic_khor1269,star,turkic.star.0199
KhorasanTurkic_khor1269,star,turkic.star.0199
KhorasanTurkic_khor1269,star,turkic.star.0199
KhorasanTurkic_khor1269,star,turkic.star.0199
KhorasanTurkic_khor1269,star,turkic.star.0199
KhorasanTurkic_khor1269,star,turkic.star.0199
KhorasanTurkic_khor1269,star,turkic.star.0199
KhorasanTurkic_khor1269,star,turkic.star.0199
KhorasanTurkic_khor1269,star,turkic.star.0199
KhorasanTurkic_khor1269,star,turkic.star.0199
KhorasanTurkic_khor1269,star,turkic.star.0199
KhorasanTurkic_khor1269,star,turkic.star.0199
KhorasanTurkic_khor1269,star,turkic.star.0200
KhorasanTurkic_khor1269,star,turkic.star.0200
Kirghiz_kirg1245,star,turkic.star.0199
Kumyk_kumy1244,star,turkic.star.0199
Nogai_noga1249,star,turkic.star.0199
NorthAzerbaijani_nort2697,star,turkic.star.0199
NorthAzerbaijani_nort2697,star,turkic.star.0199
NorthAzerbaijani_nort2697,star,turkic.star.0199
NorthernAltai_nort2686,star,turkic.star.0199
NorthernUzbek_nort2690,star,turkic.star.0199
Sakha_yaku1245,star,turkic.star.0199
Salar_sala1264,star,turkic.star.0199
Shor_shor1247,star,turkic.star.0199
SouthernUzbek_sout2699,star,?
TaigaSayanTurkic_kara1462,star,turkic.star.0199
Tatar_tata1255,star,turkic.star.0199
Tatar_tata1255,star,turkic.star.0199
Tatar_tata1255,star,turkic.star.0199
TurkicKhalaj_turk1303,star,turkic.star.0199
Turkish_nucl1301,star,turkic.star.0199
Turkmen_turk1304,star,turkic.star.0199
Turkmen_turk1304,star,turkic.star.0201
Tuvinian_tuvi1240,star,turkic.star.0199
Uighur_uigh1240,star,turkic.star.0199
WestYugur_west2402,star,turkic.star.0199
AinuChina_ainu1251,stone,turkic.stone.0203
Bashkir_bash1264,stone,turkic.stone.0202
Chuvash_chuv1255,stone,turkic.stone.0202
CrimeanTatar_crim1257,stone,turkic.stone.0202
Dolgan_dolg1241,stone,turkic.stone.0202
Kara-Kalpak_kara1467,stone,turkic.stone.0202
Karachay-Balkar_kara1465,stone,turkic.stone.0202
Karaim_kara1464,stone,turkic.stone.0202
Kazakh_kaza1248,stone,turkic.stone.0202
KhorasanTurkic_khor1269,stone,turkic.stone.0202
KhorasanTurkic_khor1269,stone,turkic.stone.0202
KhorasanTurkic_khor1269,stone,turkic.stone.0202
KhorasanTurkic_khor1269,stone,turkic.stone.0202
KhorasanTurkic_khor1269,stone,turkic.stone.0202
KhorasanTurkic_khor1269,stone,turkic.stone.0202
KhorasanTurkic_khor1269,stone,turkic.stone.0202
KhorasanTurkic_khor1269,stone,turkic.stone.0202
KhorasanTurkic_khor1269,stone,turkic.stone.0202
KhorasanTurkic_khor1269,stone,turkic.stone.0202
KhorasanTurkic_khor1269,stone,turkic.stone.0202
KhorasanTurkic_khor1269,stone,turkic.stone.0202
KhorasanTurkic_khor1269,stone,turkic.stone.0202
KhorasanTurkic_khor1269,stone,turkic.stone.0202
KhorasanTurkic_khor1269,stone,turkic.stone.0202
KhorasanTurkic_khor1269,stone,turkic.stone.0202
KhorasanTurkic_khor1269,stone,turkic.stone.0202
KhorasanTurkic_khor1269,stone,turkic.stone.0202
KhorasanTurkic_khor1269,stone,turkic.stone.0202
KhorasanTurkic_khor1269,stone,turkic.stone.0202
KhorasanTurkic_khor1269,stone,turkic.stone.0202
KhorasanTurkic_khor1269,stone,turkic.stone.0202
KhorasanTurkic_khor1269,stone,turkic.stone.0202
KhorasanTurkic_khor1269,stone,turkic.stone.0202
KhorasanTurkic_khor1269,stone,turkic.stone.0202
KhorasanTurkic_khor1269,stone,turkic.stone.0202
KhorasanTurkic_khor1269,stone,turkic.stone.0202
Kirghiz_kirg1245,stone,turkic.stone.0202
Kumyk_kumy1244,stone,turkic.stone.0202
Kumyk_kumy1244,stone,turkic.stone.0204
Nogai_noga1249,stone,turkic.stone.0202
Nogai_noga1249,stone,turkic.stone.0204
NorthAzerbaijani_nort2697,stone,turkic.stone.0202
NorthAzerbaijani_nort2697,stone,turkic.stone.0202
NorthAzerbaijani_nort2697,stone,turkic.stone.0202
NorthAzerbaijani_nort2697,stone,turkic.stone.0204
NorthernAltai_nort2686,stone,turkic.stone.0202
NorthernAltai_nort2686,stone,turkic.stone.0202
NorthernUzbek_nort2690,stone,turkic.stone.0202
Sakha_yaku1245,stone,turkic.stone.0202
Salar_sala1264,stone,turkic.stone.0202
Shor_shor1247,stone,turkic.stone.0202
SouthernUzbek_sout2699,stone,turkic.stone.0202
TaigaSayanTurkic_kara1462,stone,turkic.stone.0202
Tatar_tata1255,stone,turkic.stone.0202
Tatar_tata1255,stone,turkic.stone.0202
Tatar_tata1255,stone,turkic.stone.0202
TurkicKhalaj_turk1303,stone,turkic.stone.0202
Turkish_nucl1301,stone,turkic.stone.0202
Turkish_nucl1301,stone,turkic.stone.0205
Turkmen_turk1304,stone,?
Tuvinian_tuvi1240,stone,turkic.stone.0202
Uighur_uigh1240,stone,turkic.stone.0202
WestYugur_west2402,stone,turkic.stone.0202
AinuChina_ainu1251,sun,turkic.sun.0207
Bashkir_bash1264,sun,turkic.sun.0209
Chuvash_chuv1255,sun,turkic.sun.0211
CrimeanTatar_crim1257,sun,turkic.sun.0206
Dolgan_dolg1241,sun,turkic.sun.0206
Kara-Kalpak_kara1467,sun,turkic.sun.0209
Karachay-Balkar_kara1465,sun,turkic.sun.0206
Karaim_kara1464,sun,turkic.sun.0206
Kazakh_kaza1248,sun,turkic.sun.0206
KhorasanTurkic_khor1269,sun,turkic.sun.0206
KhorasanTurkic_khor1269,sun,turkic.sun.0206
KhorasanTurkic_khor1269,sun,turkic.sun.0206
KhorasanTurkic_khor1269,sun,turkic.sun.0206
KhorasanTurkic_khor1269,sun,turkic.sun.0206
KhorasanTurkic_khor1269,sun,turkic.sun.0206
KhorasanTurkic_khor1269,sun,turkic.sun.0206
KhorasanTurkic_khor1269,sun,turkic.sun.0206
KhorasanTurkic_khor1269,sun,turkic.sun.0206
KhorasanTurkic_khor1269,sun,turkic.sun.0206
KhorasanTurkic_khor1269,sun,turkic.sun.0206
KhorasanTurkic_khor1269,sun,turkic.sun.0206
KhorasanTurkic_khor1269,sun,turkic.sun.0206
KhorasanTurkic_khor1269,sun,turkic.sun.0206
KhorasanTurkic_khor1269,sun,turkic.sun.0206
KhorasanTurkic_khor1269,sun,turkic.sun.0206
KhorasanTurkic_khor1269,sun,turkic.sun.0206
KhorasanTurkic_khor1269,sun,turkic.sun.0206
KhorasanTurkic_khor1269,sun,turkic.sun.0206
KhorasanTurkic_khor1269,sun,turkic.sun.0206
KhorasanTurkic_khor1269,sun,turkic.sun.0206
KhorasanTurkic_khor1269,sun,turkic.sun.0206
KhorasanTurkic_khor1269,sun,turkic.sun.0208
KhorasanTurkic_khor1269,sun,turkic.sun.0208
KhorasanTurkic_khor1269,sun,turkic.sun.0210
KhorasanTurkic_khor1269,sun,turkic.sun.0210
KhorasanTurkic_khor1269,sun,turkic.sun.0210
KhorasanTurkic_khor1269,sun,turkic.sun.0213
KhorasanTurkic_khor1269,sun,turkic.sun.0214
Kirghiz_kirg1245,sun,turkic.sun.0206
Kumyk_kumy1244,sun,turkic.sun.0206
Kumyk_kumy1244,sun,turkic.sun.0208
Nogai_noga1249,sun,turkic.sun.0212
NorthAzerbaijani_nort2697,sun,turkic.sun.0208
NorthAzerbaijani_nort2697,sun,turkic.sun.0208
NorthAzerbaijani_nort2697,sun,turkic.sun.0208
NorthernAltai_nort2686,sun,turkic.sun.0206
NorthernUzbek_nort2690,sun,turkic.sun.0206
Sakha_yaku1245,sun,turkic.sun.0206
Salar_sala1264,sun,turkic.sun.0206
Shor_shor1247,sun,turkic.sun.0206
SouthernUzbek_sout2699,sun,turkic.sun.0209
TaigaSayanTurkic_kara1462,sun,turkic.sun.0206
Tatar_tata1255,sun,turkic.sun.0209
Tatar_tata1255,sun,turkic.sun.0209
Tatar_tata1255,sun,turkic.sun.0209
TurkicKhalaj_turk1303,sun,turkic.sun.0206
Turkish_nucl1301,sun,turkic.sun.0206
Turkmen_turk1304,sun,turkic.sun.0206
Tuvinian_tuvi1240,sun,turkic.sun.0206
Uighur_uigh1240,sun,turkic.sun.0209
WestYugur_west2402,sun,turkic.sun.0206
AinuChina_ainu1251,tongue,turkic.tongue.0216
Bashkir_bash1264,tongue,turkic.tongue.0215
Chuvash_chuv1255,tongue,turkic.tongue.0217
CrimeanTatar_crim1257,tongue,turkic.tongue.0215
Dolgan_dolg1241,tongue,turkic.tongue.0215
Kara-Kalpak_kara1467,tongue,turkic.tongue.0215
Karachay-Balkar_kara1465,tongue,turkic.tongue.0215
Karaim_kara1464,tongue,turkic.tongue.0215
Kazakh_kaza1248,tongue,turkic.tongue.0215
KhorasanTurkic_khor1269,tongue,turkic.tongue.0215
KhorasanTurkic_khor1269,tongue,turkic.tongue.0215
KhorasanTurkic_khor1269,tongue,turkic.tongue.0215
KhorasanTurkic_khor1269,tongue,turkic.tongue.0215
KhorasanTurkic_khor1269,tongue,turkic.tongue.0215
KhorasanTurkic_khor1269,tongue,turkic.tongue.0215
KhorasanTurkic_khor1269,tongue,turkic.tongue.0215
KhorasanTurkic_khor1269,tongue,turkic.tongue.0215
KhorasanTurkic_khor1269,tongue,turkic.tongue.0215
KhorasanTurkic_khor1269,tongue,turkic.tongue.0215
KhorasanTurkic_khor1269,tongue,turkic.tongue.0215
KhorasanTurkic_khor1269,tongue,turkic.tongue.0215
KhorasanTurkic_khor1269,tongue,turkic.tongue.0215
KhorasanTurkic_khor1269,tongue,turkic.tongue.0215
KhorasanTurkic_khor1269,tongue,turkic.tongue.0215
KhorasanTurkic_khor1269,tongue,turkic.tongue.0215
KhorasanTurkic_khor1269,tongue,turkic.tongue.0215
KhorasanTurkic_khor1269,tongue,turkic.tongue.0215
KhorasanTurkic_khor1269,tongue,turkic.tongue.0215
KhorasanTurkic_khor1269,tongue,turkic.tongue.0215
KhorasanTurkic_khor1269,tongue,turkic.tongue.0216
Kirghiz_kirg1245,tongue,turkic.tongue.0215
Kumyk_kumy1244,tongue,turkic.tongue.0215
Nogai_noga1249,tongue,turkic.tongue.0215
NorthAzerbaijani_nort2697,tongue,turkic.tongue.0215
NorthAzerbaijani_nort2697,tongue,turkic.tongue.0215
NorthAzerbaijani_nort2697,tongue,turkic.tongue.0215
NorthernAltai_nort2686,tongue,turkic.tongue.0215
NorthernUzbek_nort2690,tongue,turkic.tongue.0215
Sakha_yaku1245,tongue,turkic.tongue.0215
Salar_sala1264,tongue,turkic.tongue.0215
Shor_shor1247,tongue,turkic.tongue.0215
SouthernUzbek_sout2699,tongue,turkic.tongue.0215
TaigaSayanTurkic_kara1462,tongue,turkic.tongue.0215
Tatar_tata1255,tongue,turkic.tongue.0215
Tatar_tata1255,tongue,turkic.tongue.0215
Tatar_tata1255,tongue,turkic.tongue.0215
TurkicKhalaj_turk1303,tongue,turkic.tongue.0215
Turkish_nucl1301,tongue,turkic.tongue.0215
Turkish_nucl1301,tongue,turkic.tongue.0216
Turkmen_turk1304,tongue,?
Tuvinian_tuvi1240,tongue,turkic.tongue.0215
Uighur_uigh1240,tongue,?
WestYugur_west2402,tongue,turkic.tongue.0215
AinuChina_ainu1251,tooth,turkic.tooth.0219
Bashkir_bash1264,tooth,turkic.tooth.0218
Chuvash_chuv1255,tooth,turkic.tooth.0220
CrimeanTatar_crim1257,tooth,turkic.tooth.0218
Dolgan_dolg1241,tooth,turkic.tooth.0218
Kara-Kalpak_kara1467,tooth,turkic.tooth.0218
Karachay-Balkar_kara1465,tooth,turkic.tooth.0218
Karaim_kara1464,tooth,turkic.tooth.0218
Kazakh_kaza1248,tooth,turkic.tooth.0218
KhorasanTurkic_khor1269,tooth,turkic.tooth.0218
KhorasanTurkic_khor1269,tooth,turkic.tooth.0218
KhorasanTurkic_khor1269,tooth,turkic.tooth.0218
KhorasanTurkic_khor1269,tooth,turkic.tooth.0218
KhorasanTurkic_khor1269,tooth,turkic.tooth.0218
KhorasanTurkic_khor1269,tooth,turkic.tooth.0218
KhorasanTurkic_khor1269,tooth,turkic.tooth.0218
KhorasanTurkic_khor1269,tooth,turkic.tooth.0218
KhorasanTurkic_khor1269,tooth,turkic.tooth.0218
KhorasanTurkic_khor1269,tooth,turkic.tooth.0218
KhorasanTurkic_khor1269,tooth,turkic.tooth.0218
KhorasanTurkic_khor1269,tooth,turkic.tooth.0218
KhorasanTurkic_khor1269,tooth,turkic.tooth.0218
KhorasanTurkic_khor1269,tooth,turkic.tooth.0218
KhorasanTurkic_khor1269,tooth,turkic.tooth.0218
KhorasanTurkic_khor1269,tooth,turkic.tooth.0218
KhorasanTurkic_khor1269,tooth,turkic.tooth.0218
KhorasanTurkic_khor1269,tooth,turkic.tooth.0218
KhorasanTurkic_khor1269,tooth,turkic.tooth.0218
KhorasanTurkic_khor1269,tooth,turkic.tooth.0218
KhorasanTurkic_khor1269,tooth,turkic.tooth.0218
Kirghiz_kirg1245,tooth,turkic.tooth.0218
Kumyk_kumy1244,tooth,turkic.tooth.0218
Nogai_noga1249,tooth,turkic.tooth.0218
NorthAzerbaijani_nort2697,tooth,turkic.tooth.0218
NorthAzerbaijani_nort2697,tooth,turkic.tooth.0218
NorthAzerbaijani_nort2697,tooth,turkic.tooth.0218
NorthernAltai_nort2686,tooth,turkic.tooth.0218
NorthernUzbek_nort2690,tooth,turkic.tooth.0218
Sakha_yaku1245,tooth,turkic.tooth.0218
Salar_sala1264,tooth,turkic.tooth.0218
Shor_shor1247,tooth,turkic.tooth.0218
SouthernUzbek_sout2699,tooth,?
TaigaSayanTurkic_kara1462,tooth,turkic.tooth.0218
Tatar_tata1255,tooth,turkic.tooth.0218
Tatar_tata1255,tooth,turkic.tooth.0218
Tatar_tata1255,tooth,turkic.tooth.0218
TurkicKhalaj_turk1303,tooth,turkic.tooth.0218
Turkish_nucl1301,tooth,turkic.tooth.0218
Turkmen_turk1304,tooth,?
Tuvinian_tuvi1240,tooth,turkic.tooth.0218
Uighur_uigh1240,tooth,turkic.tooth.0218
WestYugur_west2402,tooth,turkic.tooth.0218
AinuChina_ainu1251,tree,turkic.tree.0222
Bashkir_bash1264,tree,turkic.tree.0224
Chuvash_chuv1255,tree,turkic.tree.0224
CrimeanTatar_crim1257,tree,turkic.tree.0224
Dolgan_dolg1241,tree,turkic.tree.0224
Kara-Kalpak_kara1467,tree,turkic.tree.0224
Karachay-Balkar_kara1465,tree,turkic.tree.0223
Karaim_kara1464,tree,turkic.tree.0223
Kazakh_kaza1248,tree,turkic.tree.0224
Kazakh_kaza1248,tree,turkic.tree.0224
KhorasanTurkic_khor1269,tree,turkic.tree.0221
KhorasanTurkic_khor1269,tree,turkic.tree.0221
KhorasanTurkic_khor1269,tree,turkic.tree.0221
KhorasanTurkic_khor1269,tree,turkic.tree.0221
KhorasanTurkic_khor1269,tree,turkic.tree.0221
KhorasanTurkic_khor1269,tree,turkic.tree.0221
KhorasanTurkic_khor1269,tree,turkic.tree.0221
KhorasanTurkic_khor1269,tree,turkic.tree.0221
KhorasanTurkic_khor1269,tree,turkic.tree.0221
KhorasanTurkic_khor1269,tree,turkic.tree.0221
KhorasanTurkic_khor1269,tree,turkic.tree.0221
KhorasanTurkic_khor1269,tree,turkic.tree.0221
KhorasanTurkic_khor1269,tree,turkic.tree.0221
KhorasanTurkic_khor1269,tree,turkic.tree.0221
KhorasanTurkic_khor1269,tree,turkic.tree.0221
KhorasanTurkic_khor1269,tree,turkic.tree.0221
KhorasanTurkic_khor1269,tree,turkic.tree.0221
KhorasanTurkic_khor1269,tree,turkic.tree.0221
KhorasanTurkic_khor1269,tree,turkic.tree.0221
KhorasanTurkic_khor1269,tree,turkic.tree.0221
KhorasanTurkic_khor1269,tree,turkic.tree.0221
KhorasanTurkic_khor1269,tree,turkic.tree.0221
Kirghiz_kirg1245,tree,turkic.tree.0223
Kumyk_kumy1244,tree,turkic.tree.0221
Nogai_noga1249,tree,turkic.tree.0221
NorthAzerbaijani_nort2697,tree,turkic.tree.0221
NorthAzerbaijani_nort2697,tree,turkic.tree.0223
NorthAzerbaijani_nort2697,tree,turkic.tree.0223
NorthAzerbaijani_nort2697,tree,turkic.tree.0223
NorthernAltai_nort2686,tree,turkic.tree.0224
NorthernUzbek_nort2690,tree,turkic.tree.0221
Sakha_yaku1245,tree,turkic.tree.0224
Salar_sala1264,tree,turkic.tree.0225
Shor_shor1247,tree,turkic.tree.0224
SouthernUzbek_sout2699,tree,turkic.tree.0221
SouthernUzbek_sout2699,tree,turkic.tree.0223
TaigaSayanTurkic_kara1462,tree,turkic.tree.0226
Tatar_tata1255,tree,turkic.tree.0223
Tatar_tata1255,tree,turkic.tree.0223
Tatar_tata1255,tree,turkic.tree.0224
TurkicKhalaj_turk1303,tree,turkic.tree.0223
Turkish_nucl1301,tree,turkic.tree.0227
Turkmen_turk1304,tree,turkic.tree.0228
Tuvinian_tuvi1240,tree,turkic.tree.0226
Uighur_uigh1240,tree,turkic.tree.0221
WestYugur_west2402,tree,turkic.tree.0221
AinuChina_ainu1251,two,turkic.two.0230
Bashkir_bash1264,two,turkic.two.0229
Chuvash_chuv1255,two,turkic.two.0229
Chuvash_chuv1255,two,turkic.two.0229
CrimeanTatar_crim1257,two,turkic.two.0229
Dolgan_dolg1241,two,turkic.two.0229
Kara-Kalpak_kara1467,two,turkic.two.0229
Karachay-Balkar_kara1465,two,turkic.two.0229
Karaim_kara1464,two,turkic.two.0229
Kazakh_kaza1248,two,turkic.two.0229
KhorasanTurkic_khor1269,two,turkic.two.0229
KhorasanTurkic_khor1269,two,turkic.two.0229
KhorasanTurkic_khor1269,two,turkic.two.0229
KhorasanTurkic_khor1269,two,turkic.two.0229
KhorasanTurkic_khor1269,two,turkic.two.0229
KhorasanTurkic_khor1269,two,turkic.two.0229
KhorasanTurkic_khor1269,two,turkic.two.0229
KhorasanTurkic_khor1269,two,turkic.two.0229
KhorasanTurkic_khor1269,two,turkic.two.0229
KhorasanTurkic_khor1269,two,turkic.two.0229
KhorasanTurkic_khor1269,two,turkic.two.0229
KhorasanTurkic_khor1269,two,turkic.two.0229
KhorasanTurkic_khor1269,two,turkic.two.0229
KhorasanTurkic_khor1269,two,turkic.two.0229
KhorasanTurkic_khor1269,two,turkic.two.0229
KhorasanTurkic_khor1269,two,turkic.two.0229
KhorasanTurkic_khor1269,two,turkic.two.0229
KhorasanTurkic_khor1269,two,turkic.two.0229
KhorasanTurkic_khor1269,two,turkic.two.0229
KhorasanTurkic_khor1269,two,turkic.two.0229
KhorasanTurkic_khor1269,two,turkic.two.0229
KhorasanTurkic_khor1269,two,turkic.two.0229
KhorasanTurkic_khor1269,two,turkic.two.0229
Kirghiz_kirg1245,two,turkic.two.0229
Kumyk_kumy1244,two,turkic.two.0229
Nogai_noga1249,two,turkic.two.0229
NorthAzerbaijani_nort2697,two,turkic.two.0229
NorthAzerbaijani_nort2697,two,turkic.two.0229
NorthAzerbaijani_nort2697,two,turkic.two.0229
NorthernAltai_nort2686,two,turkic.two.0229
NorthernAltai_nort2686,two,turkic.two.0229
NorthernUzbek_nort2690,two,turkic.two.0229
Sakha_yaku1245,two,turkic.two.0229
Salar_sala1264,two,turkic.two.0229
Shor_shor1247,two,turkic.two.0229
SouthernUzbek_sout2699,two,turkic.two.0229
TaigaSayanTurkic_kara1462,two,turkic.two.0229
Tatar_tata1255,two,turkic.two.0229
Tatar_tata1255,two,turkic.two.0229
Tatar_tata1255,two,turkic.two.0229
TurkicKhalaj_turk1303,two,turkic.two.0229
Turkish_nucl1301,two,turkic.two.0229
Turkmen_turk1304,two,turkic.two.0229
Tuvinian_tuvi1240,two,turkic.two.0229
Uighur_uigh1240,two,turkic.two.0229
WestYugur_west2402,two,turkic.two.0229
AinuChina_ainu1251,water,turkic.water.0231
Bashkir_bash1264,water,turkic.water.0231
Bashkir_bash1264,water,turkic.water.0231
Chuvash_chuv1255,water,turkic.water.0231
Chuvash_chuv1255,water,turkic.water.0232
CrimeanTatar_crim1257,water,turkic.water.0231
Dolgan_dolg1241,water,turkic.water.0231
Kara-Kalpak_kara1467,water,turkic.water.0231
Karachay-Balkar_kara1465,water,turkic.water.0231
Karaim_kara1464,water,turkic.water.0231
Kazakh_kaza1248,water,turkic.water.0231
Kazakh_kaza1248,water,turkic.water.0231
KhorasanTurkic_khor1269,water,turkic.water.0231
KhorasanTurkic_khor1269,water,turkic.water.0231
KhorasanTurkic_khor1269,water,turkic.water.0231
KhorasanTurkic_khor1269,water,turkic.water.0231
KhorasanTurkic_khor1269,water,turkic.water.0231
KhorasanTurkic_khor1269,water,turkic.water.0231
KhorasanTurkic_khor1269,water,turkic.water.0231
KhorasanTurkic_khor1269,water,turkic.water.0231
KhorasanTurkic_khor1269,water,turkic.water.0231
KhorasanTurkic_khor1269,water,turkic.water.0231
KhorasanTurkic_khor1269,water,turkic.water.0231
KhorasanTurkic_khor1269,water,turkic.water.0231
KhorasanTurkic_khor1269,water,turkic.water.0231
KhorasanTurkic_khor1269,water,turkic.water.0231
KhorasanTurkic_khor1269,water,turkic.water.0231
KhorasanTurkic_khor1269,water,turkic.water.0231
KhorasanTurkic_khor1269,water,turkic.water.0231
KhorasanTurkic_khor1269,water,turkic.water.0231
KhorasanTurkic_khor1269,water,turkic.water.0231
KhorasanTurkic_khor1269,water,turkic.water.0231
KhorasanTurkic_khor1269,water,turkic.water.0231
KhorasanTurkic_khor1269,water,turkic.water.0231
Kirghiz_kirg1245,water,turkic.water.0231
Kumyk_kumy1244,water,turkic.water.0231
Nogai_noga1249,water,turkic.water.0231
NorthAzerbaijani_nort2697,water,turkic.water.0231
NorthAzerbaijani_nort2697,water,turkic.water.0231
NorthAzerbaijani_nort2697,water,turkic.water.0231
NorthernAltai_nort2686,water,turkic.water.0231
NorthernAltai_nort2686,water,turkic.water.0233
NorthernUzbek_nort2690,water,turkic.water.0231
Sakha_yaku1245,water,turkic.water.0231
Salar_sala1264,water,turkic.water.0231
Shor_shor1247,water,turkic.water.0231
SouthernUzbek_sout2699,water,turkic.water.0231
TaigaSayanTurkic_kara1462,water,turkic.water.0231
Tatar_tata1255,water,turkic.water.0231
Tatar_tata1255,water,turkic.water.0231
Tatar_tata1255,water,turkic.water.0231
TurkicKhalaj_turk1303,water,turkic.water.0231
Turkish_nucl1301,water,turkic.water.0231
Turkmen_turk1304,water,turkic.water.0231
Turkmen_turk1304,water,turkic.water.0234
Tuvinian_tuvi1240,water,turkic.water.0231
Uighur_uigh1240,water,turkic.water.0231
WestYugur_west2402,water,turkic.water.0231
