Glottocode	Doculect
aari1239	ARI
aasa1238	AASAX
abad1241	GABADI
abag1245	ABAGA
aban1242	ABANYOM
abar1238	MISSONG
abau1245	ABAU_2
abaz1241	ABAZA
abee1242	ABBEY
abid1235	ABIDJI_2
abin1243	ABINOMN
abip1241	ABIPON
abkh1244	ABKHAZ_2
abro1238	ABRON_2
abua1244	ABUA
abua1245	ABU_2
abui1241	ABUI
abur1243	ABURE_3
acat1239	TEOCUITLAPA_MEPHAA
acha1249	ACHANG
acha1250	ACHAGUA
ache1246	ACHE
achi1256	KICHEE_RABINAL
achi1257	ACEH
achu1247	ACHUMAWI
achu1248	ACHUAR
acol1236	ACHOLI
adam1253	FULFULDE_ADAMAWA
adan1247	DANGME
adan1248	ADANGBE
adan1251	ADANG
adho1243	ADHOLA
adio1239	ADIOUKROU_2
adiv1239	ORIYA_KOTIA
adyg1241	ADYGHE_2
adze1240	ADZERA
afar1241	AFAR
afit1238	AFITTI
afri1274	AFRIKAANS
agar1252	GADSUP_AGARABI
aghe1239	AGHEM_2
aghu1253	AGUL
aghu1256	AGHU_THARRNGGALA
agii1245	AGI_AGEI
agob1244	AGOB_DABU
agoi1246	AGOI
agua1252	AGUACATEC
agua1253	AGUARUNA
agwa1247	AGWAGWUNE_5
ahan1243	AHANTE
aheu1239	THAVUNG_SO
ahin1234	KALLAHAN_KAYAPA_PROPER
ahte1237	AHTNA
ahwa1235	NDUN
aich1238	TAIYANG_AI_CHAM_2
aika1237	AIKANA
aime1238	AIMELE
ainu1240	HOKKAIDO_AINU
ainu1251	AYNU
aiom1240	AIOME
airo1242	ADORA
ajab1235	AJAGBE
ajas1235	AJA
ajie1238	AJIE
ajyi1238	AJYININKA_APURUCAYALI
akab1248	AKA_BO
akab1249	AKA_BEA
akac1240	AKA_CARI
akak1251	AKA_KORA
akak1252	AKA_KEDE
akak1253	AKA_KOL
akan1250	TWI_ASANTE
akar1243	AKAR_BALE
akaw1239	AKAWAIO_2
akee1238	AKE
akei1237	AKEI
akha1245	AKHA
akhv1239	AKHVAKH
akka1240	AKKADIAN
akkk1240	AK
akla1241	AKLANON
akol1237	AKOLET
akoo1248	BAKOSSI
akoy1238	LOHIKI
akpe1248	AKUNNU
akru1241	AKUKRAY
akum1238	AKUM
alab1237	ALABAMA
alag1248	ALAGWA
alam1246	ALAMBLAK
alba1267	STANDARD_ALBANIAN
alco1235	MIXTEC_ALCOZAUCA
alek1238	ALEKANO
aleu1260	ALEUT
alge1239	DELLYS
algo1255	ALGONQUIN
alii1240	ALI
alla1248	ALLADIAN_2
aloa1235	ALOAPAM_ZAPOTEC
alor1247	ALOR
alse1251	ALSEA
alum1246	TESU
alun1238	ALUNE
alur1250	ALUR
alut1245	ALUTOR
alya1239	ALYAWARRA
amah1245	AMAHAI
amah1246	AMAHUACA
amai1246	AMAIMON
amap1240	AMA_3
amar1271	AMURDAK
amar1272	AMARA
amar1274	AMARAKAERI
amas1236	AMA_AFRICA
amat1238	AMATLAN_ZAPOTEC
amba1265	AMBAI
amba1269	AMBAKICH
ambe1247	AMBELE_2
ambl1237	AMBLONG
ambo1250	AMBONESE_MALAY
ambu1247	AMBULAS
amda1238	AMDANG
amdo1237	MAQU_TIBETAN
amel1241	AMELE
amga1235	IFUGAO_AMGANAD
amha1245	AMHARIC
amis1246	C_AMIS
amol1235	AMOL
amoo1242	AMO
ampa1238	AMPARI_PA
amri1238	AMRI_KARBI
amun1246	AMONDAVA
anaa1238	ANAANG
anak1240	ANAKALANG
anam1247	PONDOMA
anam1248	IKUNDUN
anat1248	ANA_TINGA
anci1242	GREEK_ANCIENT
anci1244	BIBLICAL_HEBREW
anda1284	ANDARUM
anda1286	ANDAQUI
andi1255	ANDI
andr1248	HUS
anei1239	ANEITYUM_2
anem1248	ANEME_WAKE
anem1249	ANEM
anfi1235	SOUTHERN_MAO
anga1290	ANGAATAHA
anga1292	ANGAL_HENENG
anga1293	ANGAL
anga1316	SANAPANA_ANGAITE
angg1239	ANGGURUK_YALI
ango1254	ANGOR
ango1255	ANGORAM_2
angu1242	ANGUTHIMRI
anii1245	ANII
anii1246	ANI
anim1239	ANIMERE
anka1246	ANKAVE
anor1241	ANOR_2
ansu1237	ANSUS
anta1255	MALAGASY_ANATANKARANA_ANTALAHA
anua1242	ANYUAK
anuf1239	ANUFO
anuk1239	ANUKI
anut1237	ANUTA
anuu1241	HKONGSO
anyi1245	ANYI
aore1237	AORE
aoua1234	ZHENFENG_GELAO
apal1256	EMERUM
apal1257	APALAI
apat1240	APATANI
apia1248	APIAKA
apin1244	APINAYE
apma1240	APMA
apma1241	AP_MA
apuc1241	SOUTH_ANDAMAN
apur1254	APURINA
aput1237	APUTAI
arab1268	ARABELA
arag1245	ARAGONESE
arak1252	ARAKI
aral1243	ARALLE
aran1237	ARANDAI_TAROF
arao1248	ARAONA
arap1274	ARAPAHO
araw1272	ARAWUM
araw1273	ARAWETE
araw1276	LOKONO
arbo1245	ARBORE
arch1244	ARCHI
area1240	MARAU
aree1239	ARE
argo1244	ARGOBBA
argu1237	ARGUNI
arhu1242	IKA
arib1241	ARIBWATSA
arig1246	ARIGIDI
arii1243	GOGODALA_ARI
arik1262	ARIKARA
arik1265	ARIKAPU
arin1243	ARIN
arin1244	ARINGA_2
arom1237	VLACH
arop1242	AROP_SISSANO
arop1243	LUKEP
aros1241	ONEIBIA_AROSI
arua1260	MIKAREW
arue1240	ARUEK
aruo1240	SRENGE
arut1244	AWAKE
asar1240	ASARO7O
asas1240	ASAS
asha1243	ASHANINKA
ashe1269	ITOO
ashe1272	CAMPA_DE_PERENE
ashk1246	ASHKUN
asil1242	ASILULU
assa1263	ASSAMESE
assi1247	ASSINIBOINE
asss1237	AS
assy1241	ASSYRIAN_NEO_ARAMAIC
astu1245	ASTURIAN
asum1237	ASUMBOA
asun1235	ASU_NIGERIA_2
asut1235	PARE
atak1252	ATAKAPA
atam1240	MANOBO_ATA
atay1247	ATAYAL
atem1241	ATEMPLE
athp1241	ATHPARE
atii1237	SOGODNIN_BORACAY
atik1240	ATIKAMEKW
atoh1238	KAUGAT
aton1241	A_TONG
atsu1245	ATSUGEWI
atti1239	ATTIE
atzi1235	OCUILTECO
aulu1238	AULUA
aush1241	AUSHI
aust1304	RURUTUAN
avac1239	AVA_CANOEIRO
avar1256	AVAR
avat1244	SIDEME
avau1237	AVAU
aves1237	AVESTAN_2
avik1243	AVIKAM_2
avok1242	OJILA
awab1243	AWABAKAL
awac1238	DAMANGNUO_WA
awac1239	AWA_PIT
awad1243	AWADHI
awad1244	BILIAU
awap1236	AWA_2
awar1248	AWARA
awar1249	AWAR_3
awer1241	AWERA
awin1248	AWING
awiy1238	AUYANA
awji1241	AWJILAH
awng1244	AWNGI
awtu1239	AWTUW
awun1245	AWUN
awut1241	EFUTU
awyi1241	AWJI
axam1237	AXAMB
ayac1239	ATALLA
ayau1235	SAN_BARTOLOME_AYAUTLA
ayer1245	AYERE
ayiw1239	AYIWO
ayoq1235	AYOQUESCO_ZAPOTEC
ayor1240	AYOREO_2
ayuu1242	AYU
azoy1236	AZOYU_TLAPANEC
baan1241	BAN_OGOI
baat1238	BAATONUM
baba1263	BABANGO
baba1264	BABA
baba1266	BABANKI
baba1268	SISIQA
babu1240	FAVORLANG
baca1243	BACANESE_MALAY
baca1246	BACAMA
bada1257	BADAGA
bada1258	BADA
bada1261	BADA_INDONESIA
bade1248	BADE
badi1247	TOMER
bady1239	PAJADE
baeg1237	MBAENGGUU
bael1237	MBAELELEA
baet1237	BAETORA
bafa1247	BAFAW
bafi1243	BAFIA
bafu1246	BAFUT
baga1270	BAGA_MADURI
baga1272	BAGA_SITEMU_4
baga1275	BAGA_MBOTENI
bagi1246	BAGIRMI
bago1245	BAGO_KUSUNTU
bagr1243	BAGRI
bagu1252	BAGUPI
bagv1239	BAGWALAL
baha1256	PAHA
baha1258	MBAHAM
bahi1252	BAHING
bahi1254	BAHINEMO_2
bahn1262	BAHNAR_2
baii1251	BAI_2
baik1238	BAIKENO
baim1244	WUJIAO_BAIMA
baim1245	BAIMAK
bain1259	BAINOUNK_GUJAHER
bain1261	BAYNUNK_GUNYAAMOLO_4
bais1246	BAISO_3
baka1272	BAKA_3
baka1273	BAKAKA
baka1274	BAKA_SUDAN
baka1277	BAKAIRI
bakh1245	BAKHTIARI
baki1244	BAKI
bako1250	BAKOLE
bakp1238	BAKPINKA
bakw1243	BAKWE
bala1301	BALANTA
bala1302	BALANTA_FCA_3
bala1310	BALANGAW
bala1311	BALANGINGI_SAMA
bala1314	BALAESANG
bali1245	BALI_NIGERIA
bali1278	BALI
balk1252	CRIMEAN_ROMANI
balo1261	ZAMBA
balo1264	BALO
balt1257	LATVIAN_ROMANI
balt1258	WESTERN_BALTI
balu1257	BALUAN_PAM
bamb1262	NORTHERN_MAO
bamb1266	BAMBILI
bamb1269	BAMBARA_4
bamb1270	TAORA
bame1260	BAMENYAM
bamu1253	SHUPAMEM
bamu1257	BAMU
bamw1238	BAMWE_2
bana1292	BANARO
bana1305	BANA
band1340	BANDIAL
band1342	SABANGA
band1343	GBAMBIYA
band1344	LINDA_3
band1345	TANGBAGO
band1348	BANDA_YANGERE
band1352	BANDI
band1353	AI_BANDA
band1355	ELAT_KEI_BESAR
bang1345	BANGBA_3
bang1347	BANGANDU
bang1350	BANGUBANGU
bang1353	BANGALA
bang1354	BOBANGI
bang1363	BANGI_ME
bang1365	LOM
bang1368	BANGGAI
bani1255	BANIWA
banj1239	BANJARESE_MALAY
bank1256	BANKON
bank1258	BANKAGOMA
bank1259	BANKAN_TEY
bann1247	BANONI
bant1281	BANTAWA
bant1286	BANTIK
baou1238	BAULE_2
bara1362	VARAMA
bara1369	MALAGASY_BARA
bara1380	BARASANO
barb1263	CHUMASH_BARBARENO
bard1255	BARDI
bare1276	BARE
barg1252	MUGIL
bari1284	NYANGGWARA
bari1286	BARIAI
bari1297	BARI_COLUMBIA
bari1298	OMATI
baro1252	BAROMBI
baro1253	BAROK
baru1267	BARUYA
baru1269	TAFOTA_BARUGA
basa1284	BASAA_2
bash1264	BASHKIR
bask1236	BASKETO
basq1248	BASQUE
bass1258	BASARI
bass1260	MIENGE
bata1285	BATANGA
bata1289	TOBA_BATAK
bata1292	BATA_ALAS_KLUET
bata1293	KARO_BATAK
bata1298	IFUGAO_BATAD
bata1301	BATAK_PALAWAN
bate1262	BATEK_DEQ
bats1242	BATS
batu1255	KAMINO
batu1258	BATULEY
baub1235	SINGHI
bauc1238	MADAKA
baur1252	BAURO
baur1253	BAURE
bauu1244	BAU
bauw1240	BAUWAKI
bauz1241	BAUZI_2
bawm1236	BAWM
bayo1255	BAYOT_3
bayo1260	BAYONO
beam1240	BEAMI
beav1236	BEAVER
beba1238	BEBA
bedi1235	BEDIK
bedo1237	YARIK
beem1239	BEEMBE
beez1238	BEEZEN
befa1241	MODELE
begb1241	BEGBERE_EJAR
beja1238	BEJA_2
beka1241	BEKATI
bekw1241	BEKWARRA
bekw1242	BEKWIL
bela1254	BELARUSIAN
bela1255	BELANDA_VIRI
bela1260	BELAIT
bell1243	BELLA_COOLA
bemb1257	M40TEMBA
bena1262	BENA_2
bena1264	BENABENA_2
benc1235	BENCHO
bend1258	BENDE
beng1280	BENGALI
beng1282	BENGA_2
beng1286	BENG
bent1238	BEN_TEY_DOGON
beot1247	BEOTHUK
bepo1240	BEPOUR
bera1259	BIRA
beri1254	BERIK_3
bero1242	TAHOSS
bert1248	BERTA
bert1249	BERTI
besi1244	MAH_MERI
besm1235	BESME
beta1253	BETAF
beti1248	EOTILE_BETI
bett1235	BETTA_KURUMBA_2
bezh1248	BEZHTA
biaf1240	BIAFADA
biak1248	BIAK
bian1252	BIANGAI
biao1253	SHIDONG_BIAO
biao1254	SHUANGLONG_MIEN
biao1256	DONGSHAN_BIAO_MON
biat1246	BIATAH_BIDAYUH
bidi1241	BIDIYA
bidy1243	BIDJARA
bidy1244	BIJOGO
bier1244	BIEREBO_TAVIO
bier1246	BIERIA_VOVO
biga1238	BIGA
bign1238	BIG_NAMBAS_UNMET
bila1257	BILAKURA
bilb1241	BILBIL
bile1244	BILE
bili1260	BILIN
bilo1248	BILOXI
bilu1244	BILUR
bilu1245	BILUA
bima1247	BIMA
bimi1240	BIMIN
bina1271	BINA
bina1277	BINANDERE
bine1240	BINE_KUNINI
bini1246	EDO
bino1237	ITNEG_BINONGAN
bint1246	BINTULU
binu1244	BINUKID
binu1245	TAIRORA_BINUMARIEN
bipi1237	BIPI
bira1253	ONGOTA
bira1254	MBIRAO
birg1239	BIRGIT
biri1259	BIRITAI
birk1242	BIRKED
birr1240	BIRRI_C_AFRICAN_REP
bise1238	BISENI
bisi1244	BISIS
biss1248	BISA
bisu1244	BISU
bitt1240	BIT
biwa1243	BIWAT_3
biyo1243	BIYUE
biyo1244	BIYOM
blab1237	BLABLANGA
blag1240	BLAGAR
blan1242	PLANG
boan1243	BOANO
bobo1254	BOBOT
bodo1267	BODO_GADABA
bodo1269	BODO_INDIA
bodo1272	BODO
boga1247	BOGAYA
boga1251	BOGA
bogh1241	BOGHOM
boik1241	KWUSAUN
boko1266	BOKO
boko1267	BOKOBARU
boky1238	BOKI
bola1250	BOLA
bolg1251	BOLGO
boli1255	BOLIA
bolo1262	C36E_BOLOKI_NGIRI
bolo1263	BOLONDO
bolo1266	BOLON
boly1239	PALIU
boma1246	KEMPEE
bomb1262	BOMBOMA
bomi1238	LEKE
bomk1234	BOM_2
bomu1247	BOMU
bomw1238	BOMWALI_2
bond1245	REMO
bond1246	BUDUKU_KULANGO
bond1247	BONDEI
bond1248	BONDUM_DOM_2
bone1254	BONERATE
bone1255	BENARAF
bong1282	BON_GULA
bong1284	BONGILI_1
bong1285	BONGO
bong1287	BONGGO
bong1291	BONGU
bonj1234	IMPFONDO
bora1263	BORA
bora1271	BORANA_OROMO_2
bord1248	CUNA
bore1247	GAMEI_2
borg1235	BORGU_FULFULDE
bori1243	BOKAR
boro1277	SHINASSHA
boro1279	BORONG
boro1282	BORORO
boru1244	RUKUL
boru1252	BORUCA
bosn1245	BOSNIAN
bosn1248	BOSMAN
botl1242	BOTLIKH
boto1242	SAMBAL_BOTOLAN
boun1243	KULANGO_BOUNA
bouy1240	YAY
brah1256	BRAHUI
brem1238	BUNABUN
brer1240	BRERI
bret1244	BRETON
brib1243	BRIBRI
brok1247	BROK_SKAD
broo1239	BROOKES_POINT_PALAWAN
brun1242	BRUNEI
brun1245	BISAYA_BRUNEI
buaa1245	BUA
buam1238	BWAMU_2
bube1242	BUBE
bubi1250	XEBIA
budo1241	BUDONG_BUDONG
budu1248	BUDUKH
budu1250	BUDU_2
budu1265	BUDUMA
budz1238	EGBUTA
buga1247	BUGAN
buga1250	BUKAUA
bugh1239	BUGHOTU
bugi1244	BUGINESE
bugu1246	BUGUN
buhi1243	BUHI
buhu1237	BUHUTU
bujh1238	BUJHYAL
buka1257	BUKAR_SADONG_BIDAYUH
buka1261	BUKAT
buki1248	BUKITAN
buki1249	BUKIYIP
buku1249	BUKUSU
bulg1262	BULGARIAN_2
buli1254	BULI_GHANA
buli1255	BULI
bull1247	MMANI_2
bulo1242	STIENG
bulu1251	BULU
buma1247	BUMANG
bumm1238	BUM
buna1273	BUNU
buna1275	BUNABA
buna1276	BUNAMA
buna1277	BUNA
bung1264	BUNGANDITJ
bung1265	BUNGU
bung1270	BUNGAIN
bunn1240	BUN
buno1241	BUNOGE
bunu1267	BUNUN
buol1237	BUOL
bura1267	BURARRA
bura1271	BURAK_2
bura1276	BURATE
bura1292	BURA
bure1242	BURE
burj1242	BURJI
burm1263	BURMBAR
buru1296	BURUSHASKI
buru1299	BURU
buru1301	BURUN
buru1303	BURU_MASARETE
buru1306	MINDIK
buru1307	BURUMAKOK
buru1320	BURUNGE
busa1253	ILLO_BUSA
bush1247	BUSHOONG
buso1238	BUSOA
buss1239	BUSSA_2
butm1237	TUR
butu1244	BUTUANON
buuu1244	BU_NIGERIA
buwa1243	BUWAL
buyu1239	D55_BUYU
bwaa1238	BOA_BUTA
bwai1242	BWAIDOKA
bwan1241	BWANABWANA
bwek1238	BWE_KAREN
bwel1238	BWELA
bwil1245	BWILE
bwis1242	BWISI
byan1241	BYANSI
cabe1245	CABECAR
caca1247	CACAOPERA
cacu1241	KAKUA
cadd1256	CADDO
cahu1264	CAHUILLA
cahu1268	CAHUARANO
caja1238	CHETILLA
cajo1238	CAJONOS_ZAPOTEC
cakf1236	MUSHERE
cala1258	TAGBANWA_KALAMIAN
cald1236	QUICHUA_PICHANCHA
came1252	MAMBILA_ATTA
caml1239	CAMLING
camp1261	SARDINIAN_CAMPIDANESE
camp1262	CAMPALAGIAN
cams1241	KAMSA
cana1262	QUICHUA_AZUAY
cand1248	CANDOSHI
cane1242	APANIEKRA
caom1238	SANJIANG_KAM
capa1241	CAPANAHUA
caqu1242	CAQUINTE
cara1270	CARA
cara1272	CARAPANA
cari1279	CARIJONA
carn1240	CAR
caro1242	CAROLINIAN
carp1235	SELICE_ROMANI
carr1249	CARRIER
cash1251	CASHIBO
cash1254	KAXINAWA
casi1235	CASIGURAN_NEGRITO
casu1237	CASUARINA_COAST_ASMAT
cata1286	CATAWBA
cavi1250	CAVINENA_1
cayu1241	CAYUSE
cayu1261	CAYUGA
cayu1262	CAYUBABA
ceba1235	SENUFO_CEBAARA
cebu1242	CEBUANO
cemu1238	CEMUHI
cent1972	KURDISH_CENTRAL
cent1973	KARAK_PASHTO
cent1989	KHMER
cent1990	NANCAWRI
cent1992	BUNOR
cent2004	ERYUAN_BAI
cent2009	FUSUI_CENTRAL_HONGSHUIHE_ZHUANG
cent2018	CENTRAL_EASTERN_NIGER_FULFULDE
cent2050	KANURI
cent2053	BESEMAH
cent2058	CENTRAL_MAEWO
cent2072	CENTRAL_MASELA
cent2074	SOA
cent2084	AGTA
cent2087	NAGA
cent2089	SUBANUN_SINDANGAN
cent2090	CENTRAL_TAGBANWA
cent2091	QUEZON_PALAWAN
cent2092	SAMAL
cent2098	CENTRAL_BERAWAN
cent2100	KADAZAN
cent2101	MUKAH_MELANAU
cent2117	ASMAT_CENTRAL
cent2118	AWYU_CENTRAL_TAIM
cent2126	NAHA
cent2127	C_YUPIK
cent2128	CENTRAL_SIBERIAN_YUPIK
cent2131	CENTRAL_TARAHUMARA
cent2132	NAHUATL_SAN_MIGUEL_AYOTLA
cent2134	NAHUATL_CHICONTEPEC
cent2138	POMO_CENTRAL
cent2140	CENTRAL_SIERRA_MIWOK
cent2142	PUKI
cent2144	MAZAHUA
cent2150	TUNEBO
cent2194	FIGUIG
cent2292	CENTRAL_BONTOC
cerm1238	KIRMA
chac1249	CAYAPA
chac1250	QUECHUA_CHACHAPOYAS
chac1251	CHACOBO
chad1249	NIGERIAN_ARABIC
chak1266	CHAKMA_UNNAMEDINSOURCE
chak1271	CHAKALI
chal1275	ARAMAIC
cham1309	CHAMALAL
cham1312	CHAMORRO
cham1313	CHAMBRI_4
cham1315	CHAMACOCO
cham1318	CHAMICURO
chan1310	CHANTYAL
chan1313	CHANG
chan1319	CHANGRIWA
char1269	CHARA_2
chau1259	CHAUDANGSI
chay1248	CHAYAHUITA
chay1249	MIXTEC_CHAYUCO
chec1245	CHECHEN_2
chee1238	CE
chek1238	CHEKE_HOLO
chen1259	CHENAPIAN
chen1266	CHENOUA
chep1245	CHEPANG
cher1273	CHEROKEE
chew1245	CEQ_WONG
chey1247	CHEYENNE
chhi1245	CHHINTANGE
chia1262	CHIAPANEC
chib1270	CHIBCHA
chic1270	CHICKASAW
chic1271	CHICOMUCELTEC
chic1272	CHICHIMECO
chic1273	TRIQUI_CHICAHUAXTLA
chig1238	CHIGA
chil1275	CHILISSO
chil1280	CHILCOTIN
chim1300	MARIA_CHIMALAPA
chim1301	CHIMARIKO
chim1302	TROJE
chim1309	CHIMILA
chip1241	CHIPPEWA
chip1261	CHIPEWYAN
chip1262	CHIPAYA
chiq1248	CHIQUITANO
chiq1249	QUECHUA_ANCASH_CHIQUIAN
chiq1250	MAZATEC_CHIQUIHUITLAN
chit1248	CHITIMACHA
chit1274	CHITWAN
choa1237	CHOAPAN_ZAPOTEC
choc1276	CHOCTAW
choc1279	CHOCHOTEC
chok1243	NAGA_CHOKRI
chok1245	CHOKWE
chol1282	CHOL_TILA
chol1284	CHOLON
chon1284	KASONG
chon1287	CHONYI
chor1273	CHORTI
chot1239	CHOTHE
chra1242	CHRAU
chru1239	CHRU
chua1256	DANANSHAN_HMONG
chuj1250	CHUJ
chuk1273	CHUKCHEE
chuk1274	CHUKA_2
chum1261	CHUMBURUNG
chur1257	OLD_CHURCH_SLAVONIC
chut1247	RUC_2
chuu1238	TRUKESE
chuv1255	CHUVASH_2
chuw1238	CHUWABU
ciac1237	MASIRI
ciba1236	CIBAK
cici1237	CICIPU
cimb1238	CIMBRIAN
cind1241	REGI
cine1238	CINENI
cint1239	CINTA_LARGA
cish1238	CISHINGINI
cita1245	CITAK
clal1241	CLALLAM
clas1249	ARMENIAN_CLASSICAL
clas1250	CLASSICAL_NAHUATL
clas1252	SYRIAC
clas1253	CLASSICAL_MANDAIC
clel1238	LELA
coas1295	KONJO
coas1301	OLAMENTKE
coat1238	LOWLAND_MIXE
coat1240	NAHUATL_COATEPEC_COSTALES
coca1259	KOKAMA
coch1272	COCHIMI
coeu1236	COEUR_DALENE
cofa1242	COFAN
cogu1240	KOGUI
colo1256	COLORADO
colu1241	COLUMBIA_WENATCHI
coma1245	COMANCHE
come1251	COMECRUDO
como1259	SLIAMMON
cond1242	GIDABAL
coos1249	HANIS_COOS
copa1236	CHIAPAS_ZOQUE
copa1237	TRIQUI_COPALA
copt1239	COPTIC
corn1251	CORNISH
coro1247	YANAC
cors1241	CORSICAN
cota1241	MANOBO_KALAMANSIG_COTABATO
cowl1242	COWLITZ
coyo1236	POPOLOCA_DE_SAN_VICENTE_COYOTEPEC
cree1270	CREEK
crim1257	CRIMEAN_TATAR
croa1245	CROATIAN_2
cros1244	MBEMBE
crow1244	CROW
cuaa1241	CUA
cube1242	CUBEO
cuib1242	CUIBA
culi1244	MADIJA
cung1238	CUNG
cunn1236	CUN
cupe1243	CUPENO
curr1243	CURRIPACO
cusc1236	CUZCO_GNL
cuvo1236	CUVOK
cuyo1237	CUYONON
czec1258	CZECH
daak1235	DAA
daas1238	DAASANACH
dabe1239	DABE
dadi1250	DARIBI
daga1275	DAGA_2
dagb1246	DAGBANI
dagb1248	DAGBA
dagi1241	DENGEBU
daha1245	DAHALO_2
daii1240	DAI
daka1243	DAKAKA_BAIAP
dako1258	DAKOTA
dalm1243	DALMATIAN
dalo1238	BETE_DALOA
dama1267	DAMA
damb1246	DAMBI
dame1241	DAMELI_2
damp1237	DAMPELAS
dana1252	DANAW
dana1254	DANARU
dand1238	SOUTH_BASTAR_GONDI
dang1260	DANG
dani1285	DANISH
dano1240	ASARO
daon1243	DAONDA
darf1239	NYALA
darg1241	DARGWA
dari1249	EASTERN_FARSI
darl1243	DARLING
darm1243	DARMIYA
daro1239	DARO_MATU
dars1235	SILA
dass1243	DASS_DWAT
dato1239	DATOOGA_DIALECT_3
daur1238	DAUR
dawa1242	DAWAWA
dawe1237	DAWERA_DAWELOOR
dawr1236	KULLO
daww1239	DAW
dayi1244	DALWONGO
dayy1236	DAY
daza1242	DAZAGA
dedu1240	DEDUA
defa1248	DEFAKA
dege1246	DEGEMA_2
dege1247	DEGENAN
degg1238	DEG
dehu1237	DEHU
demt1241	DEMTA
dend1243	DENDI
deng1250	C81_DENGESE
deni1241	DENI
deny1238	DENYA_BASHO
deor1238	DEURI
dera1245	MONGOWAR
dera1248	DERA
desa1247	DESANO
dghw1239	DGHWEDE
dhai1238	DHAISO
dhan1270	YOLNGUMATHA
dhao1237	DHAO
dhar1248	DHARUMBAL
dhim1246	DHIMAL
dhiv1236	MALDIVIAN
dhof1235	DHOFARI_ARABIC
dhun1238	DHUNDARI
diba1242	MANOBO_DIBABAWON
dibi1240	DIBIYASO
dibo1245	DZEKE_DIBOLE
dibo1247	DIBO_2
didi1258	DIDINGA
dido1241	TSEZ
dier1241	DIYARI
diga1241	TARAON
digo1243	DIGO_2
diii1241	YAG_DII
dill1242	DILLING
dima1251	DIMASA
dima1252	DIMA
dime1235	DIME
dimi1244	DIMIR
diml1238	ZAZAKI
ding1239	PIIN
diod1237	DIODIO
dira1242	GIDOLE_2
diri1252	DIRIKU
dita1238	DITAMMARI
diti1235	DITIDAHT
dixo1238	DIXON_REEF_1
dizi1235	MAJI
djam1255	DJAMINDJUNG
djam1256	DJAMBARRPUYNGU
djau1244	DJAUAN
djee1236	DJEEBBANA
djeo1235	JABUTI
djim1235	DYIMINI
djin1251	DJINGILI
djin1252	DJINBA
djin1253	DJINANG
dobe1238	DOBEL
dobu1241	DOBU
doee1238	DOE_3
dogo1295	DOGOSE
dogr1252	DOGRIB
doko1243	DOKO_UYANGA
dolg1241	DOLGAN
doma1258	DOMARI
domm1246	DOM
domp1238	DOMPO
domu1245	DOMU
dond1249	DONDO
dong1285	SANTA_MONGOLIAN
dong1288	NUBIAN_OF_DONGOLA
dong1290	DONGO
dong1293	DONG
dong1294	DONGOTONO
donn1239	DONNO_SO_3
dori1246	DORIO
doro1266	DOROMU
dorz1235	DORZE
doso1239	DOSO
dout1240	DOUTAI
doya1240	DOOHWAAYAAYO
drun1238	DRUNG
dual1243	DUALA
dubu1240	DUBU_2
dudu1240	DUDUELA
dugu1248	PAPE
dugu1249	DUGURI
dugw1239	DUGWOR_2
duhw1236	DUHWA
duke1237	DUKE
duma1253	DUMA_2
dumi1241	DUMI_2
dump1243	DUMPU
duna1248	DUNA
dung1253	DUNGAN
dupa1235	DUPANINGAN_AGTA
duru1236	PARJI_2
duru1249	DURUMA
dusn1237	DUSNER
dusu1267	DUSUN_WITU
dusu1269	DUSUN_MALANG
dusu1271	DUSUN_DEYAH
dutc1256	DUTCH
duun1242	DUUNGOMA_2
duvl1242	DUVLE
duwe1237	DUWET
dwan1238	DWANG
dyaa1242	DYAABUGAY
dyan1250	DYANGADI
dyan1251	DYAN
dyul1238	JULA_DE_KONG
dzaa1238	JENJO
dzao1238	DAPING_MIEN
dzod1238	DZODINKA
dzon1239	DZONGKHA
dzuu1241	DZUUNGOO
east1236	KATU_EASTERN
east1472	SANTA_ANA_KERES
east2295	YIDDISH_EASTERN
east2304	BALOCHI_EASTERN
east2328	MEADOW_MARI
east2330	WIANG_PA_PAO_LUA
east2332	BRU
east2333	KUAN
east2342	KAYAH_LI_EASTERN
east2346	EASTERN_TAMANG
east2347	TAMANG
east2352	MAGAR_2
east2379	ARRERNTE_EASTERN
east2387	EAST_LIMBA
east2403	SEGEMUK
east2409	EASTERN_NYALA
east2426	MANINKAKAN_EASTERN
east2440	TAHANE
east2443	EAST_AMBAE_WAILENGI
east2447	EAST_FUTUNA
east2462	EAST_MASELA
east2472	EAST_DAMAR
east2486	EAST_BERAWAN
east2534	INUKTITUT_EASTERN_CANADIAN
east2538	NAHUATL_BUENOS_AIRES_ALAMO
east2542	OJIBWA_EASTERN
east2544	ABNAKI_EASTERN
east2545	POMO_EASTERN
east2555	CHIRIGUANO
east2556	OTOMI_DE_EL_BAILE
east2563	CHAM_EASTERN
east2652	EASTERN_OROMO
ebir1243	IGBIRRA
ebri1238	EBRIE_2
ebug1241	EBUGHU
eder1237	SJIAGHA
edol1239	EDOLO
edop1238	EDOPI
efai1241	EFAI
efik1245	EFIK_2
efut1242	EFUTOP
egaa1242	EGA
eggo1239	EGGON
egyp1253	CAIRO_ARABIC
eipo1242	EIPOMEK
eiti1240	EITIEP
ejag1239	EJAGHAM
ejam1238	EJAMAT
ekaj1238	EKAJUK
ekar1243	KAPAUKU
ekit1246	EKIT
ekpe1253	EKPEYE
elam1244	ELAMITE
elem1253	ELEME
elep1240	SAMAP
elip1238	LIBIE
elmo1238	EL_MOLO
elna1235	EL_NAYAR_CORA
eloy1241	ELOYI_3
else1239	SAWA
emae1237	EMAE
emai1241	EMAI
emba1238	EMBALOH
embe1260	CATIO
embe1261	EMBERA_TADO
embe1262	EMBERA_CHAMI
embu1241	EMBU
emil1241	EMILIANO_REGGIANO
empl1237	EMPLAWAS
emum1240	EMEM
enap1235	PANARE
ende1246	ENDE
enga1252	ENGA
enge1239	ENGENNI
engg1245	ENGGANO
enuu1235	ENU
enwa1245	ENWANG
enya1247	ENYA_MANDA
epen1239	EPENA_SAIJA
epie1238	EPIE
erav1244	POLE
erit1239	ERITAI
erok1237	KAMBRAM
erre1238	ERRE
erzy1239	ERZYA
esan1238	ESAN
esee1247	ESE_MANAGALASI
esee1248	ESE_EJJA
esim1238	ESIMBI
esta1236	OTOMI_TOLUCA
esto1258	ESTONIAN
eteb1238	ETEBI
eten1239	ITEN
eton1253	ETON
eton1255	ETON_VANUATU
even1259	EVENKI
even1260	EVEN
eviy1235	VIYA
ewag1241	EWAGE_NOTU
ewee1241	EWE_ADANGBE
ewon1239	EWONDO_4
eyak1241	EYAK
faga1239	FAGANI
fait1240	FAITA
faiw1243	ANGIYAKMIN_FAIWOL
fali1285	FALI_BAGIRA
fang1246	FANG_SOUANKE
fare1241	FRAFRA
faro1244	FAROESE
fasu1242	FASU
fata1245	FATALEKA
fata1247	FATALUKU
fayu1238	FAYU
fefe1239	FEFE_2
femb1238	AGALA
fiji1243	FIJIAN
filo1235	TOTONAC_FILOMENA_MATA
finn1318	FINNISH
fipa1238	FIPA
foau1240	FOAU
foii1241	FOE
folo1238	FOLOPA
fonn1241	FONGBE
fora1245	FORAK
ford1242	FORDATA
fore1265	FOREST_ENETS_2
fore1270	FORE
fort1240	FORTSENAL
fran1260	ARPITAN
fran1266	ZOQUE_FRANCISCO_LEON
friu1240	FRIULIAN
fuli1240	FULIRU
fuln1247	FULNIO
furr1244	FUR
furu1242	FURU
futu1245	FUTUNA
fuyu1242	FUYUG
fwee1238	FWE
fyam1238	FYEM
fyer1241	FYER
gaaa1244	GA
gaam1241	INGASSANA
gaan1243	GAANDA
gada1258	GADDANG
gade1242	GADE
gads1258	GADSUP
gafa1240	GAFAT
gaga1251	GAAGUDJU
gahr1239	BUNAN
gaik1242	GAIKUNDI_2
gain1243	GAINA
gala1264	GALAMBU
gale1259	GALELA
gali1258	GALICIAN
gali1261	GALICE
gali1262	KALINA
gall1278	GAL
galo1242	GALO
galo1243	TALUR
gama1251	KHAM
gamb1252	WOLOF_GAMBIAN
gami1243	GAMILARAAY
gamo1241	GAMO_NINGI
gamo1243	GAMO
gana1270	GANANG
gana1274	GXANA
ganc1239	GAN_LICHUAN
gand1255	GANDA
gane1237	GIMAN
gang1267	GANGGALIDA
gang1268	GANGULU
gang1270	GANGLAU
ganz1246	GANZA
gapa1238	GAPAPAIWA
gara1269	GARAWA
gari1256	GARIFUNA
garo1247	GARO
garr1259	GARRE
garu1246	GARUS
gavi1246	GAVIAO_DO_RONDONIA
gawa1247	GAWAR_BATI
gaww1239	GAWWADA
gayi1237	GAYIL
gayo1244	GAYO
gbag1258	GBAGYI
gban1258	GBANZIRI
gban1260	GBANU
gbar1246	GBARI
gbay1278	KPATILI
gbay1281	GBAYA_MBODOMO
gbay1286	GBAYA_BOZOUM
gbay1287	GBEYA
gbay1288	GBAYA
geba1237	KAREN_GEBA
gebe1237	GEBE
geda1237	GEDAGED_2
gede1246	GEDEO
geez1241	GEEZ
geji1246	GEJI
gela1263	NGGELA
geme1244	GEME
gend1249	GENDE_2
gera1246	GERA_2
geru1240	GERUMA
gese1240	GESER
ghad1239	GHADAMES_2
ghar1239	GHARI
ghay1237	GHAYAVI_1
gheg1238	ALBANIAN_GHEG
ghod1238	GODOBERI
ghom1247	GHOMALA_2
ghom1257	GHOMARA
ghul1238	UNCUNWEE
giiw1236	KIRFI
giky1238	GIKYODE
gila1241	GILAKI
gilb1244	KIRIBATI
gili1241	NGBAKA_GILIMA
gily1242	NIVKH
gimi1243	GIMI
gira1247	GIRAWA
giry1241	CHWAKA
gito1238	TONGA_AFRICA
gitu1237	GITUA
gizr1240	GIZRRA_TOGO
glav1244	GLAVDA
goba1246	GEBUSI
gobu1238	GOBU
godi1239	GODIE
goem1240	GOEMAI
gofa1235	GOFA
gogo1263	GOGO
gogo1265	GOGODALA_ADIBA
goka1239	GOKANA
gola1255	GOLA_3
goli1247	GOLIN
gonj1241	GONJA
goon1238	GOONIYANDI
gora1262	TOWANGARA
goro1259	GORONTALO
goro1261	GOROVU_2
gorr1238	GOR
goth1244	GOTHIC
goun1238	GOUNDO
gras1249	KOIARI_2
gree1278	GREEN_GELAO
guaa1238	HILL_GUANG
guah1255	GUAHIBO
guaj1255	GUAJAJARA
guam1248	GUAMBIANO
guan1269	WANANO
guan1270	KINIKINAU
guar1292	GUARAYU
guar1293	WAREKENA
guat1253	GUATO
guay1257	GUAYABERO
gude1246	GUDE
gudu1250	GUDU
gudu1252	GAVA
guer1241	NAHUATL_ZITLALA
guer1243	XOCHISTLAHUACA_AMUZGO
gugu1255	GUUGU_YIMIDHIR
guhu1244	GUHU_SAMANE
guib1244	ZHUANG_NORTHERN
guin1254	KPELLE_GUINEA
guja1252	GUJARATI
guja1253	DIR_GUJARI
gula1266	GULA_SARA
gula1268	GULAY_2
gula1269	GULA_CAR
gula1270	KWAI
gulf1241	ARABIC_GULF_SPOKEN
guma1253	GOMAIDJ
guma1254	GUMAWANA
guma1255	GUMALU
gumu1244	GUMUZ
gunw1252	GUNWINGGU_KUNE
guny1241	GUNYA
gupa1247	GOBABINGO
gupa1248	GUPA_ABAWA_2
gura1252	GURAGONE
gure1255	GURENG_GURENG
guri1247	GURINDJI
guri1248	GURIASO
guro1248	GURO
guru1261	GURUNG
guru1271	GURUNTUM_MBAARU
gusi1246	JOOLA_GUSILAY_3
gusi1247	GUSII_2
gvok1239	GVOKO
gwah1244	GWAHATIKE
gwam1244	GWAMHI_WURI
gwan1268	GWAGWA
gwen1239	GWENO
gwer1238	GWERE
gwic1235	KUTCHIN
gwii1239	GWI
gyel1242	GYELE
gyem1238	GYEM
haaa1252	HA
hadi1240	HADIYYA
hado1235	HADOTI
hadr1236	HADRAMI_ARABIC
hadz1240	HADZA
haig1237	HAIGWAI
hain1253	BOZO_HAINYAXO
hais1244	HAISLA
haka1240	CHIN_HAKA
hakk1236	HAKKA
hako1237	HAKU
halb1244	HALABI
halh1238	MONGOLIAN
hali1244	HALIA_2
halk1245	MUSQUEAM
hama1240	HAMAP
hame1242	BANNA
hamt1247	KAPAU
hang1258	HANGA
hang1260	HANGAZA
hang1263	HANGA_HUNDI
hani1248	DAZHAI_HANI
hann1241	HAN
hano1246	RAGA
hanu1241	HANUNOO
hara1271	HARARI_2
hars1241	HARSUSI
haru1244	HARUKU
hash1238	HASHA
hata1243	HATAM
haus1257	HAUSA
hava1248	YAVAPAI
havu1238	J52_HAVU_2
hawa1245	HAWAIIAN_2
haya1250	HAYA
hdii1240	HDI
hebr1245	HEBREW
hehe1240	HEHE
heib1243	EBANG
heil1246	OOWEKYALA
hela1238	HELAMBU_SHERPA
hemb1242	HEMBA_MAMBWE
here1253	HERERO
herm1237	LUP
hert1241	HERTEVIN
heyo1240	HEYO
hida1246	HIDATSA
higa1237	HIGAONON_BINUKID
high1242	HIGHLAND_TEQUISTLATEC
high1243	TOTONAC_HIGHLAND
high1276	SOTEAPAN_ZOQUE
high1278	HIGHLAND_PUEBLA_NAHUATL
hija1235	HIJAZI_ARABIC
hili1240	HILIGAYNON
hind1269	HINDI_2
hinu1240	HINUKH
hitt1242	HITTITE
hitu1239	HITU
hiww1237	HIW
hixk1239	HIXKARYANA
hlai1239	BAODING_HLAI
hmon1264	HMONG_NJUA
hmon1333	HMONG_DAW
hoaa1235	HOAN_HUC
hoav1238	HOAVA
hoby1242	HOBYOT
hoch1243	WINNEBAGO
holo1240	HOLOHOLO
holu1245	HOLU
homs1234	WESTERN_ARMENIAN
hone1235	HONE
honi1244	SHUIGUI_HONI
hooo1248	HO
hopi1249	HOPI
horo1245	HOROM
hote1245	HOTE
hozo1236	HOZO_2
hran1239	HRANGKHOL
huaa1248	XOON
huac1244	HUACHIPAERI
hual1241	HUANUCO
huam1247	HUAMBISA
huar1255	HUARIJIO
huas1242	HUASTEC
huau1238	HUAUTLA_DE_JIMENEZ
huax1236	NAHUATL_RAFAEL_DELGADO
huay1240	QUECHUA_HUAYLAS_ANCASH
huay1241	QUECHUA_HUANCA_HUAYLLA
huba1236	HUBA
hueh1236	TEPEHUA_HUEHUETLA
huic1243	HUICHOL
huiz1242	HUI_HUANGSHAN
huku1237	HUKUMINA
hula1239	HULA
hula1244	HULAULA
huli1244	HULI
humb1243	TONDI_SONGWAY_KIINI
hume1246	HUMENE
hund1239	HUNDE
hung1274	CSANGO
hung1276	HUNGWORO
hung1278	HUNGANA_2
hunj1241	HUNJARA_KAINA_KE
huns1239	DUKA
hunz1247	HUNZIB
hupa1239	HUPA
hupd1244	JUPDA
hwan1240	HWANA
hyaa1239	HYA
hyam1245	HYAM
iaai1238	IAAI
iama1237	IAMALELE
iatm1242	IATMUL
iauu1242	IAU
ibal1241	TEKE
ibal1244	IBALOI
iban1261	IBANI
iban1264	IBAN
iban1267	IBANAG
ibat1238	BABUYAN
ibib1240	IBIBIO_2
ibin1241	IBINO
ibuo1242	IBUORO
icel1247	ICELANDIC
idaa1241	IDAAN
idak1243	ISUKHA
idum1241	IDU_MISHMI
idun1241	IDU
idun1242	IDUNA_2
igal1242	IGALA
iged1239	IGEDE
igna1246	IGNACIANO
igoo1238	AHLO
igut1238	IGUTA
ihaa1241	IHA
ikaa1238	IKA_NIGERIA
ikiz1238	IKIZU
ikkk1242	IK
ikob1240	MENA
ikom1245	IKOMA
ikoo1245	IKO
ikpe1243	IKPESHI
ikpe1245	IKPENG
ikpo1238	AKPOSO
ikul1238	KULU
ikwe1242	IKWERE
ilaa1246	ILA
ilia1236	MANOBO_ILIANEN
iliu1237	ILIUN
ilok1237	ILOKANO
ilon1239	ILONGOT_KAKIDUGEN
ilue1241	ILUE
ilwa1237	ILWANA
imba1240	QUECHUA_IMBABURA
imon1245	IMONDA
imro1237	IMROING
inab1237	INABAKNON
inap1241	ITUTANG
inar1241	INARI_SAAMI
indo1316	INDONESIAN
indo1317	INDONESIAN_BAJAU
indu1241	KOHISTANI_INDUS
ines1240	INESENYO
inga1252	INGA_PUTUMAYO
ingr1248	INGRIAN
ingu1240	INGUSH
inok1238	YATE
inor1238	INNEMOR
ipik1244	IPIKO
ipul1238	IPULO
iqui1243	IQUITO
iran1263	IRANTXE
iraq1241	IRAQW
irar1238	IRARUTU
ires1239	IRESIM
irig1242	IRIGA
iris1253	IRISH
iron1242	OSSETIAN
isab1240	ISABI
isan1243	ISANZU
iseb1246	ISEBE
isir1237	SABERI_2
isla1278	ISLAND_CARIB
isna1241	ISNAG
isth1238	GUICHICOVI_MIXE
isth1241	NAHUATL_PAJAPAN
isth1242	NAHUATL_MECAYAPAN
isth1244	ISTHMUS_ZAPOTEC
isum1240	ISU
ital1282	ITALIAN_2
itaw1240	ITAWIT
itel1242	ITELMEN
iten1243	MORE
itik1240	ITIK_2
iton1250	ITONAMA
itum1245	ITUMBUSO
itza1241	ITZAJ
iumi1238	YAO
ivat1242	IMOROD
iwai1244	IWAIDJA
iwal1237	KAIWA
iwam1256	IWAM_4
iwur1240	MOROP
ixca1245	IXCATEC
ixca1246	SAN_PEDRO_IXCATLAN
ixil1251	IXIL_CHAJUL
ixte1237	OTOMI_DE_IXTENCO
iyoj1235	CHOROTE
iyoo1238	IYO
iyow1239	CHOROTE_IYOWUJWA
izer1241	IZERE
izii1239	IZI
izon1238	IZON
izor1238	IZORA
jahh1242	JAH_HUT
jair1235	JAIR_AWYU
jala1237	JALAPA_DE_DIAZ
jalk1242	BLE
jama1261	JAMAMADI
jamb1236	JAMBI_MALAY
jams1239	JAMSAY_2
janj1240	JANJI
jaqa1244	JAQARU
jara1245	JARAWA
jauj1238	QUECHUA_HUANCA_SHAUSHA
java1254	MALANG
jawe1237	JAWE
jebe1250	JEBERO
jeha1242	JAHAI
jehh1245	JEH_2
jeme1245	JEMEZ
jena1242	BOZO_JENAAMA
jeng1241	CHENG
jere1244	JERE
jeri1242	JERI_KUO
jeru1240	JERUNG
jiam1236	JIAMAO
jiar1240	JIARONG_2
jibu1239	JIBU
jica1244	JICARILLA
jili1241	JILIM
jimi1255	JIMI
jina1244	JINA
jiny1235	JIN_TAIYUAN_1
jion1236	LONGHUA_BUNU_2
jire1238	JIREL
jirj1239	YIR_YORONT_2
jita1239	JITA
joba1238	VIRA
jofo1235	JOFOTEK
jola1262	JOOLA_KASA_ESUULAALU_2
jola1263	JOLA
jowu1238	JOWULU
juan1238	JUANG
jude1256	JUDEO_TAT_2
jude1264	JUDEO_TRIPOLITANIAN_ARABIC
jude1265	JUDEO_MOROCCAN_ARABIC
juho1239	KAUEN
juku1254	JUKUN_TAKUM
jumj1238	JUMJUM
jung1240	INGA_MEDIO_PUTUMAYO
juqu1238	JUQUILA_MIXE
jura1242	JURAY
jurc1239	JURCHEN
jurm1239	MODO
juru1256	JURUNA
juuu1243	SHO
juwa1238	MUNIWARA
kaan1246	KAASA
kaba1278	KABARDIAN
kaba1281	KABBA
kaba1292	KABALAY
kabi1261	KABIYE_3
kabo1247	KABOLA
kaby1243	KABYLE
kach1279	KACHARI
kach1280	JINGPHO
kach1284	KACHAMA
kaci1244	BAALE
kadi1248	KADIWEU
kafa1242	KEFA_2
kafo1240	KAFOA
kaga1252	KAGATE
kaga1256	KAGAYANEN
kagf1238	ROR
kagu1239	KAGULU
kahe1238	KAHE
kahu1241	KAHUA
kaia1245	KAIAN_2
kaid1239	KAIDIPANG
kaie1237	KAIEP
kaik1246	KAIKE
kaim1241	KAIMBULAWA
kain1272	KAINGANG
kair1263	KAIRIRU
kaiw1246	GUARANI_KAIWA
kaiy1239	KAIY_2
kaja1254	KAJAKSE
kaka1264	KAKANDA_2
kaka1265	KAKABE
kaki1249	KAKI_AE
kako1242	KAKO_2
kakw1240	KAKWA
kala1372	KRAKAL_KALASHA
kala1373	KALAMI
kala1377	KALA_LAGGAW_YA
kala1381	KALABARI
kala1384	KALANGA
kala1388	MANDAYAN_ISLAM_PISO
kala1397	KALAM_2
kala1399	KALAALLISUT
kali1308	KALISPEL_PEND_DOREILLE
kalk1245	KALKOTI
kalk1246	KALKUTUNG
kalm1243	KALMYK_2
kalo1256	FINNISH_ROMANI
kalo1262	KALOU
kalu1247	TARINDING
kalu1248	KALULI
kama1351	KAMAS
kama1357	KAMARA
kama1360	KAMASA
kama1364	KAMARU
kama1365	KAMANG_2
kama1367	KAMASAU
kama1370	KAMANO_KAFE
kama1373	KAMAYURA
kamb1297	KAMBA_KENYA_2
kamb1299	KAMBERA
kamb1316	KAMBAATA
kami1256	KAMI_2
kami1258	KAMI_NIGERIA
kamu1260	KAMULA
kamv1242	SHEKHANI
kamw1239	KAMALE
kana1283	KANASHI
kana1286	KANAKANABU
kana1291	KANAMARI
kand1300	KANDE
kand1301	KANDAS
kand1303	KANDAWO
kang1288	KANGA
kang1291	IGOM
kani1277	NINKYOP
kani1279	KANINGI
kank1243	KANKANAEY
kano1244	TANJONG
kano1245	KANOE
kans1243	KANSA
kanu1277	ANIB
kany1247	KANYOK
kaon1241	KAONDE_2
kapi1249	KAPINGAMARANGI
kapi1250	SAMBIO
kapo1250	KAPAURI
kapp1237	YAKAMUL
kapr1245	KAPRIMAN
kapt1235	KAPTIAU
kaqc1270	WESTERN_CAKCHIQUEL_PATZUN
kara1462	TOFA
kara1464	KARAIM
kara1465	KARACHAY_BALKAR
kara1467	KARAKALPAK
kara1474	KARATA
kara1478	KARANG
kara1481	REGI_TANZANIA
kara1483	KARIMOJONG
kara1486	KARA_PNG
kara1489	MANDAYAN_BOSO
kara1495	KARAWA
kara1499	KARAS
kara1500	KARAJA
karb1241	KARBI
kare1335	KARELIAN
kare1338	KALI
kare1348	KAREKARE
kari1311	KARITIANA
kari1316	KARIYA
kark1256	KARKO
kark1258	YURI
karn1252	BARIM
karo1294	JOOLA_KARON_3
karo1297	KARO
karo1304	KAROK
kasa1248	BUY_KASANGA_2
kase1253	KASEM
kash1277	KASHMIRI
kash1280	KASHAYA
kask1239	KASKA
kasu1251	KASUA
katb1237	KATBOL
katc1249	KATCHA
kate1253	KATE
kati1270	EASTERN_KATIVIRI
katl1237	KATLA
kato1244	KATO
kats1235	KATSO
kaul1240	KAULONG
kaur1267	KAURNA
kaur1271	KAURE_3
kava1241	KAVALAN
kawa1276	KAWACHA
kawa1283	KAWAIISU
kawe1240	KAWE
kawi1241	OLD_JAVANESE
kaxa1239	KAXARARI
kaxu1237	KAXUYANA
kaya1315	KAYAN
kaya1319	KAYARDILD
kaya1328	KAJGIR
kaya1329	KAYABI
kaye1241	KAYELI
kayt1238	KAYTETYE
kayu1243	KAYUPULAU
kaza1248	KAZAKH
keap1239	KEAPARA
keda1252	KEDANG
kede1239	KEDER
kehu1238	KEHU_2
keig1242	KEIGA
keii1239	KEI
kein1239	BEMAL
keiy1238	KEIYO
kekc1242	KEKCHI
kela1254	C75_KELA
kela1255	KELA
kela1258	BARIO_KELABIT
kele1255	LOKELE_YEPOLOMA
kele1257	WESTERN_KELE_BUBI
kele1258	BUJAN
kele1259	KALLAHAN_KELEYQIQ_IFUGAO
keli1248	KELIKO
kelo1247	KLON
kema1243	KEMAK
kemb1235	KEMBERANO_BARAU
keme1240	KEMEZUNG
kena1236	KENABOI_1
kend1252	KENDEM
kend1254	SALAKO_BADAMEA
keng1240	KENGA
kens1248	KENSIW
kens1251	KENSWEINSEI
keny1279	BAS_KENYANG
keoo1238	KEO
keor1235	KEURU
kera1248	KERAK
kera1255	KERA
kere1283	KEREWE
kere1286	KEREWO
keri1250	KERINCI_2
kesa1244	KESAWAI
kete1252	L21_KETE_IPILA
kete1254	KETENGBAN_BIME
kett1243	KET_2
ketu1238	KETUM
kgal1244	QHALAXARZI
khal1275	KHALING
kham1282	RGYALTHANG
khan1273	KHANTY
khan1274	KHANG
khan1278	KANA
khar1287	KHARIA
khas1269	KHASI_2
kheh1237	LEVEI
khin1240	KHINALUG
khmu1256	KHMU_2
khor1269	JONK_KHORASANI
khow1242	USHU_KHOWAR
khun1259	TAI_KHUEN
khva1239	INKHOKWARI
kibe1241	KIBET
kibi1239	KIBIRI_2
kich1262	KICHE
kick1244	KICKAPOO
kika1239	KAMIKATETSU_KIKAI
kiku1240	GIKUYU_2
kild1236	KILDIN_SAAMI
kili1267	KILIVILA
kili1268	KILIWA
kilm1241	KILMERI
kima1246	KIMAGHAMA
kimb1241	MBUNDU
kimb1242	KIMBU
kimk1238	KIMKI_2
kimm1245	HAINAN_KIM_MUN
kimm1246	KIM
kinn1249	KINNAURI
kint1239	KINTAQ
kiny1244	KINYARWANDA
kion1242	KIONG
kiow1266	KIOWA
kips1239	KALENJIN
kipu1237	KIPUT
kirb1236	KIR_BALAR
kire1240	GIRI
kirg1245	KYRGYZ
kiri1254	OKRIKA
kiri1256	KIRIKIRI
kirm1248	KIRMANJKI
kiry1234	KIRYA_KONZEL
kisa1263	J321_KISA
kisa1266	KISAR
kiss1246	KIS
kist1241	SODDO
kitj1240	KITJA
kits1249	KITSAI
klam1254	KLAMATH
klao1243	KLAO
koal1240	RERE
koas1236	KOASATI
kobi1241	BUY_KOBIANA_3
kobo1248	KOGUMAN
kobo1249	KOBON
koch1247	MORANG
koch1250	WANANG
koda1236	KODA
koda1255	KODAVA
kode1237	KODEOHA
kodi1247	GAURA_NGGAURA
koen1239	KOENOEM
kofe1239	KOFEI
kofy1242	KOFYAR
koho1244	SRE
kohu1244	KOHUMONO
koir1240	KOIRENG
koko1265	KOKODA_KASUWERI
koko1269	KOKOTA
kolb1240	KOLBILA
kolc1235	KOL
kolo1267	KOLOM
kolp1236	KOL_PNG
kols1241	RIPUARIAN_GERMAN
komb1272	KOMBIO
komb1273	KOMBA
komb1274	KOMBAI
komc1235	KOM
kome1238	KOMERING
komi1268	KOMI_ZYRIAN_2
komi1269	KOMI_PERMYAK
komo1258	KOMA
komo1260	KOMO_3
komy1238	KOMYANDARET
kona1242	KONAI
kone1241	KONERAWSCH
konk1269	KONKOMBA_2
konn1242	KONNI
kono1268	KONO
kons1243	KOMSO_2
kony1248	KONYAK
kony1250	KONYANKA_MANINKA
konz1239	KONZO
koon1244	KOONGO
koon1245	KOONZIME
kooo1244	KO1
koor1239	KOORETE
kopa1248	KOPAR_2
kopk1238	KOPKAKA
kora1291	KORANDJE
kora1292	KORANA
kora1294	KORAFE_YEGHA
kora1296	KORAK
kore1280	KOREAN
kore1283	KOREGUAJE
kork1243	KORKU
koro1298	KOROMFE
koro1304	KOROP_3
koro1306	KOROKAN
koro1308	KORO
koro1310	BILAAN_KORONADAL
koro1311	KORONI
koro1312	KOROWAI
korr1238	KORAGA_KORRA
kory1246	KORYAK
kosa1249	YALE_KOSAREK
kosa1251	KOSARE_2
kosh1246	KOSHIN
kosr1238	KUSAIE
kota1263	KOTA_INDIA
kota1274	KOTA
koti1238	KOTI
kott1239	KOTT
kova1243	KOVAI_2
kove1237	KOVE
kowa1245	KOWAKI
kowi1239	KOWIAI
koya1251	KOYA_INDIA
koya1253	KOYAGAKAN
koyo1242	C24_KOYO_ZWE
koyr1240	KOYRA_CHIINI
koyr1242	KOROBORO_SENNI
koys1242	KOY_SANJAQ_SURAT
koyu1237	KOYUKON
kpan1246	KPAN
kpas1242	KPASAM
krac1238	KRACHE
krah1246	KRAHO
kren1239	KRENAK
krey1238	KREYE
kris1246	ISAKA
krob1245	KROBU
kron1241	KRONGO
krun1240	BRAO_KRUNG
kryt1240	KRYZ
kuan1247	KWANYAMA_2
kuan1248	TOLAI
kube1244	HUBE
kubo1242	KUBO
kubu1239	KUBU
kuii1253	KUI_INDONESIA
kuik1246	KUIKURO
kuja1239	KUJARKE
kuke1242	KUKELE_2
kuku1280	KUKU_UWANH
kula1280	KULA
kuli1254	KULISUSU
kulo1237	PAZEH
kulu1253	KULUNG
kulu1255	KULUNG_NIGERIA
kuma1275	KUMAN_UGANDA
kuma1276	NELEMWA
kuma1278	KUMARU
kuma1280	KUMAN
kumb1268	GUMBAYNGGIR
kumb1274	KUMBEWAHA
kumi1248	DIEGUENO
kumy1244	KUMYK
kumz1235	KUMZARI
kuna1268	KUNAMA
kunb1251	GUNBALANG_WARLANG
kund1255	KUNDA
kung1258	KUNGGARI
kung1259	KUNKARAKANY
kung1261	KUNG
kuni1263	KUNI
kuni1268	YONAMINE
kunj1246	PEREMKA
kuny1238	KUNYI
kunz1244	KUNZA
kuoo1238	KO
kuot1243	KUOT
kupa1238	KUPA_2
kupa1239	KUPANG_MALAY
kups1238	KUPSAPIINY
kura1249	KURAMA
kura1250	KURANKO
kuri1259	KURIA_3
kuri1260	KURI
kurr1243	KURRAMA
kurt1248	KURTOP
kuru1302	KURUKH_2
kuru1305	KURUDU
kuru1309	KURUAYA
kusa1250	KUSAL
kusa1251	KUSAGHE
kush1236	KUSHI
kusu1250	KUSUNDA
kusu1252	KUSU
kute1248	KUTEB
kute1249	KUTENAI
kutu1263	KUTU_2
kuuk1238	KUUKU_YAU
kuvi1243	KUVI
kuwa1246	KUWAATAAY
kuyy1240	KUY
kwaa1262	KWA_NIGERIA
kwaa1269	KWAAMI
kwad1248	KWADZA
kwai1243	KWAIO
kwak1266	KWAKUM
kwak1269	KWAKWALA
kwam1249	GWAMA
kwam1251	KWAMBI
kwam1252	KWAMERA_ISIAI
kwan1273	KWANGALI_2
kwan1276	KONJA_NDUNG
kwan1278	KWANGA
kwar1239	KWARAAE
kwas1243	KWASIO
kwat1244	KWATO
kway1241	KWAYA
kwaz1243	KWAZA
kweg1241	KWEGU
kwer1261	NGHWELE
kwer1265	KWER
kwes1244	KWEZO
kwes1245	KWESTEN_2
kwin1242	KWINSU
kwom1262	KWOMA
kxoe1243	KXOE
kyak1243	KYAK
kyak1244	KYAKA_ENGA
kyen1242	KYENGA
kyen1243	KYENELE
kyer1238	KYIRONG
laal1242	LAAL
laar1238	LAADI
labi1245	LABIR
labo1244	LABO
labu1248	LABU
laca1243	LACANDON
lach1248	LACHI
lach1249	LACHIXIO_ZAPOTEC
lada1244	LADAKHI
ladi1250	NONES
ladi1251	JUDEO_ESPAGNOL
lafo1243	TEGEM
lagw1237	LAGWAN
laha1253	LAHANAN
lahu1253	LAHU_2
laim1240	BU_CAMEROON
laiy1246	LAIYOLO
lake1258	MIWOK_LAKE
lakk1238	LAKKJA
lakk1252	LAK
lako1244	DIDA_LAKOTA
lako1245	LAKONA
lako1247	LAKOTA
lala1261	LALA_NIGERIA
lala1264	M52_LALA
lala1268	LALA
lama1275	LAMA
lama1277	LAMAHOLOT_ILE_MANDIRI
lama1278	LAMALERA
lamb1269	LAMANI
lamb1271	LAMBA
lamb1272	LAMBYA
lamb1273	LAMBOYA
lamb1276	INKAWASI
lame1256	LAMPANGLAMET
lame1260	LAMENU
lamm1241	LAMMA
lamn1239	LAMNSOQ
lamo1244	LAMOGAI
lamp1242	LAMPUNG_NYO_MELINTING
lamp1243	LAMPUNG
lamu1254	LAMALAMA_INLAND
lang1316	BUYANG
lang1318	LANGBASI_3
lang1320	VALANGI
lang1324	LANGO
lano1248	LANOH
laoo1244	LAO
lara1258	LARRAKIA
lare1249	LAREVAT
lari1253	LARESTANI
lari1255	LARIKE_WAKASIHU
laro1243	LARU_SUDAN
lart1238	LARTEH
laru1238	LARU_NIGERIA
lasa1237	LASALIMU
lash1243	LASHI_2
lati1261	LATIN
lauj1238	LAUJE
lauu1247	LAU
lava1239	LAMASONG
lave1248	LOVEN
lave1249	LAVEH
lavu1241	LAVUKALEVE
lawa1257	LAWANGAN
lawi1235	LAWI
lazz1240	LAZ
leal1235	LEALAO_CHINANTEC
leco1242	LEKO
ledo1238	TARA
leel1242	LELAU
lefa1242	LEFA
lega1249	LEGA
lega1250	LEGA_MWENGA
legb1242	LEGGBO
lege1241	LANGANYAN
leha1242	LEHAR
leha1243	LEHALI
leha1244	LEHALURUP
lein1237	LEINONG
leip1237	LEIPON
lela1246	LELAK
lele1264	BUEM_LELEMI
lele1265	LWEL_KILORI
lele1266	LELE_GUINEA
lele1267	LELEPA
lele1270	LELE
lele1276	LELE_CHAD
lemb1266	MAIBI
leme1238	LEMERIG
lemi1243	LEMIO
lemo1243	LEMOLANG
lena1238	LENAKEL_LENAUKAS
lenc1244	LENCA_HONDURAS
lend1245	LENDU
leng1258	LENGOLA_2
leng1259	LENGO
leni1238	LINNGITHIGH
lenj1248	LENJE
leny1238	LENYIMA
lepc1244	LEPCHA
lepk1238	LEPKI
lere1241	LERE_GANA
lese1243	BALESE
lete1241	LETEMBOI
leti1246	LETINESE
lewo1242	LEWO_NUL
leyi1238	LEYIGHA
lezg1247	LEZGIAN
lhom1239	LHOMI
liab1237	LIABUKA
lian1251	NAGA_LIANGMAI
libe1247	KPELLE
libi1244	LIBINZA_3
libi1250	LIBIDO
libo1242	LIBON
liby1240	TRIPOLI_JEWISH_ARABIC
ligb1244	LIGBI
ligu1248	LIGURIAN_STELLA
lihi1237	SUNGLIK_LIHIR
liji1238	JILI
lika1243	LILIKO
liku1243	LIKUM
lill1248	LILLOOET
limb1263	LIMBURGISH
limb1266	LIMBU
limb1268	LIMBUM_2
limo1248	LIMOS_KALINGA
ling1262	ONG_BE
ling1263	LINGALA
ling1265	LINGARAK
lioo1240	LIO
lipa1241	LIPAN
lise1239	LISELA
lish1245	ARBEL_NEO_ARAMAIC
lish1247	LISHANA_DENI
lisu1250	LISU_2
lith1251	LITHUANIAN
litz1237	LITZLITZ
livv1243	OLONETS_KARELIAN
livv1244	LIVE
loba1239	LOBALA
lobi1245	LOBI
logb1245	IKPANA
logo1258	LOGOLI
logo1259	LOGO
logo1261	LOGORIK
logo1262	LOGOL
logu1236	SARDINIAN_LOGUDARESE
loja1235	QUICHUA_LOJA
loka1252	LOKAA
loko1254	LOKOYA
lolo1259	LOLOPO
lolo1261	LOLO
lolo1264	LODA
loma1260	LOMA_LIBERIA
lomb1257	LOMBARD_PLESIO
lomb1260	LOMBO
lomw1241	CHILOMWE
long1387	LONGTO
long1395	LONGGU
loni1238	LONIU
lonw1238	LONWOLWOL
looo1238	LOO_2
lopa1238	LOPA
lore1244	LOREDIAKARKAR
lote1237	LOTE
loth1237	NAGA_LOTHA
loto1240	TOGA
louu1245	LOU
lowa1242	LOWA
lowe1385	LOWER_SORBIAN
lowe1412	MINANGALI_LOWER_TANUDAN_KALINGA
lowe1415	UPPER_PYRAMID_DANI
lowe1425	LOWER_TANANA
lowl1260	OAXACA_CHONTAL
loxi1235	ZAPOTEC_LOXICHA
lozi1239	SILOZI
luan1263	LUANG
luba1249	LUBA
luba1250	KILUBA
lubi1238	LUBILA_2
lubu1243	KALINGA_GUINAANG
lufu1237	LUFU
lugb1240	LUGBARA
lugu1238	LUGURU
luis1253	LUISENO
lukp1238	LUKPA
lule1238	LULE_AND_TONOCOTE
lule1254	LULE_SAAMI_2
lumb1249	LUMBU
lund1266	LUNDA_2
lund1271	LUN_BAWANG
lung1249	LUNGGA
luok1236	LUO
luse1252	ELEKU_IBENGE
lush1249	LUSHAI
lush1252	LUSHOOTSEED
lusi1240	LUSI
luuu1242	LU
luva1239	LUVALE
luwo1239	GIUR
luxe1241	LUXEMBOURGISH
luya1241	LUYI
lwal1238	L221_LWALWA_2
lyng1241	LYNGNGAM
maak1236	MAAKA
maan1238	SAMIHIM
maas1239	FULFULDE_MAASINA
maay1238	MAAY
maba1270	MABALE
maba1273	MABAAN
maba1277	MABA_CHAD
mabi1242	MABIRE
maca1259	JITNU
maca1260	MACA
mace1250	MACEDONIAN
mach1266	MACHAME
mach1267	MACHIGUENGA
mach1268	MAXINERI
macu1259	MACUSHI
macu1260	MACUNA
mada1282	MADA
mada1285	MADAK
mada1293	MADA_CAMEROON
made1252	MA
madh1244	MADIMADI
madi1260	MAADI
madi1261	MADI_3
maee1241	MAE
mafa1239	MAFA
mafe1237	MAFEA
magh1238	MAGHDI
mago1248	MAGORI
magu1243	MAGUINDANAO
maha1291	MATINDOR_MAHALI
maho1248	MAHONGWE_SAMA
maho1249	MAUKAKAN
maia1253	MAIANA
maia1254	SAKI
maib1239	MAI_BRAT
maii1238	MAII
mail1248	MAILU_2
main1275	LONG_ANAP_KENYAH
mais1250	MAISIN
maiw1251	MAIWA_2
maja1242	MESENGO
maka1304	MAKAA_2
maka1311	MAKASAR
maka1315	MAKAYAM
maka1316	MAKASAE
maka1318	MAKAH
makc1235	MAK
makh1261	MAKHUWA_MEETTO_3
makh1264	MAKWA_ILE
makn1235	MAK_NIGERIA
mako1251	MAKONDE_3
maku1246	MAKU
maku1278	MAKURAP
mala1464	MALAYALAM_2
mala1479	MALAY
mala1480	TAMUAN
mala1481	MANADONESE
mala1484	MALANGO
mala1487	MALASANGA
mala1494	PAY
mala1495	MALAS
mala1522	DAMANA
male1282	MALIENG
male1284	MALE_ETHIOPIA
male1289	MALEU_2
male1291	MALE_PAPUANG
male1292	PASSAMAQUODDY_MALISEET_UNNAMEDINSOURCE
male1297	MELEKU_JAIKA
malf1237	MALFAXAL
mali1279	MALILA
mali1284	MALI
mali1285	TLAPANEC_MALINALTEPEC
mall1246	MAL
malo1243	SOUTH_MALO
malt1254	MALTESE
malu1245	MALUA_BAY
malv1243	MALVI
mama1271	MAMARA_SENOUFO
mama1275	MAMANWA
mama1276	TAUPE
mamb1294	MAMBAI
mamb1296	MAMBWE
mamb1305	MAMBORU
mamb1306	MAMBAE
mamm1241	MAM_CAJOLA
mamp1244	MAMPRULI
mamu1255	MAMUJU
mamv1243	MAMVU
mana1288	MANANGE
mana1295	MANAM
mana1298	MANAMBU
manc1252	MANCHU
mand1413	MANDA_INDIA
mand1415	MANDARIN_CHIFENG
mand1419	MANJAKU_4
mand1423	MANDA_2
mand1425	MONDARI
mand1436	MANDINKA_4
mand1440	MANDARA
mand1442	MANDAR
mand1443	MANDER_2
mand1444	KAETI_DUMUT
mand1445	MANDOBO_BAWAH
mand1446	MANDAN
mane1266	MANEM
mang1378	MANG
mang1381	MANGARAYI
mang1382	MANGERR
mang1394	MANGBETU_2
mang1396	MANGBUTU
mang1398	MANGO
mang1399	MANGA_KANURI
mang1404	MANGA
mang1405	MANGGARAI
mang1416	MANGAS
mani1235	SOUGB
mani1292	MEITEI
mank1251	MANKANYA_4
manm1238	KEMIE
mann1248	MANN
mans1258	MANSI
mans1259	MANSOANKA
mans1262	MANSAKA
mant1267	AMASI
manu1255	KAREN_MANUMANAW
manx1243	MANX
many1258	SHONA_MANYIKA
manz1243	MANZA_4
maon1238	NAGA_MAO
maon1241	MAONAN
maor1244	MAORE
maor1246	MAORI
mape1249	MAPE
mapi1252	MAWAYANA
mapo1242	MAPOS
mapo1246	MAPOYO
mapu1244	MAPUN
mapu1245	MAPUDUNGUN
maqu1238	MAQUIRITARI
mara1378	MARATHI
mara1379	NAGA_MARAM
mara1382	LAKHER_MARA
mara1385	MARA
mara1392	J321_MARAMA
mara1399	MARAGUS
mara1404	MARANAO
mare1261	DINEOR
marg1251	MARGU
marg1265	MARGI
marg1266	WAMDIU
mari1414	ABUJHMARIA
mari1416	NAGA_MARING
mari1426	MARINO
mari1428	DAMI
mari1429	MARI
mari1438	MARIA
mari1440	MARICOPA
mark1256	MARKA
maro1244	MAROVO
mars1254	EASTERN_MARSHALLESE
mart1255	MARTUTHUNIRA
mart1256	MANTJILTJARA
maru1249	MARU
maru1252	MARUBO
masa1299	MASABA
masa1300	MAASAI
masa1322	MASANA
masb1237	NORTHERN_SORSOGON
masb1238	MASBATENYO
mash1267	MASHI_ZAMBIA
mash1269	MASHI_NIGERIA
mash1270	MASHCO_PIRO
masi1266	MASIWANG
masi1268	MALAGASY_MASIKORO_MIARY
mask1242	MASKELYNES
masm1239	MASMEDJE
mass1263	MASSEP
mata1306	MATAL
matb1237	MATBAT
mate1258	MATENGO
mate1260	MATEPI
mati1250	MANOBO_TIGWA
mati1255	MATIS
mato1250	MATORISCH
mato1252	MATO
mats1244	MATSES
matt1238	MATTOLE
matu1259	MATUUMBI
matu1261	MATUKAR
maty1235	SAMO_MATYA_2
maun1240	MAWNG
mauw1238	ULINGAN
mawa1266	MAWAK
mawa1267	MAWAN
mawe1251	MAWES
maxa1247	MAXAKALI
maya1281	SAMO_MAYA
maya1282	BUTLEH
mayi1234	MAYI_THAKURTI
mayi1235	MAYI_YAPI
mayi1236	MAYKULAN
mayo1261	MAYOGO
mayo1264	MAYO
maza1291	SARI
maza1296	MAZATLAN_DE_FLORES
maza1304	DABA_DKX
mbaa1245	MBA_2
mbab1239	MBABARAM
mbal1255	MBALANHU
mbal1257	MBALA
mban1263	MBANZA_3
mban1268	MBANGWE
mbar1253	PARIMANKUTINMA
mbar1260	MBARA_2
mbat1247	MBATO
mbat1248	ISONGO
mbed1242	MBEDAM
mbee1249	MBE
mbel1240	MBELIME
mber1257	OBAA
mbes1238	MBESA
mboc1235	NLE_MBO
mbol1247	LANGA_MBOLE_BAMBULI
mbos1242	MBOSI
mbre1244	MBRE
mbug1242	MBUGWE
mbuk1240	MBUKUSHU
mbuk1243	MBUKO
mbul1260	ZAAMBO
mbul1262	MBULE
mbul1263	MANGAP
mbum1254	MBUM
mbun1248	MBUNGA
mbun1249	K15_MBUNDA_1
mbur1239	MBURKU
mbuu1238	MBU
mbya1239	MBYA
medu1238	MEDUMBA
meen1242	MEEN
mefe1242	MEFELE
megl1237	ROMANIAN_MEGLENO
mehe1243	MEHEK
mehi1240	MEHINAKU
mehr1241	MEHRI
meke1243	MEKEO
mekm1240	MEKMEK
mekw1241	MEKWEI_WABRON
mele1250	FILA
melo1242	MELO_3
melp1238	MELPA
mend1266	MENDE
mend1268	MENDE_PNG
meng1263	MENGISA
meng1267	MENGEN
meno1252	MENOMINEE
meny1245	MENYA
meos1237	MEOSWAR
mere1242	LAMETIN
mere1246	MEREY
meri1244	MERIAM
merl1237	MERLAV
merr1239	MER
meru1245	MERU
mesc1238	CHIRICAHUA
mese1244	MOMOLILI
mesk1242	FOX
mesm1239	MESME
mesm1243	MESMES_2
meso1252	SOUKHNE_SYRIAN_ARABIC
mesq1240	MESQAN
meya1236	MEYAH
mezo1235	POPOLOCA_METZONTLA
mezq1235	OTOMI_MEZQUITAL
mfin1238	MFINU
mfum1238	MFUMTE
miam1252	MIAMI
mian1254	TANI
mian1256	MIAN
mich1245	NAHUATL_POMARO_AQUILA
midd1327	DUNGUNTUNG
midd1357	WAALUBAL
midg1235	MID_GRAND_VALLEY_DANI
mido1240	MEIDOB_NUBIAN
mids1243	YAKPA
miga1241	MIGABAC
miga1249	MIGAMA
miju1243	KAMAN
mika1239	MIKASUKI
mikm1235	MICMAC
mina1268	MINANGKABAU
mina1269	MINAVEHA
mina1274	MINANIBAI
mina1276	MINA_2
minb1244	MINNORTH_JIANOU
mind1253	FUZHOU_CHINESE
ming1252	MINGRELIAN
ming1254	MUNGA_DOSO
mini1251	MINIGIR
mini1256	HUITOTO_MINICA
minn1241	AMOY_MINNAN_CHINESE
mint1239	MINTIL
minz1235	YONGAN_CHINESE
mira1251	MIRANDESE
miri1266	MIRIWUNG
mish1244	MISHIP
misi1243	MISIMA_PANAEATI
misk1235	MISKITO
mitl1236	ZAPOTEC_MITLA
mitu1240	MITUKU
mixe1288	GREAT_ANDAMANESE
mixi1241	MIXIFORE
mixt1426	ZAPOTEC_MIXTEPEC
miya1259	MIYAKO
miya1266	MIYA
miyo1238	MOYOBE
mlab1235	MLABRI
mlah1239	MLAHSO
mlom1238	JOOLA_MLOMP_3
mmaa1238	MMALA
mmen1238	MMEN
moch1256	MOCHI
moch1257	MOCHO
moch1259	MOCHICA
moco1246	MOCOVI
moda1244	MODANG
mode1248	GREEK
modo1249	MADOLE
moer1240	MOERE
mofu1248	MOFU_GUDUR
mogh1245	MOGHOL
moha1256	MOHAVE
moha1258	MOHAWK
moik1239	MOIKODI
moke1240	MOKERANG
moke1242	MOKEN
moki1238	MOKILESE
mokl1243	MOKLEN
mokp1239	MOKPWE
moks1248	MOKSHA
mola1238	MOLALA
molb1237	MOLBOG
moli1248	MOLIMA
molm1235	MOLMO_ONE
molo1262	MOLOF
molo1266	MELOKWO_2
moma1242	MOMA
momb1254	KOLUM_SO_3
momj1237	MOMI
momu1241	MOMUNA_2
mong1330	BURIAT_MONGOLIA
mong1338	MONGO
mong1342	MONGONDOW
mong1344	MONGOL
moni1237	CHOROTEGA
monn1252	MON
mono1269	MONO_2
mono1270	MONO_CONGO
mono1273	ALU_MONO
mono1275	WESTERN_MONO
mons1234	MOSHANG
mont1268	MONTAGNAIS
monz1249	MONZOMBO_2
mooo1239	MOO
moos1236	MOOSE_CREE
mopa1243	MOPAN
more1258	MORESADA
more1259	NAHUATL_TEPOTZTLAN
mori1268	MORI_BAWAH
mori1269	MORI_ATAS
mori1271	MORIGI
morm1235	MOR
moro1281	MOROM
moro1284	MOROKODO
moro1285	MORO
moro1286	MOROUAS
moro1287	MORONENE
moro1289	WASUR
moro1292	MOROCCAN_ARABIC
mort1237	MORTLOCKESE
moru1253	KEDIRU
mose1249	MOSETEN
mosi1247	MOSIRO
mosi1248	MOSIMO
moss1236	MOORE
mota1237	MOTA
motl1237	MOTLAV
motu1246	MOTU
mouk1239	MOUK_2
movi1243	MOVIMA
mpad1242	MAKARY_KOTOKO
mpie1238	MPIEMO
mpii1239	MPI
mpot1240	MPOTO_2
mpot1241	MPOTOVORO_VOVO
mpuo1241	MBUUN
mpur1239	MPUR
mual1241	MUALANG
muba1238	MUBAMI
mubi1246	MUBI
mudu1242	VITU
mufi1238	MUFIAN
muin1242	MUINANE
muku1242	MOKILKO
mula1253	MULAO
mumm1238	KATIATI
muna1247	MUNA
mund1320	MUNDARI
mund1325	MUNDANG_2
mund1326	MUNDU
mund1327	MUNDANI
mund1328	MUNDABLI
mund1330	MUNDURUKU
mund1334	MUNDAT
mung1266	MUNGAKA
mung1269	MUNGGUI
mung1272	MUNGKIP
muni1257	MUNIT
muni1258	MUNICHI
munj1244	MUNJANI
muns1251	DELAWARE_MUNSEE
muon1246	MUNG_KOI
mura1271	MURATAYAK
muri1260	MURIK_3
murk1238	MOT_MURKIM
murl1244	MURLE
murr1258	MURRINH_PATHA_2
murs1242	MURSI
muru1266	MURUWARI
muru1273	MURUPI
muru1274	HUITOTO_MIKA
musa1265	MUSAR
musa1266	MUSAK
muse1242	MUSEY
musg1254	MUNJUK
muso1238	MUSOM
muss1246	MUSSAU_EMIRA
muth1236	MUTHUVAN
mutu1242	MUTU
muyu1244	MUYUW
mwag1236	MWAGHAVUL
mwan1247	MWANI
mwan1250	MWAN_2
mwer1248	MWERA_3
myen1241	ENENGA
mzie1235	NAGA_MZIEME
naas1242	NASIOI
naba1256	NABAK
nabi1239	NABI
nade1244	NADEB
nafa1258	NAFAARA_2
nafi1237	SIRAK
nafu1238	NAFUSI
naii1241	NAI_3
najd1235	NAJDI_ARABIC
naka1262	MAUTUTU
naka1264	NAKAME
naka1265	NAKAI
nake1240	NAKE
naki1238	NAKI
nakw1240	NAKWI
nali1244	NALIK
nali1245	JIRIW
nalo1235	NEA
nalu1240	NALU
nama1264	KHOEKHOEGOWAB
nama1268	NAMAKURA_MATASO
namb1293	NAMBO
nami1256	NAMIA
namo1246	NAMO
nana1257	HEZHE
nand1264	NANDE
nand1266	NANDI
nane1238	NANERGE
nang1261	NANGA
nang1262	NANGGU
nank1250	NANKINA
napo1242	QUECHUA_NAPO_LOWLAND
nara1262	NARA
nara1263	NARANGO
nara1264	NARAK
nari1240	NARIM_LARIM
naro1249	NARO
naro1251	NAROM
narr1259	YARALDI
nasa1239	NASAL
nask1242	NASKAPI
nata1252	NATANZI
nata1254	NATAORAN_AMIS
natc1249	NATCHEZ
nate1242	NATENI
nati1243	NATIORO
natu1246	NEA_NOOLI
naun1237	NAUNA
naur1243	NAURUAN
nava1243	NAVAJO
navu1237	NAVUT
nawu1242	NAWURI
naxi1245	NAXI_2
nayi1243	NAO
ncan1245	MUNGONG
ndai1238	GALKE
ndak1242	NDE_YULANA
ndal1241	NDALI
ndam1239	KINDAMBA
ndam1251	NDAM
ndan1241	NDANDA_SUD
ndas1238	NDASA_1
ndau1241	SHONA_NDAU
ndem1249	NDEMLI
nden1248	NDENGEREKO
nden1249	NDENDEULE
nden1250	NSELLE
ndin1245	NDING
ndoe1238	BALEP
ndol1238	NDOLO
ndon1254	NDONGA_2
ndug1245	DAO
ndum1239	NDUMU_2
ndun1249	NDUNGA
ndut1239	NDUT_2
ndzw1235	NZWANI
neap1235	NEAPOLITAN_CALABRESE
nede1245	NEDEBANG_2
negi1245	NEGIDAL
neha1247	NEHAN
nekk1240	NEK
nemi1240	NEMI
nend1239	ANGAUA
nene1249	NENETS
neng1238	NENGONE
nepa1254	NEPALI
nete1240	INIAI_2
newa1246	KHWOPA_NEWAR
neyo1238	NEYO
nezp1238	NEZ_PERCE
ngaa1240	NGAANYATJARRA
ngab1239	GUAYMI
ngad1258	NGADJUNMAYA
ngad1261	NGADHA
ngai1241	NGAING_2
ngaj1237	KATINGAN
ngal1292	BUAN
ngal1293	NGALAKAN
ngal1300	NGALA
ngam1282	NGAMO
ngan1291	NGANASAN_2
ngan1295	NGANDI
ngan1304	C10_GANDO
ngar1283	GUDANJI
ngar1284	NGARINYIN
ngar1287	NGALOOMA
ngas1238	ONGAMO
ngas1240	ANGAS
ngaw1240	NGAWUN
ngaz1238	G44A_NGAZIDJA
ngba1284	NGBAKA_MABO
ngba1285	NGBAKA
ngba1287	NGBAKA_MANZA
ngbi1238	NGBINDA
ngbu1241	NGBUNDU
ngel1238	NGELIMA
ngem1255	MANKON
ngeq1245	NGE
nggw1242	NGGWAHYI
ngil1242	NGILE
ngin1244	NGINDO
ngiz1242	NGIZIM
ngka1235	YANGGANDUR
ngom1268	MONYONGO
ngom1270	KOYA
ngom1272	NGOMBA
ngon1267	NGONGO_2
ngon1269	CHINGONI
ngul1246	NGULU
ngul1247	NGWI_MATEKO_KINGOLI
ngun1266	NGUNDU
ngun1270	NGONDI
ngur1263	NGURIMI
nhan1238	NHANDA
nhen1239	NHENGATU
nias1242	NIAS_SOUTHERN
nige1253	FULFULDE
nige1255	MAMBILA
niha1238	NIHALI
niks1238	PAKA
nila1242	NILAMBA
nila1244	NILA
nina1238	NINAM
ning1271	NINGYE
ning1274	NINGGIRUM_KAWOMA
ning1275	NINGERA
nise1244	NISENAN
nisg1240	NISGHA
niua1240	NIUAFOOU
niue1239	NIUE
niva1238	NIVACLE
niwe1234	TANGA
njal1239	NYALGULGULE
njeb1242	NJEBI
njen1238	NJEN
njer1242	NJEREP
njye1238	NJYEM_2
nkem1242	NKUM
nkhu1238	NKHUMBI
nkon1247	NKONGHO
nkon1248	NKAMI
nkor1239	NKORO
nkoy1244	NKOYA
nkuk1238	NKUKOLI
nkut1238	KUCU_WELA_ANKUTCU
nnam1238	NNAM
nobi1240	NOBIIN
nobo1238	GARUH
noct1238	NOCTE
noga1249	NOGAI
noku1237	NOKUKU
noma1260	MANDI_CAMEROON
noma1263	NOMATSIGUENGA
nonu1241	NONUYA
nook1247	NOOKSACK
noon1242	NON
noon1243	NONI
nort1550	TIWA_NORTHERN_TAOS
nort1552	NORTHERN_EAST_CREE
nort2626	NORTH_FRISIAN_AMRUM
nort2627	NORTHERN_LOW_SAXON
nort2628	EASTERN_FRISIAN
nort2641	NORTHERN_KURDISH
nort2646	NORTHERN_PASHTO
nort2662	JAMMUN
nort2671	NORTH_SAAMI
nort2684	SURIN
nort2686	NORTH_ALTAI
nort2690	UZBEK
nort2697	AZERBAIJANI
nort2699	KOLAMI
nort2702	GONDI
nort2722	MAWO_QIANG
nort2723	JIULONG_PUMI
nort2724	ENQI_BAI
nort2725	NAGA_RENGMA
nort2732	NORTHERN_TUJIA
nort2735	KAM
nort2740	LAMPANG_THAI
nort2745	NORTHERN_YUKAGHIR
nort2747	HMU
nort2770	YINGILUM
nort2774	NORTHERN_NGBANDI
nort2775	NORTHERN_GBAYA_2
nort2784	NORTHERN_NUNI
nort2795	ZIMBABWE_NDEBELE
nort2828	TERNATE_PASAR
nort2836	NORTH_EFATE_PWELE
nort2839	NORTH_AMBRYM_RANON
nort2845	MARQUESAN_NUKUHIVA
nort2847	NORTH_TANNA
nort2857	ONANK
nort2860	NORTH_BABAR
nort2877	KANKANAY_NORTHERN
nort2883	NORTHERN_CATANDUANES
nort2890	MALAGASY_NORTHERN_BETSIMISARAKA_FENOARIVO_EAST
nort2916	NINATIE_MUYU
nort2917	ASMATH_NORTH
nort2920	N_TAIRORA
nort2930	URAMA
nort2935	NORTHERN_AMAMI_OSHIMA
nort2939	ATITLAN_MIXE
nort2942	HARE
nort2943	INUPIAQ
nort2945	NORTHWEST_ALASKA_INUPIATUN
nort2952	NE_MAIDU
nort2954	NORTHERN_PAIUTE
nort2957	NAHUATL_DEL_NORTE_DEL_ESTADO_DE_PUEBLA
nort2958	NAHUATL_SAN_BERNARDINO_TEOTITLAN_DEL_CAMINO
nort2959	NORTHERN_TEPEHUAN
nort2966	POMO_NORTHERN
nort2968	NORTHERN_SIERRA_MIWOK
nort2971	SANAPANA_ENLHET
nort2972	NORTHERN_EMBERA
nort2973	QUICHUA_BOLIVAR_CACHISAGUA
nort2976	CURVA
nort2980	QUECHUA_NORTH_JUNIN_TARMA
nort2994	NORTHERN_ROGLAI
nort3046	NORTH_MOFU
nort3047	NORTHERN_GIZIGA
nort3139	ARABIC_NORTH_LEVANTINE_SPOKEN
nort3142	NORTH_MESOPOTAMIAN_ARABIC
norw1258	SANDNES_NORWEGIAN
notr1240	NOTRE
nsar1238	NSARI
nsen1242	NSENGA
ntch1242	BASSARI
ntom1248	NTOMBA
nuba1241	NUBACA
nucl1235	ARMENIAN
nucl1240	MUMUYE
nucl1290	WA
nucl1301	TURKISH
nucl1302	GEORGIAN
nucl1305	KANNADA
nucl1310	BURMESE
nucl1327	LIMILNGAN
nucl1339	TEMEIN
nucl1347	WOLOF_8
nucl1379	G65_KINGA
nucl1396	SENA
nucl1417	ECHIE
nucl1418	BASSA_3
nucl1440	MASALIT
nucl1452	MOMBUN
nucl1453	WALIO_2
nucl1458	MONUMBO
nucl1460	MADURESE
nucl1594	MAIRASI
nucl1595	KWERBA_NAIDJBEDJ
nucl1620	MIDDLE_WAHGI
nucl1622	MARINDINEESCH
nucl1632	SENTANI
nucl1634	SKOU
nucl1643	JAPANESE_2
nucl1649	COAST_TSIMSHIAN
nucl1651	WINTU
nucl1683	DABA
nucl1695	BOLE
nucl1696	TANGALE
nucl1706	MODERN_MANDAIC
nucl1770	YAKOUBA
nuer1246	NUER
nugu1242	NUGUNU
nuka1242	NUKAK
nukk1240	NUK
nukn1238	NUKNA
nuku1260	NUKUORO
numa1252	NUNKU
numa1254	NUMANGGANG
numb1247	NUMBAMI
nume1241	NUME
nung1282	ANONG
nung1283	NUNG
nung1290	NUNGGUBUYU
nupe1254	NUPE
nupo1240	HUITOTO_NUPODE
nusa1245	NUSA_LAUT
nusu1239	NUSU
nuuc1236	NOOTKA
nuuu1241	NU
nyab1255	NYABWA
nyah1249	NHAHEUN_2
nyah1250	NYAKUR_2
nyak1260	NYAKYUSA
nyal1250	NYALI_2
nyam1275	MWANGA_NYAMWANGA
nyam1276	KINYAMWEZI
nyam1277	NYAMBO
nyam1279	NYAMUSA_MOLO
nyam1285	NYAM
nyan1301	NYANGUMARTA
nyan1302	TUTRUGBU
nyan1304	NYANGA
nyan1307	NYANKORE
nyan1308	CEWA
nyan1313	NYANGI
nyan1315	NYANGATOM_2
nyat1246	RIMI
nyaw1247	NYAWAYGI
nyem1238	NGANGELA
nyeu1238	NYEU
nyig1240	NYIGINA
nyih1239	NYIHA_MALAWI
nyih1240	NYIHA
nyik1246	NYIKA
nyik1247	NYIKA_TANZANIA
nyin1250	NYINDROU
nyis1236	NISHING
nyok1243	NYOKON
nyol1238	NYOLE
nyor1244	NYORE
nyor1246	NYORO
nyul1247	NYULNYUL
nyun1247	NYOONGAR
nyun1248	NYUNGWE
nzak1246	NGOUMI
nzak1247	NZAKARA_2
nzan1240	NZANYI
nzim1238	NZEMA
obok1239	OBOKUITAI
obol1243	OBOLO
ocai1244	OCAINA
occi1239	GASCON
ocot1244	OCOTLAN_ZAPOTEC
odoo1238	ODOODEE
ofay1240	OFAYE
ofoo1242	OFO
ogba1241	OGBA
ogbr1243	OGBRONUAGUM
ogea1238	ERIMA
oira1263	OIRATA
ojit1237	CHINANTEC_OJITLAN
okan1243	OKANAGAN_COLVILLE
okie1245	SOGOO
okob1241	OKOBO
okod1238	AKITA
okoe1238	OKO_OSANYE_ENI
okoj1239	OKO_JUWOI
oksa1245	OKSAPMIN
okuu1243	OKU
olde1238	OLD_ENGLISH
oldf1241	OLD_FRISIAN
oldh1241	OLD_HIGH_GERMAN
oldi1245	OLD_IRISH
oldm1242	OLD_MON
oldn1244	OLD_NORSE
oldn1245	OLD_NUBIAN
olds1250	OLD_SAXON
oldt1247	OLD_TURKIC
oloo1241	OLO_LUMI
olub1238	LULUBA
olul1245	OLULUMO_IKOM
olut1240	OLUTA_POPOLUCA
omah1247	OMAHA_PONCA
omba1241	OMBAMBA
ombo1238	OMBO
omii1238	OMI_2
omot1239	OMOTIK
onaa1245	ONA
onei1249	ONEIDA
onge1236	ONGE
onin1245	ONIN
onjo1240	ONJOB
onob1238	ONABASULU
onon1246	ONONDAGA
onoo1246	ONO
opao1240	OPAO
opat1246	EUDEVE
opuu1239	LANGA
orej1242	OREJON
orin1239	ORING
oriy1255	ORIYA
orko1234	ORKON
orma1241	ORMA
ormu1247	ORMURI
ormu1248	ORMU
oroc1248	OROCH
oroh1237	OROHA
orok1265	UILTA
orok1266	KUNDU
orok1267	KAIPI
orok1269	OROKAIVA_SOSE
oroo1241	ORO
oroq1238	OROQEN
orow1243	ORO_WIN
orum1241	ORUMA
orya1242	ORYA
osag1243	OSAGE
otda1235	KADORIH
otor1240	UTORO
otta1242	OTTAWA
ouma1237	OUMA
owaa1237	SANTA_ANA_OWA
owin1240	OWININGA_SAMO
oyda1235	OYDA
oyyy1238	OI
paaa1242	PAANCI
paam1238	PAAMA_LAUL
paas1238	PAASAAL
paca1245	QUECHUA_PACARAOS
paco1243	PACOH
pado1242	PADOE
paez1247	PAEZ
pagi1243	PAGIBETE_2
pagi1244	PAGI
pagu1249	PAGU
pahi1246	PAHI
pahn1237	PA_HNG
paiw1248	PAIWAN
pakt1239	PAK
paku1239	PAKU
pala1344	PALAUAN
pala1351	CHINANTEC_PALANTLA
pali1273	PALI
pali1279	PALIKUR
pall1244	ABASAKUR
palo1243	PALOR_2
palu1252	PALUE
pamm1242	PAM
pamo1252	BAREE
pamo1253	HINIHON
pamp1243	KAPAMPANGAN
pamp1244	ATTA_PAMPLONA
pana1295	PANA
pana1303	PANASUAN
pana1305	PANAMINT
pana1306	QUECHUA_HUANUCO_PANAO
pana1307	PANARA
panc1247	TODANGA
pand1264	PANDE
pang1286	PANGSENG
pang1287	PANGWA
pang1290	PANGASINAN
pang1291	PANGUTARAN_SAMA
pani1258	PANIM
panj1256	PUNJABI_MAJHI
pano1254	KATUKINA_PANO
pano1255	HUARIAPANO
pany1241	PANYTYIMA
paok1235	KAREN_PAO
papa1238	PAPANTLA_TOTONAC
papa1269	PAPASENA
pape1239	PAPEL
papi1255	PAPI
papo1239	PAPORA
papu1251	PAPUMA
para1299	PARACHI
para1301	AISHUO_WA
para1307	PARAWEN
para1310	ARARA_DO_PARA
para1311	GUARANI
para1312	PARAKANA
para1315	PYKOBJE
para1316	PARAUJANO
pare1271	PARE_PNG
pare1272	PARESI
pari1256	PARI
park1239	PODOKO
pass1247	PASS_VALLEY_YALI
pate1247	PATEP
patp1243	PATPATAR
patt1248	PATTANI
patt1249	MALAY_PATTANI
patw1250	PATWIN
paul1238	PAULOHI
paum1247	PAUMARI
paus1244	PAUSERNA
pawa1255	PAWAIA_2
pawn1254	PAWNEE
payn1244	PAYNAMAR
pear1247	PEAR
pech1241	PECH
pedi1238	SOTHO_NORTHERN
peee1238	PE
peer1241	PEERE
peii1238	PEI
pele1245	PELE_ATA
pemo1248	PEMON
pend1242	PENDAU
peng1244	PENGO
peno1244	MIXTEC_PENYOLES
penr1237	PENRHYN
pequ1242	MOHEGAN
pera1257	PERAI
peri1253	KALAQIN
pero1241	PERO_2
peve1243	PEVE_PALA
phal1254	BIORI_PHALURA
phen1239	PHENDE
phom1236	NAGA_PHOM
phui1238	PHWO
phun1245	PHUNOI
phuo1238	KATU
piam1242	PIAMATSINA
piam1243	PIAME_2
piap1246	PIAPOCO
pich1237	ASHENINKA
piem1238	PIEMONTESE_1
pila1245	PILAGA
pile1238	PILENI
pima1248	PIMA_BAJO
pimb1238	PIMBWE
pina1252	PINAI_HAGAHAI_ARAMO
ping1243	PINGELAPESE
pinj1243	PINZI
pint1250	PINTUPI
piny1238	PINYIN
pipi1250	PIPIL
pira1253	PIRAHA
pira1254	PIRATAPUYO
pisa1237	TEPEHUA_PISA_FLORES
pitj1243	WANGKA_WIRU
pitt1247	PITTA_PITTA
piuu1237	PIU
plai1258	PLAINS_CREE
plai1259	PLAINS_MIWOK
plat1254	MALAGASY_MERINA
plau1238	PLAUTDIETSCH
play1240	PLAYERO
pnar1238	PNAR_JOWAI
poch1243	NAGA_POCHURI
pogo1243	POGOLO
pohn1238	POHNPEIAN
poko1261	BUU
poko1263	POKOT
polc1243	POLCI
poli1260	POLISH
polo1242	POLONOMBAUK
pomm1237	POM
pomo1271	POMO
pona1250	PONAM
pong1250	PONGU
popt1235	JACALTEC
poqo1253	POCOMAM_EASTERN
poqo1254	POQOMCHI_WESTERN
port1283	PORTUGUESE_2
port1285	PORT_SANDWICH
port1286	PORT_VATO
pota1247	POTAWATOMI
pott1240	OLLARI_GADBA
pouy1238	POUYE
powh1243	POWHATAN_UNNAMEDINSOURCE
poya1241	POYANAWA
pras1239	PRASUNI
prus1238	OLD_PRUSSIAN
puar1240	PUARE
puel1244	GUNUNA_KUNE_2
puin1248	PUINAVE
puka1242	PUKAPUKA
pula1262	PULAR
pula1263	FULA
pula1267	PULABU
puma1239	PUMA
pume1238	YARURO
puno1238	TAQUILE
punt1240	PUNTHAMARA
punu1239	PUNU
puoc1238	KSINMUL
pura1253	PURAGI_3
pura1257	PURARI
pure1242	PUREPECHA
puri1258	PURIK
puri1262	PURI
puta1243	PUTAI
puxi1243	PUTIAN_CHINESE
puyu1239	PILAM_PUYUMA
pwoe1235	KAREN_PWO_EASTERN
pwow1235	KAREN_PWO_WESTERN
pyek1235	KRUMEN_PYE
pyuu1245	PYU_2
qabi1235	PUBIAO
qanj1241	QANJOBAL_SANTA_EULALIA
qaqe1238	QAGET_2
qawa1238	QAWASQAR
qima1242	KEMANT
quap1242	QUAPAW
quer1236	OTOMI_ACAMBAY
quil1240	QUILEUTE
quin1251	QUINAULT
quio1241	QUIOQUITANI_QUIERI_ZAPOTEC
rabh1238	RABHA
rade1240	RADE
raha1237	RAHAMBUU
raji1240	RAJI
raka1237	MANIHIKI
rama1270	RAMA
ramp1243	RAMPI
rana1246	RANA
rang1269	RANG
raoo1244	RAO_3
rapa1244	RAPA_NUI
rapa1245	RAPA
rapo1238	RAPOISI
rapt1240	RAPTING
rara1235	LARA
raro1241	RAROTONGAN
rasa1243	RASAWA
rata1244	RATAHAN
raut1239	RAUTE
ravu1237	RAVULA
rawa1265	RAWANG
rawo1244	POKO_RAWO_2
rayo1235	ZOQUE_RAYON
redg1235	NA_KHE_GELAO
reja1240	REJANG
reja1241	REJANG_KAYAN
reli1238	RELI
remb1249	RAINBARNGO
remp1241	REMPI
rend1243	RENDILLE_2
reng1252	RENGAO
renn1242	RENNELLESE
repa1237	REPANBITIP
rera1240	RERAU
rere1240	REREP
resh1242	RESHE
resi1247	RESIGARO
rian1262	RIANG
rikb1245	RIKBAKTSA
riri1237	RIRIO
rita1239	RITHARNGU
rogo1238	ROGO
roma1326	ROMANSH_GRISHUN
roma1327	ROMANIAN_2
roma1328	ROMAGNOL
roma1332	ROMA
romb1244	ROMBO_4
romb1245	ROMBLOMANON_2
romk1240	ROMKUN
rong1264	RONGPO
rong1268	RONGA
ronj1237	ROINJI
ronn1241	RON_MANGAR
roon1237	RON
rori1237	RORIA
roto1249	ROTOKAS
rotu1241	ROTUMAN
rovi1238	ROVIANA
ruch1235	DEANG_2
ruka1240	RUKAI
ruma1248	RUMAI
rumu1243	RUMU
rund1242	RUNDI
rung1255	RUNGWA
rung1258	RUNGA
russ1263	RUSSIAN
russ1264	BURIAT_RUSSIA_2
rutu1240	RUTUL
ruun1238	RUUND
saaa1240	SAA
saaa1241	SA
saaf1238	SAFEN_5
saam1283	SAMIA
saar1237	SAAROA
saba1262	SABAOT
saba1265	SAABAN
saba1267	BISAYA_SABAH
saba1268	SABANE
saba1276	SABA
sabu1253	SABUM
sabu1255	SAVU
saca1238	SACAPULTECO_SACAPULAS_CENTRO
sadr1248	SADRI
saek1240	SAEK_2
saep1240	SAEP
safe1240	AMPALE
safw1238	SAFWA
saga1256	SAGALA
saga1262	SAGHALA
saho1246	SAHO
sahu1245	SAHU
sais1237	SAISIYAT
saja1240	DHAMMAI
saka1287	SAKATA_2
saka1289	SAKAO
saka1291	MALAGASY_SAKALAVA_2
sake1247	SAKE_1
saki1248	MEKENS
sala1264	SALAR_2
sala1268	L51_SALAMPASU
sala1272	QUICHUA_TUNGURAHUA_SALASACA
sala1273	MONDE
sali1253	SALINAN
sali1295	SALIBA_PAPUA_NEWGUINEA
sall1238	SALLANDS
samb1305	SAMBA_LEKO
samb1307	SAMBE_2
samb1309	SAMBA
samb1311	SAMBA_DAGA
samb1315	SAMPUR
samb1321	SAU
samm1244	SONGUM
samo1303	SAMO
samo1305	SAMOAN
samo1306	SAMOSA
samr1245	SAMRE
sana1295	YEMEN_SANAANI_ARABIC
sanb1241	COATLAN_LOXICHA_ZAPOTEC
sanb1242	KUNA_YALA_SAN_BLAS
sand1273	SANDAWE
sanf1258	SAN_FRANCISCO_DEL_MAR_HUAVE
sanf1262	MATLATZINCA_SAN_FRANCISCO_OXTOTILPAN
sang1321	NAGA_SANGTAM
sang1328	SANGO_2
sang1329	SANGA
sang1330	SANGU
sang1331	L35_SANGA
sang1333	ISANGU
sang1336	SANGIR_2
sang1337	SANGIL
sani1269	SANI_YI
sani1270	SANIO
sanj1281	MIXTECO_DE_SAN_JUAN_COLORADO
sanj1284	ZAPOTEC_SAN_LUCAS_QUIAVINI
sanj1285	POPOLOCA_SAN_JUAN_ATZINGO
sanj1286	SAN_JERONIMO_TECOATL
sank1253	SANKARAN_MANINKA
sanm1287	HUAVE_2
sanm1289	QUECHUA_SAN_MARTIN
sanm1295	CHALCATONGO_MIXTEC
sanp1260	SAN_PEDRO_AMUZGOS_AMUZGO
sanp1261	SAN_PEDRO_QUIATONI_ZAPOTEC
sans1269	SANSKRIT
sans1272	KONGO_SAN_SALVADOR_2
sant1410	SANTALI
sant1432	QUECHUA_ARGENTINA
sant1447	SANTA_INES_YATZECHI_ZAPOTEC
sant1451	SANTA_MARIA_QUIEGOLANI_ZAPOTEC
sanu1240	SANUMA
saoc1239	SAOCH
sapa1251	SAPARUA_OUW
sape1238	SAPE
sapo1253	TAIOF
sapo1254	SAPONI
sapu1248	SAPUAN
sara1322	KABA_DEME_SARA
sara1323	SIRASIRA
sara1326	BILAAN_SARANGANI
sara1327	MANOBO_SARANGANI
sara1331	SARAVEKA
sari1246	SARIKOLI
sars1236	SARCEE
saru1242	SARUDU
saru1243	SARUGA
sasa1249	SASAK
sass1235	SASSARESE
sata1237	SATAWALESE
sate1243	SATERE_MAWE
saur1249	MALTO
saus1246	SAUSI
savi1242	SAVI
savo1255	SAVOSAVO
sawa1247	SAWAI_UNNAMEDINSOURCE
sawe1240	SAWERU
sawi1256	SAWILA_2
sawi1257	SAWUJ
sawk1238	FOQAHA
saya1246	SAYA
sayu1241	SAYULA_POPOLUCA
scot1243	SCOTS
scot1245	GAELIC_SCOTTISH
seba1251	GETO
sebo1238	SEBOP_KENYAH
sebu1243	SEBUYAU
sech1246	SECHELT
seco1241	SECOYA
seda1262	SEDANG
sedo1237	SEDOA
seek1238	SEEKU
sega1243	SEGAI
sege1246	SEGEJU
seim1238	SEIMAT
seka1247	SEKAR
seke1240	TANGBE
seke1241	SEKE
seki1238	SEKIYANI
sekp1241	LIKPE
sela1259	SELARU
sela1260	SELAYAR
sele1249	SELE
sele1250	SELEPET
selk1253	SELKUP
sema1265	SEMAQ_BERI
sema1266	SEMAI_2
sema1269	KUALAN
seme1247	SEMELAI
semi1264	SEMIMI
semn1250	SEMNAM
sena1262	SENARA_SENOUFU
sene1264	SENECA
sene1271	SENED
seng1278	SENGELE_MBELO
seng1281	SENGSENG
seng1285	SENGI
senh1238	SENHAJA_DE_SRAIR
sepa1242	SEPA_INDONESIA
sepe1240	SEPEN
sepi1255	SEPIK_IWAM
sera1259	SERAIKI
sere1260	SEREER_4
sere1264	SERE
seri1255	SERILI
seri1257	SERI
serr1255	GABRIELINO
seru1244	SERUI_LAUT
seru1245	SERUA
seze1235	SEZE_2
sgaw1245	KAREN_SGAW
shaa1247	SHA
shab1252	SHABO
shah1254	SOUTHERN_TALYSH
shal1242	SHALL
sham1278	SHAMA
sham1280	SHAMBALA
shan1277	SHAN_4
shan1282	SHANGA
shar1244	SHARK_BAY_2
shar1245	SHARANAHUA
shat1244	SHATT
shau1238	SHAU
shee1238	SHE_CHINA
sheh1240	SAURI
shek1243	SHEKHAWATI
shek1244	MOCHA_2
shek1245	SHEKO
shen1250	SHENI
sher1255	SHERPA
sher1257	SHERDUKPEN
sher1258	SHERBRO
shii1238	SHI
shil1265	SHILLUK
shin1264	SHINA_2
ship1254	SHIPIBO
shom1245	SHOM_PENG
shon1251	SHONA
shor1247	SHOR
shos1248	SHOSHONI
shua1254	SHUA
shua1257	SHUAR
shug1248	SHUGHNI
shum1235	SHUMASHTI
shus1248	SHUSWAP
shwa1239	SHIRUMBA
shwe1236	PALAUNG_SHWE
siam1242	SEME
sian1254	SIANG
sian1257	SIANE
siar1238	SIAR
sich1238	XIDE
sici1248	SICILIAN_UNNAMEDINSOURCE
sici1249	SENUFO_SICITE
sida1246	SIDAMO
siee1239	SIE
sier1248	NAHUATL_SAN_PABLO_ZOQUITLAN
sier1250	ZAPOTEC_SIERRA_DE_JUAREZ
siha1245	SIHAN
sika1261	SIKAIANA
sika1262	SIKA
sika1263	SIKARITAI
siks1238	BLACKFOOT
siku1242	SICHULE
sila1250	SILACAYOAPAN_MIXTEC
sile1255	SILEIBI
sili1247	SELEPUT
sili1249	KINIAGEIMA
silo1240	SILOPI
sima1258	MAKOMA
simb1254	SIMBA
simb1255	SIMBARI
simb1256	SIMBO
sime1241	SIMALUR
sina1266	SINAUGORO
sina1269	GALU
sins1241	SINSAURU
sint1235	SINTI_ROMANI
siny1243	SINYAR
sion1247	SIONA
sioo1240	SIO
sipa1247	SIPAKAPENSE
sira1266	SIRA
sira1267	SIRAYA
sire1246	YUPIK_SIRENIK
siri1273	SIRIONO
siri1274	SIRIANO
siro1249	SUROI
siss1242	SISAALA_BURKINA_FASO
siss1243	SISSANO_2
sius1254	SIUSLAW
siva1239	SIVANDI
siwa1245	MOTUNA
siwi1239	SIWI
siwu1238	SIWU
siyi1240	CHIN_SIYIN
skol1241	SKOLT_SAAMI
slov1268	SLOVENIAN
slov1269	SLOVAK
smar1235	RAWA_BIRU
sobe1238	SOBEI
soch1239	CHINANTEC_SOCHIAPAN
sode1235	ESO_YALEMBA
soga1242	SOGA_2
soko1263	SOKORO
soli1239	M62_SOLI
solo1257	SOLOS
solo1258	ARAWE
soma1255	SOMALI
somm1240	SOM
sond1250	SONDE_FESHI
song1299	SONGO
song1300	GENGELE
song1303	SONGYE
soni1259	SONINKE
soni1260	SUNIA
sons1242	SONSOROLESE
sooo1256	TEPES
sopp1247	USINO
soqo1240	SOQOTRI
sora1254	SAVARA
sori1242	SORI_HARENGAN
sota1242	SOTA
sout1528	SERBOCROATIAN
sout2642	SOUTHERN_BALOCHI
sout2645	SOUTHWESTERN_FARS
sout2647	LURI
sout2649	PISHIN_PASHTO
sout2668	ATTOCK
sout2674	SOUTH_SAAMI
sout2679	ESTONIAN_VORO
sout2699	SOUTHERN_UZBEK
sout2728	QIANG_PUXI
sout2730	ZHOUCHENG_BAI
sout2732	NAGA_SOUTHERN_RENGMA
sout2734	SOUTHERN_YAMPHU
sout2741	SOUTHERN_DONG
sout2746	SONGKHLA_THAI
sout2750	SOUTHERN_YUKAGHIR
sout2774	NEMBE
sout2778	KISI
sout2782	FALI
sout2784	NGBANDI
sout2785	BIYANDA
sout2787	LANGBA
sout2789	DAGAARE
sout2790	BIRIFOR_SOUTHERN
sout2795	SOUTHERN_NUNI
sout2797	SOUTHERN_TOUSSIAN
sout2807	SOTHO_SOUTHERN
sout2826	GREBO
sout2828	SOUTHERN_MAADI_2
sout2832	REK
sout2833	DINKA_SOUTH_CENTRAL
sout2834	DINKA_SOUTHEASTERN
sout2840	SOUTHERN_BOBO_MADARE_2
sout2844	SOUTHERN_SAMO
sout2856	SOUTH_EFATE_PANGO
sout2857	SOUTH_WEST_BAY_BENOUR
sout2859	SOUTHEAST_AMBRYM_TOAK
sout2869	SOUTHWEST_TANNA_IKITI
sout2877	DANGAL
sout2883	SOUTHEAST_BABAR
sout2895	FATAKAI_NUAULU_SERAM
sout2908	SOUTHERN_KALINGA
sout2912	SOUTHERN_CATANDUANES
sout2916	SOUTHWEST_PALAWANO
sout2918	SIBUTU_SOUTHERN_SAMA
sout2920	MALAGASY_SOUTHERN_BETSIMISARAKA_MAHANORO
sout2940	DIGOELEESCH
sout2941	SIAGHA
sout2943	TAIRORA_SOUTH
sout2949	KIWAI_SOUTHERN
sout2956	HAIDA
sout2959	SLAVEY
sout2961	TIWA_SOUTHERN
sout2965	PUGET_SALISH
sout2973	NAHUATL_SAN_JOSE_MIAHUATLAN
sout2978	SOUTHERN_EAST_CREE
sout2984	SOUTHERN_POMO
sout2985	S_SIERRA_MIWOK
sout2986	MUTSUN
sout2989	LENGUA
sout2990	INGA
sout2991	POCONA
sout2992	CHACPAR
sout2994	NAMBIKWARA
sout2996	HUACANA
sout2999	PAME_MERIDIONAL
sout3004	ZAPOTEC_SOUTHERN_RINCON
sout3123	PALESTINIAN_ARABIC
sout3241	TIDONG
souu1238	SU
sowa1244	SOWA
sowa1245	WAINA
soya1237	SAN_MIGUEL_SOYOLTEPEC
spit1240	SPITIAN
spok1245	SPOKANE
squa1248	SQUAMISH
stan1288	SPANISH
stan1289	VALENCIAN
stan1290	FRENCH_2
stan1293	ENGLISH_2
stan1295	STANDARD_GERMAN
stan1318	STANDARD_ARABIC
stan1325	LATVIAN
stel1238	STELLINGWERFS
stra1244	SAMISH
suau1242	SUAU
suba1238	SUBA
subi1246	MBALANGWE
subt1250	SUBTIABA
suda1236	ARABIC_SUDANESE_SPOKEN
sude1239	SUDEST
suen1241	SUENA
suga1248	NIZAA
suga1249	WAGARABAI
suii1243	SUI
suku1259	SUKU_2
suku1261	SUKUMA
suku1264	SUKURUM
sulu1241	PUROIK
suma1270	SUMAU
sumb1240	SUMBWA_2
sumb1241	SUMBAWA
sume1241	SUMERIAN
sumi1235	NAGA_SUMI
sund1252	SUNDANESE
sunw1242	SUNWAR_2
suri1267	TIRMA
suri1273	SURIGAONON
surr1238	TAPSHIN
surs1246	SURSURUNGA
suru1261	SURUI_DO_PARA
susu1250	SUSU
suya1243	SUYA
svan1243	SVAN
swab1242	SWABIAN
swah1253	SWAHILI
swat1243	SWATI
swed1254	JAMTLANDIC
swis1247	ALSATIAN
sydn1236	SYDNEY
taab1238	KITABWA
taba1259	TABASARAN
taba1263	TABARU
taba1264	AYAPANECO
taba1265	TABASCO_NAHUATL_CUPILCO
taba1266	CHONTAL_TABASCO
tabl1243	TABLA
tabo1241	TABO_WAIA
tabr1243	TABRIAK_3
taca1256	TACANA
tach1249	CHAOUI
tach1250	TASHELHIT_IDA_USEMLAL
tada1238	TADAKSAHAK
taee1237	TAE
tafi1243	TEGBO
taga1268	KALAGAN
taga1270	TAGALOG
taga1278	WARGLA
tagb1255	TAGBU
tagb1258	TAGBANWA_ABORLAN
tagi1241	NISI_TAGIN
tago1246	TAGOI
tagw1240	SENOUFO_TAGWANA
taha1241	TAMAHAQ_TAHAGGART_2
tahi1242	TAHITIAN
taia1239	TAYAP
taid1247	BLACK_TAI_2
taid1249	TAI_DAENG
taid1250	JINPING_TAI
taih1246	WUDING_TAI
taik1255	TAIKAT_2
tain1252	DEHONG
tain1253	IVORI
tain1254	TAINO
tair1256	UARIPI
tait1250	DAWIDA
taiy1242	YUANYANG_TAI
taje1237	TAJE_PETAPA
taji1245	TAJIK
taji1246	TAJIO
take1255	SOUTHERN_TATI
take1257	TAKELMA
taki1248	TAKIA
taku1257	TAKUU_MORTLOCK
takw1238	TAKWANE
tala1285	TALAUD
tala1295	TALA
tali1258	TALINGA
tali1259	TOLO
tali1262	SOBOYO
talo1250	JOMANG
talo1252	TALOKI
taly1247	TALYSH
tama1331	MIISIIRII_TAMA
tama1336	TAMAGARIO
tama1365	TAMASHEQ
tamb1253	TAMBOTALO
tami1289	TAMIL_2
tami1290	TAMI
tamk1242	TEMKI
tamn1235	TAMNIM_CITAK
tamp1251	TAMPUAN
tana1289	INLAND_TANAINA
tana1290	TANACROSS
tand1253	TANDIA
tand1256	MALAGASY_MAHAFALY
tane1237	TANEMA
tang1336	NAGA_TANGKHUL
tang1347	TANGOA
tang1353	TANGKO
tang1355	TANGU
tang1356	TANGUAT
tani1257	TANIMUCA
tanj1247	JIJILI
tano1246	MALAGASY_TANOSY_TOLAGNARO
tapa1260	TAPACHULTEC
tapi1253	TAPIETE
tapi1254	TAPIRAPE
tara1313	NAGA_TARAO
tari1256	TARIANA
tari1263	TARIFIT_BENI_IZNASSEN
taro1264	SEDIQ
tarp1240	TARPIA
tasa1240	TASAWAQ
tasm1246	TASMATE
tata1255	TATAR_2
tata1258	CHATINO_TATALTEPEC
tatu1247	TATUYO
taua1242	TAUADE
taul1251	TAULIL_2
taus1251	TAUSUG
taus1252	TAUSE
taus1253	TAUSHIRO
tauy1241	TAUYA
tave1240	TAVETA_2
tawa1275	TAWALA
tawa1286	TETSERRET
tawo1243	TAWOYAN
taya1257	TAMAJEQ_TAYART_AIR
tayy1238	TAY
tbol1240	TAGABILI
tchi1245	TCHITCHEGE
tean1237	TEANU
tebu1239	TEBUL_URE
teda1241	TEDAGA
tedi1235	CHIN_TEDIM
teee1242	TEE
teen1242	LORHON
tefa1238	TEFARO
tehu1242	TEHUELCHE
teiw1235	TEIWA
teke1274	FUMU_1
teke1275	NORTHERN_TEKE_2
teke1277	LAALI_TEKE_1
teke1278	TEGE_EWO
teke1280	B77A_KUKUYA_2
tekt1235	MAM_TECTITAN
tela1241	TELA_MASBUAR
tele1256	TELEFOL
telu1262	TELUGU_3
telu1263	TALUTI
temb1270	J531_TEMBO_2
temb1276	TEMBE
temi1246	TEMIAR
temm1241	TEM
temo1243	TEMOQ
temo1245	OTOMI_TEMOAYA
temu1239	TEMUAN
tena1240	SERENA
tene1248	TENE_KAN_3
teng1272	TENGGER_NGADAS
tenh1241	PARINTINTIN
tenn1245	TEN_2
tenn1246	TENNET
teop1238	TEOP
tepe1280	CUICATEC
tepo1239	KRUMAN
tera1251	TERA
tere1272	TERESSA
tere1276	TEREBU
tere1278	BUIN
tere1279	TERENA
teri1244	TERIK
teri1250	TERIBE
term1237	TERMANU
tern1247	TERNATE
tesa1236	MALAGASY_ZAFISORO
tese1238	TESE
teso1249	TESO
tete1250	TETELA
tete1251	TETELCINGO_NAHUATL
teun1241	TEUN
teut1235	SAN_ANDRES_TEOTILALPAM_CUICATEC
tewa1260	TEWA_ARIZONA
texi1237	TEXISTEPEC_ZOQUE
texm1235	TEXMELUCAN_ZAPOTEC
thaa1239	THA
thad1238	CHIN_THADO
thai1261	SIAMESE
thak1245	THAKALI
than1255	NAGA_THANGAL
than1259	THANGMI
thao1240	THAO
thar1283	THARAKA_2
thay1249	THAYORE
thom1243	THOMPSON
thul1246	THULUNG
thur1254	THURAWAL
tial1239	MALMARIV
tian1237	TIANG
tibe1272	TIBETAN_LHASA
tibe1274	TIBEA
ticu1245	TIKUNA
tido1248	TIDORE
tief1242	CEFO
tiem1235	BOZO_TIEMA_CIEWE
tien1242	TIENE_3
tiey1235	BOZO_TIEYAHO
tifa1245	TIFAL
tiga1245	TIGAK
tigo1236	TIGON_MBEMBE
tigr1270	TIGRE
tigr1271	TIGRINYA
tika1246	TWUMWU
tiko1237	TIKOPIA
tila1239	TILAPA_OTOMI
till1254	TILLAMOOK
tilq1235	TILQUIAPAN_ZAPOTEC
tilu1238	TILUNG
tima1241	TIMA
timb1251	TIMBE
timn1235	THEMNE
timu1245	TIMUCUA
timu1262	TIMUGON_MURUT
tina1246	TINANI
tind1238	TINDI
tipp1239	TIPPERA_TONGPAI
tira1254	TIRO
tira1258	TIRANIGE_DIGA_DOGON
tiri1258	GRAND_COULI
tiru1241	TIRURAY
tita1241	SIVISA_TITAN
tivv1240	TIV_2
tiwa1253	TIWA
tiwi1244	TIWI
tlac1235	TEPEHUA_TLACHICHILCO
tlac1237	TLACOAPA_MEPHAA
tlah1239	AYUTLA_MIXE
tlam1239	NAHUATL_CUENTEPEC_TEMIXCO
tlin1245	TLINGIT
toab1237	TOABAITA
toar1246	TOARIPI
toba1266	TOBATI
toba1269	TOBA
tobo1251	TOBO
toca1235	ASURINI
toch1257	TOCHO_2
toda1252	TODA_2
todr1244	TODRAH_UNNAMEDINSOURCE
tofa1246	TOFAMNA
togb1241	VARA
toho1245	TOHONO_OODHAM
tojo1241	TOJOLABAL
toka1244	TOKANO
tokh1242	TOCHARIAN_A
tokh1243	TOCHARIAN_B
toku1246	TOKUWASE
tola1247	TOLAKI
toll1241	JICAQUE
tolo1255	TOLOMAKO
toma1248	TOMADINO
tomb1243	TOMBULU
tomi1243	TOMINI
tomm1242	TOMMO_SO_3
tond1251	TONDANO
tong1308	TONGA
tong1318	M64_TONGA_1
tong1325	TONGAN
tonk1249	TONKAWA
tons1240	TONSEA
tont1239	TONTEMBOAN
toor1238	TOORO
topo1243	TOPOIYO
tora1259	TORAU
tora1261	SADAN
toro1249	TORO
toro1252	DOGON
toro1253	TORO_TEGU_3
torr1259	ARO
torw1241	TORWALI
tosk1239	ALBANIAN
toto1304	TOTOLI
toto1305	NORTH_HIGHLAND_MIXE
toto1306	TOTORO
touo1238	MBANIATA_2
tour1242	TOURA
tour1243	DOURA
towe1240	TOWEI
trin1273	TRING
trin1274	TRINITARIO
trio1238	TIRIYO
tsaa1242	TSAANGI
tsak1249	TSAKHUR
tsak1250	TTSAKWAMBO
tsam1247	TSAMAI
tsat1238	TSAT
tsha1245	TSHANGLA
tsim1257	MALAGASY_TSIMIHETY_MANDRITSARA
tsis1238	SALKA
tsoa1238	MASARWA_TATI
tsog1243	XETSOXO
tson1249	TSONGA
tsou1248	TSOU
tsuv1239	TSUVADI
tswa1253	TSWANA
tswa1255	TSHWA
tuam1242	TUAMOTUAN
tuba1278	TUBATULABAL
tuba1279	TUBAR
tuca1252	TUCANO
tuge1241	NORTH_TUGEN
tugu1245	TUGUN
tuka1248	TUKANG_BESI_NORTHERN
tuka1249	TUKANG_BESI_SOUTHERN
tuki1240	TUKI_2
tukp1239	NYAMKAD
tuku1254	TUKUDEDE
tula1252	TULA
tule1244	TULEHU
tuli1249	TULISHI
tulu1258	TULU_INDIA
tuma1260	TUMAK
tumb1250	TUMBUKA_ZAMBIE
tuml1238	TUMLEO_2
tumt1243	KURONDI
tumu1242	SISAALA_TUMULUNG
tumz1238	TUMZABT
tune1261	TUNEN
tung1290	TUNGAK
tung1293	TUNGGARE
tuni1252	TUNICA
tuni1259	TUNISIAN_ARABIC_MAGHRIB
tunj1244	TUNJUNG
tunn1238	TUNNI
tupa1250	TUPARI
tupi1273	TUPINAMBA
tupu1244	TUPURI
turk1303	KHALAJ_IRAN
turk1304	TURKMEN_2
turk1306	TURKA_2
turk1308	TURKANA
turo1239	TUROYO
tusc1257	TUSCARORA
tuto1241	TUTONG_2
tuts1235	TUTSA
tutu1241	TUTUBA
tuva1244	TUVALUAN
tuvi1240	TUVAN
tuwa1242	TUWARI
tuwu1238	TUWULI
tuyu1244	TUYUCA
twan1247	TWANA
twen1241	TWENTS
tyap1238	TYAP
tzel1254	TZELTAL_OXCHUC
tzot1259	ZINACANTAN_TZOTZIL
tzut1248	TZUTUJIL_WESTERN
uabm1237	UAB_METO
uare1241	UARE
ubag1245	UBAGHARA
ubii1238	UBI
ubir1237	UBIR
ubyk1235	UBYKH
udaa1238	UDA
udih1248	UDEHE
udii1243	UDI
udmu1245	UDMURT
uduk1239	UDUK
ughe1237	UGHELE
ugon1239	GONG
uigh1240	UYGHUR
ujir1237	UJIR
ukaa1243	UKAAN
ukpe1249	UKPET
ukra1253	UKRAINIAN
ukur1240	UKURIGUMA
ukwa1238	UKWA
ukwu1241	UKAWANI_ABOH_NDONI
ulau1237	ULAU
ulch1241	ULCHA
ulit1238	ULITHIAN
ulum1237	KONDO
ulwa1239	ULWA
umaa1242	UMA
umat1237	UMATILLA_SAHAPTIN
umbu1256	UMBUYKAMU
umbu1257	UMBUNDU
umbu1258	UMBU_UNGU_2
umon1238	UMON
unam1242	UNAMI_UNNAMEDINSOURCE
unua1237	UNUA
uppe1275	TOTONAC_UPPER_NEXACA
uppe1395	UPPER_SORBIAN
uppe1400	SAXON_UPPER
uppe1430	DANI_UPPER_GRAND_VALLEY
uppe1437	UPPER_TANANA_TETLIN
uppe1438	UPPER_KUSKOKWIM
uppe1439	CHEHALIS_UPPER
urad1239	URADHI_ATAMPAYA
urak1238	URAK_LAWOI
urap1240	URA_PNG2
urat1244	URAT_3
urav1235	URA
urdu1245	URDU
urho1239	URHOBO
urig1240	URIGINA
urii1240	URI_PAPUA_NEW_GUINEA
urim1251	URIMO
urim1252	KUKWO
urip1239	URIPIV
urni1239	URNINGANGG
urua1242	URUAVA
urua1244	URUANGNIRIN
urub1250	URUBU_KAAPOR
urue1240	URUEWAUWAU
uruu1244	UCHUMATAQU
usag1244	USAKADE
usan1239	WANUMA
usho1238	USHOJO
usil1237	CHINANTEC_SAN_FELIPE_USILA
usku1243	USKU
uspa1245	USPANTEKO
usui1238	USUI
utar1238	OSUM
utes1238	UTE_SOUTHERN_PAIUTE
utuu1240	UTU
uuuu1243	U
uyaa1238	USU
uzek1238	UZEKWA
vaag1238	VAAGRI_BOLI
vafs1240	VAFSI
vagh1247	KWANKA
vagh1249	VAGHUA
vagl1239	VAGALA
vaii1241	VAI
valm1241	WALMAN
valp1237	VALPEI
vang1243	MBAREKE
vani1248	DUMO
vaoo1237	VAO
vari1239	VARISI
varl1238	WARLI
vase1234	O_KUNG
vedd1240	VEDDA
vehe1237	BUASI
vemg1240	VEMGO_MABAS_2
vend1245	VENDA
veng1238	VENGO
vent1242	VENTURENYO
veps1250	VEPS_2
vera1241	VERAA
viem1243	VIEMO
viet1252	VIETNAMESE_2
vile1241	VILELA
vili1238	VILI
vinm1237	VINMAVIS
vinz1238	VINZA
vito1235	VITOU
vlaa1240	WESTVLAAMS
vlax1238	VLAX_ROMANI
vuna1239	VUNAPU
vunj1238	WUNJO_2
vure1239	MOSINA
vute1244	VUTE_YOKO
vwan1235	WANJI
waat1238	WAATA
wabo1240	WABO
wabo1241	WABUDA
wada1263	WADAGINAM
waff1241	WAFFA
wage1238	WAGIMAN
waig1243	WAIGALI
waig1244	AMBEL
wail1242	WAILAPA
waim1251	RORO
waim1253	WAIMIRI_ATROARI
waim1255	WAIMAHA
waiw1244	WAIWAI_2
waja1257	WAJARRI
waka1274	DUUNGIDJAWU
wala1266	LANGALANGA
wala1269	PYRAMID_WODO
wali1262	WALI_SUDAN
wall1257	WALLISIAN_EAST_UVEAN
walm1241	WALMAJARRI
wama1247	WAMAS
wamb1257	WAMBULE
wamb1258	WAMBAYA
wamb1259	WAMBON
wamp1247	WAMPAR
wamp1248	WAMPUR
wamp1249	WAMPANOAG_NATICK
wana1268	WANAP
wana1269	WANAMBRE
wanc1238	WANCHO
wand1263	WANDARANG
wand1264	WANDA
wand1266	WANDJI
wand1267	WANDAMEN
wand1278	WANDALA
wane1241	WANECI
wang1290	WANGGANGURU
wang1291	WANGAAYBUWAN_NGIYAMBAA
wang1294	WANGA
wang1299	WANGGOM
wann1242	WAN_2
wano1243	WANO
wanu1241	WANUKAKA
waor1240	WAORANI
waph1238	WAPHA
wapi1253	WAPISHANA
wapp1239	WAPPO
wara1290	WARAY
wara1292	WARA
wara1294	KOMNZO
wara1299	SOUTHERN_SORSOGON
wara1300	WARAY_WARAY
wara1302	SUMO
wara1303	WARAO
ward1246	WARDAMAN
ware1253	WAREMBORI
wari1264	WARITAI
wari1266	WARIS
wari1268	PAKAANOVA
warj1242	WAR_JAINTIA
warj1253	WARJI
wark1247	WARKAJ
warl1254	WARLPIRI
warl1256	WARLUWARA
warn1244	WARNANG
waro1242	WAROPEN
warr1255	WARGAMAY
waru1264	WARUNGU
waru1265	WARUMUNGU
waru1266	WARU
waru1267	WARUNA
wase1252	WASEMBO
wash1253	WASHO
wask1241	WASKIA
wata1253	WATAM_2
wath1238	WATHAWURRUNG
watu1247	WATUBELA
waur1244	WAURA
wauy1237	WAUYAI
wawa1246	WAWA
wawo1239	WAWONII
waya1269	WAYANA
waya1270	WAYAMPI
wayu1241	HAYU
wayu1243	WAYUU
weda1241	WEDAU
wehh1238	WEH
weje1237	WEJEWA
wels1246	WELSH_ROMANI
wels1247	WELSH
wemb1241	WEMBAWEMBA
weno1238	WOBE
wers1238	WERSING_2
west2354	FRISIAN_WESTERN
west2361	YIDDISH_WESTERN
west2368	BALOCHI_WESTERN
west2369	PERSIAN
west2386	WESTERN_PANJABI_SHAHPUR
west2392	HILL_MARI
west2396	LAWA_LA_UP
west2397	BRU_WESTERN_UNNAMEDINSOURCE
west2402	WEST_YUGUR
west2408	WESTERN_MURIA
west2409	KAYAH_WESTERN
west2415	WESTERN_TAMANG
west2418	WESTERN_MAGAR
west2420	TAKA_KHAM
west2430	WESTERN_XIANGXI_HMONG
west2441	WESTERN_ARRERNTE
west2450	WEST_CENTRAL_LIMBA_2
west2454	FULA_NIGER_BURKINA_FASO
west2458	WOJO
west2465	SISAALA_WESTERN
west2466	WESTERN_KARABORO
west2500	MALINKE
west2513	WEST_AMBAE
west2519	WAYAN_FIJIAN
west2538	NGAIBOR
west2548	WEST_DAMAR
west2555	MANOBO_WESTERN_BUKIDNON
west2557	SUBANON_SIOCON
west2563	WESTERN_PENAN
west2564	LONG_TERAWAN_BERAWAN
west2594	LANI
west2599	KEWA
west2600	TAGONO
west2615	SAN_CARLOS
west2618	KANGIRYUARMIUTUN
west2624	NAHUATL_COXCATLAN
west2630	ABNAKI_WESTERN
west2632	ACOMA_KERES
west2635	ACATECO_SAN_MIGUEL_ACATAN
west2644	CHATINO_WESTERN_HIGHLAND
west2650	CHAM_WESTERN
west2721	MECHA_OROMO
west2763	WESTERN_NEO_ARAMAIC
west2778	NAHUATL_SAN_AGUSTIN_DE_BUENAVENTURA
weta1242	WETAMUT
whit1266	WHITE_LACHI
whit1267	JUDU_GELAO
whit1269	WHITESANDS_LONIEL
wiar1238	MANDI_PAPUANG
wich1260	WICHITA
wich1263	WICHI_LHAMTES_VEJOZ
wich1264	MATACO
wikm1247	WIK_MUNGKAN
wikn1245	WIK_NGATHAN
winy1241	KO_WINYE
wipi1242	UME
wira1262	WIRADHURI
wira1265	WIRANGU
wiru1244	WIRU
wiyo1248	WIYOT
woge1237	WOGEO
woii1237	WOI
woiw1237	WOIWURRUNG
woje1238	WOJENEKAKAN
wola1242	WOLAYTTA
wola1253	WALANI_SILTE
wole1240	WOLEAIAN
woli1241	WOLIO
womo1238	WOMO
womp1235	WOM
wong1246	WANGKUMARA
wong1247	WONGO
wori1245	WORIMI
woro1256	WORODUGUKAKAN
worr1237	WORRORRA
wota1240	WOTAPURI_KATARQALAI
wotu1240	WOTU
woun1238	WOUNAAN
wuch1236	WU_CHONGMING
wudi1238	WUDING_LUQUAN_YI
wudu1238	WUDU
wulg1239	WULGURU
wuli1242	WULIWULI
wumb1242	WUMBVU
wusa1235	DAFANG
wush1238	WUSHI
wusi1237	WUSI_MANA
wutu1244	WUTUNG
wuvu1239	WUVULU
wuzl1236	WUZLAM
wyan1247	WYANDOT
wymy1235	WYMYSORYS
xaas1235	XAASONGAXANGO
xamm1241	KAM_KA_KE
xamt1239	XAMTANGA
xana1235	XANAGUIA_ZAPOTEC
xara1244	XARACUU
xava1240	XAVANTE_2
xere1240	XERENTE
xeta1241	XETA
xhos1239	MPONDOMISE
xian1251	XIANG
xibe1242	XIBE
xico1235	XICOTEPEC_TOTONAC
xinc1247	XINCA
xing1248	ASURINI_XINGU
xipa1240	XIPAYA
xiri1243	BAHUANA
xish1235	LALO
xokl1240	XOKLENG
yaak1241	MOGOGODO
yaba1248	YABARANA
yabe1254	YABEM
yabe1255	YABEN
yabo1240	YABONG
yaey1239	YAEYAMA
yafi1240	JAFI
yaga1260	YAGARIA
yagn1238	YAGHNOBI
yagu1244	YAGUA_2
yagw1240	YAGWOIA
yaha1247	YAHANG
yahu1241	YAHUNA
yaka1269	YAKA_PELENDE
yaka1272	YAKA_AXK
yaka1274	IYAA
yaka1275	YAKAIKEKE
yaka1277	YAKAN
yaki1237	YAKIMA
yako1252	YAKOMA_2
yaku1245	SAKHA_2
yala1262	YALARNNGA
yala1267	ZAPOTEC_YALALAG
yalu1240	YALUNKA
yama1260	YAMAP
yama1264	YAMANA
yamb1251	YAMBA
yamb1252	YAMBETA
yamb1254	YAMBES
yamd1240	YAMDENA
yami1254	YAMI
yami1256	YAMINAWA
yamp1242	YAMPHU
yana1271	YANA
yand1253	YANDRUWANDHA
yand1257	YANDA
yane1238	AMUESHA
yang1288	YANGMAN
yang1290	YANGKAM
yang1293	YANGBEN
yang1296	AIKU
yang1297	YANGUM_DEY
yang1298	YANGULAM
yank1247	PITJANTJATJARA_YANKUNTJATJARA
yann1237	YANANGO
yano1261	YANOMAME
yano1262	YANOMAM
yans1239	NSAMBAAN
yany1243	YANYUWA
yaoo1241	CIYAWO
yaos1235	ASMAT_YAOSAKOR
yaou1238	YAURE
yape1248	YAPESE
yapu1240	YERI
yaqa1246	JAKAJ
yaqu1251	YAQUI
yara1250	YARAWATA
yare1248	YAREBA
yare1249	YARENI_ZAPOTEC
yasa1242	YASA
yatz1235	ZAPOTEC_YATZACHI
yaul1241	ULWA_PNG
yaum1237	NUNGON
yaur1239	YAUR
yauy1235	LARAOS
yavi1244	YAVITERO
yawa1260	YAWANAWA
yawa1261	YAWALAPITI
yawe1241	YABIYUFA
yawu1244	YAWURU
yayg1236	YAYGIR
yazg1240	YAZGULYAM
yecu1235	TOTONAC_MISANTLA
yeii1239	YEY
yela1238	YELA_KELA
yele1255	YELETNYE
yelm1242	YELMEK
yelo1243	YELOGU
yemb1246	YEMBA
yems1235	JANJERO
yend1241	YENDANG
yera1243	YERAKAI_2
yere1243	YERETUAR
yero1238	YERONG
yeru1240	YERUKULA
yesk1239	NYANKPA
yess1239	YESSAN_MAYO
yetf1238	BIKSI_BIAS
yeyi1239	SHIYEYI
yidg1240	YIDGHA
yidi1250	YIDINY
yill1241	YIR
yima1243	YIMAS_3
yimc1240	NAGA_YIMCHUNGRU
yinb1236	KAREN_YINBAW
yint1235	KAREN_YINTALE
yoba1237	YOBA
yoco1235	DIDA_YOCOBOUE
yoga1237	YOGAD
yoid1240	YOIDIK
yoku1256	YOKUTS_UNKNOWN
yomb1244	YOMBE_2
yomm1242	YOM
yona1241	YONAGUNI
yong1275	SHANGSI_YONGNAN_ZHUANG
yong1276	WUMING_YONGBEI_ZHUANG
yong1277	YONG
yong1280	YONGGOM_2
yopn1238	YOPNO
yoro1243	YORON
yort1237	YORTA_YORTA
yoru1245	OKA
yoso1239	YOSONDUA_MIXTEC
yott1234	YOTI
youl1235	JINO
youn1235	YOUNUO_BUNU
yoyy1238	TAI_PO_AI
yuca1254	MAYA_YUCATECA
yuch1247	YUCHI
yucu1253	YUCUNA
yuec1235	CANTONESE
yuga1244	YUGAMBAL
yugh1239	YUGH
yuhu1238	YUHUP
yuki1243	YUKI
yukp1241	YUKPA
yuku1243	YUKUBEN
yulu1243	YULU
yuqu1240	YUQUI
yura1255	YURACARE
yuro1248	YUROK
yuru1263	YURUTI
yuwa1244	YUWANA_2
zaba1237	ZABANA
zaca1241	NAHUATL_CUACUILA_HUAUCHINANGO
zaca1242	ZACATEPEC_CHATINO
zagh1240	BERIA
zaiw1241	ZAIWA
zana1238	ZANAKI
zand1248	ZANDE_2
zang1255	SOOR
zapa1253	ZAPARO
zara1247	ZALAMO
zari1242	ZARI
zarm1239	ZARMA
zays1235	ZERGULLA
zayy1238	ZWAY
zaza1245	ZAZAO
zeem1242	DYARIM
zeeu1238	ZEEUWS
zemb1238	B312_HIMBA
zeme1240	NAGA_ZEME
zena1237	ZENAG
zena1248	ZENAGA_2
zhab1238	ZHABA
ziaa1250	ZIA
zigu1244	ZIGULA
zimb1251	ZIMBA
zinz1238	ZINZA
zire1244	ZIRENKEL
zizi1238	ZIZILIVAKAN
zoog1238	ZAPOTEC_ZOOGOCHO
zulg1242	ZULGO
zulu1248	ZULU
zuni1245	ZUNI
zuoj1238	LONGZHOU_ZHUANG
zyph1238	CHIN_ZYPHE
