Language_ID,Feature_ID,Value
EasternMari_east2328,1pl,uralic.1pl.0001
EasternMari_east2328,1pl,uralic.1pl.0001
EasternMari_east2328,1pl,uralic.1pl.0001
EasternMari_east2328,1pl,uralic.1pl.0001
Erzya_erzy1239,1pl,uralic.1pl.0001
Estonian_esto1258,1pl,uralic.1pl.0001
Estonian_esto1258,1pl,uralic.1pl.0001
Finnish_finn1318,1pl,uralic.1pl.0001
ForestEnets_fore1265,1pl,uralic.1pl.0001
Hungarian_hung1274,1pl,uralic.1pl.0001
InariSaami_inar1241,1pl,uralic.1pl.0001
Ingrian_ingr1248,1pl,uralic.1pl.0001
Kamas-Koibal_kama1351,1pl,uralic.1pl.0001
Karelian_kare1335,1pl,uralic.1pl.0001
Karelian_kare1335,1pl,uralic.1pl.0001
Kazym-Berezover-SuryskarerKhanty_khan1273,1pl,uralic.1pl.0001
Kazym-Berezover-SuryskarerKhanty_khan1273,1pl,uralic.1pl.0001
KildinSaami_kild1236,1pl,uralic.1pl.0001
Komi-Permyak_komi1269,1pl,uralic.1pl.0001
Komi-Zyrian_komi1268,1pl,uralic.1pl.0001
Liv_livv1244,1pl,uralic.1pl.0002
Liv_livv1244,1pl,uralic.1pl.0002
Livvi_livv1243,1pl,uralic.1pl.0001
LuleSaami_lule1254,1pl,uralic.1pl.0001
Mator-Taigi-Karagas_mato1250,1pl,uralic.1pl.0001
Mator-Taigi-Karagas_mato1250,1pl,uralic.1pl.0001
Moksha_moks1248,1pl,uralic.1pl.0001
Nganasan_ngan1291,1pl,uralic.1pl.0001
NorthSaami_nort2671,1pl,uralic.1pl.0001
NorthSaami_nort2671,1pl,uralic.1pl.0001
NorthernMansi_mans1258,1pl,uralic.1pl.0001
NorthernMansi_mans1258,1pl,uralic.1pl.0001
Selkup_selk1253,1pl,uralic.1pl.0001
Selkup_selk1253,1pl,uralic.1pl.0001
SkoltSaami_skol1241,1pl,uralic.1pl.0001
SouthEstonian_sout2679,1pl,uralic.1pl.0001
SouthSaami_sout2674,1pl,uralic.1pl.0001
SouthSaami_sout2674,1pl,uralic.1pl.0001
TundraNenets_nene1249,1pl,uralic.1pl.0001
TundraNenets_nene1249,1pl,uralic.1pl.0001
TundraNenets_nene1249,1pl,uralic.1pl.0001
Udmurt_udmu1245,1pl,uralic.1pl.0001
Udmurt_udmu1245,1pl,uralic.1pl.0003
Veps_veps1250,1pl,uralic.1pl.0001
WesternMari_west2392,1pl,uralic.1pl.0001
WesternMari_west2392,1pl,uralic.1pl.0001
EasternMari_east2328,1sg,uralic.1sg.0004
EasternMari_east2328,1sg,uralic.1sg.0004
EasternMari_east2328,1sg,uralic.1sg.0004
Erzya_erzy1239,1sg,uralic.1sg.0004
Estonian_esto1258,1sg,uralic.1sg.0004
Estonian_esto1258,1sg,uralic.1sg.0004
Finnish_finn1318,1sg,uralic.1sg.0004
ForestEnets_fore1265,1sg,uralic.1sg.0004
Hungarian_hung1274,1sg,uralic.1sg.0004
Hungarian_hung1274,1sg,uralic.1sg.0004
Hungarian_hung1274,1sg,uralic.1sg.0004
InariSaami_inar1241,1sg,uralic.1sg.0004
Ingrian_ingr1248,1sg,uralic.1sg.0004
Kamas-Koibal_kama1351,1sg,uralic.1sg.0004
Karelian_kare1335,1sg,uralic.1sg.0004
Karelian_kare1335,1sg,uralic.1sg.0004
Kazym-Berezover-SuryskarerKhanty_khan1273,1sg,uralic.1sg.0004
Kazym-Berezover-SuryskarerKhanty_khan1273,1sg,uralic.1sg.0004
KildinSaami_kild1236,1sg,uralic.1sg.0004
Komi-Permyak_komi1269,1sg,uralic.1sg.0004
Komi-Zyrian_komi1268,1sg,uralic.1sg.0004
Liv_livv1244,1sg,uralic.1sg.0004
Liv_livv1244,1sg,uralic.1sg.0004
Livvi_livv1243,1sg,uralic.1sg.0004
LuleSaami_lule1254,1sg,uralic.1sg.0004
LuleSaami_lule1254,1sg,uralic.1sg.0004
Mator-Taigi-Karagas_mato1250,1sg,uralic.1sg.0004
Mator-Taigi-Karagas_mato1250,1sg,uralic.1sg.0004
Mator-Taigi-Karagas_mato1250,1sg,uralic.1sg.0004
Mator-Taigi-Karagas_mato1250,1sg,uralic.1sg.0005
Moksha_moks1248,1sg,uralic.1sg.0004
Moksha_moks1248,1sg,uralic.1sg.0004
Nganasan_ngan1291,1sg,uralic.1sg.0004
NorthSaami_nort2671,1sg,uralic.1sg.0004
NorthSaami_nort2671,1sg,uralic.1sg.0004
NorthernMansi_mans1258,1sg,uralic.1sg.0004
NorthernMansi_mans1258,1sg,uralic.1sg.0004
Selkup_selk1253,1sg,uralic.1sg.0004
Selkup_selk1253,1sg,uralic.1sg.0004
Selkup_selk1253,1sg,uralic.1sg.0004
SkoltSaami_skol1241,1sg,uralic.1sg.0004
SouthEstonian_sout2679,1sg,uralic.1sg.0004
SouthSaami_sout2674,1sg,uralic.1sg.0004
SouthSaami_sout2674,1sg,uralic.1sg.0004
TundraNenets_nene1249,1sg,uralic.1sg.0004
TundraNenets_nene1249,1sg,uralic.1sg.0004
TundraNenets_nene1249,1sg,uralic.1sg.0004
Udmurt_udmu1245,1sg,uralic.1sg.0004
Veps_veps1250,1sg,uralic.1sg.0004
WesternMari_west2392,1sg,uralic.1sg.0004
WesternMari_west2392,1sg,uralic.1sg.0004
EasternMari_east2328,2sg,uralic.2sg.0006
Erzya_erzy1239,2sg,uralic.2sg.0006
Estonian_esto1258,2sg,uralic.2sg.0006
Estonian_esto1258,2sg,uralic.2sg.0006
Finnish_finn1318,2sg,uralic.2sg.0006
Finnish_finn1318,2sg,uralic.2sg.0006
ForestEnets_fore1265,2sg,uralic.2sg.0007
Hungarian_hung1274,2sg,uralic.2sg.0006
Hungarian_hung1274,2sg,uralic.2sg.0006
InariSaami_inar1241,2sg,uralic.2sg.0006
Ingrian_ingr1248,2sg,?
Kamas-Koibal_kama1351,2sg,uralic.2sg.0006
Karelian_kare1335,2sg,uralic.2sg.0006
Karelian_kare1335,2sg,uralic.2sg.0006
Kazym-Berezover-SuryskarerKhanty_khan1273,2sg,uralic.2sg.0009
Kazym-Berezover-SuryskarerKhanty_khan1273,2sg,uralic.2sg.0009
KildinSaami_kild1236,2sg,uralic.2sg.0006
Komi-Permyak_komi1269,2sg,uralic.2sg.0006
Komi-Zyrian_komi1268,2sg,uralic.2sg.0006
Liv_livv1244,2sg,uralic.2sg.0006
Liv_livv1244,2sg,uralic.2sg.0006
Livvi_livv1243,2sg,uralic.2sg.0006
LuleSaami_lule1254,2sg,uralic.2sg.0006
Mator-Taigi-Karagas_mato1250,2sg,uralic.2sg.0006
Moksha_moks1248,2sg,uralic.2sg.0006
Moksha_moks1248,2sg,uralic.2sg.0006
Nganasan_ngan1291,2sg,uralic.2sg.0006
NorthSaami_nort2671,2sg,uralic.2sg.0006
NorthSaami_nort2671,2sg,uralic.2sg.0006
NorthernMansi_mans1258,2sg,uralic.2sg.0009
NorthernMansi_mans1258,2sg,uralic.2sg.0009
Selkup_selk1253,2sg,uralic.2sg.0006
Selkup_selk1253,2sg,uralic.2sg.0006
Selkup_selk1253,2sg,uralic.2sg.0006
SkoltSaami_skol1241,2sg,uralic.2sg.0006
SouthEstonian_sout2679,2sg,uralic.2sg.0006
SouthSaami_sout2674,2sg,uralic.2sg.0006
SouthSaami_sout2674,2sg,uralic.2sg.0006
TundraNenets_nene1249,2sg,uralic.2sg.0010
TundraNenets_nene1249,2sg,uralic.2sg.0010
Udmurt_udmu1245,2sg,uralic.2sg.0006
Veps_veps1250,2sg,uralic.2sg.0006
WesternMari_west2392,2sg,uralic.2sg.0008
EasternMari_east2328,blood,uralic.blood.0011
EasternMari_east2328,blood,uralic.blood.0011
Erzya_erzy1239,blood,uralic.blood.0011
Estonian_esto1258,blood,uralic.blood.0012
Finnish_finn1318,blood,uralic.blood.0012
ForestEnets_fore1265,blood,uralic.blood.0013
Hungarian_hung1274,blood,uralic.blood.0011
Hungarian_hung1274,blood,uralic.blood.0011
InariSaami_inar1241,blood,uralic.blood.0012
Ingrian_ingr1248,blood,uralic.blood.0012
Kamas-Koibal_kama1351,blood,uralic.blood.0014
Kamas-Koibal_kama1351,blood,uralic.blood.0014
Karelian_kare1335,blood,uralic.blood.0012
Karelian_kare1335,blood,uralic.blood.0012
Kazym-Berezover-SuryskarerKhanty_khan1273,blood,uralic.blood.0015
Kazym-Berezover-SuryskarerKhanty_khan1273,blood,uralic.blood.0018
Kazym-Berezover-SuryskarerKhanty_khan1273,blood,uralic.blood.0018
KildinSaami_kild1236,blood,uralic.blood.0012
Komi-Permyak_komi1269,blood,uralic.blood.0011
Komi-Zyrian_komi1268,blood,uralic.blood.0011
Liv_livv1244,blood,uralic.blood.0011
Liv_livv1244,blood,uralic.blood.0011
Livvi_livv1243,blood,uralic.blood.0012
LuleSaami_lule1254,blood,uralic.blood.0012
Mator-Taigi-Karagas_mato1250,blood,uralic.blood.0014
Mator-Taigi-Karagas_mato1250,blood,uralic.blood.0014
Moksha_moks1248,blood,uralic.blood.0016
Moksha_moks1248,blood,uralic.blood.0016
Nganasan_ngan1291,blood,uralic.blood.0014
Nganasan_ngan1291,blood,uralic.blood.0017
NorthSaami_nort2671,blood,uralic.blood.0012
NorthSaami_nort2671,blood,uralic.blood.0012
NorthernMansi_mans1258,blood,uralic.blood.0015
NorthernMansi_mans1258,blood,uralic.blood.0015
NorthernMansi_mans1258,blood,uralic.blood.0020
Selkup_selk1253,blood,uralic.blood.0014
Selkup_selk1253,blood,uralic.blood.0014
SkoltSaami_skol1241,blood,uralic.blood.0012
SouthEstonian_sout2679,blood,uralic.blood.0012
SouthSaami_sout2674,blood,uralic.blood.0012
SouthSaami_sout2674,blood,uralic.blood.0012
SouthSaami_sout2674,blood,uralic.blood.0021
TundraNenets_nene1249,blood,uralic.blood.0013
TundraNenets_nene1249,blood,uralic.blood.0013
TundraNenets_nene1249,blood,uralic.blood.0014
TundraNenets_nene1249,blood,uralic.blood.0014
Udmurt_udmu1245,blood,uralic.blood.0011
Veps_veps1250,blood,uralic.blood.0011
Veps_veps1250,blood,uralic.blood.0019
WesternMari_west2392,blood,uralic.blood.0011
WesternMari_west2392,blood,uralic.blood.0011
EasternMari_east2328,bone,uralic.bone.0024
EasternMari_east2328,bone,uralic.bone.0024
Erzya_erzy1239,bone,uralic.bone.0022
Estonian_esto1258,bone,uralic.bone.0023
Estonian_esto1258,bone,uralic.bone.0024
Finnish_finn1318,bone,uralic.bone.0024
ForestEnets_fore1265,bone,uralic.bone.0025
Hungarian_hung1274,bone,uralic.bone.0026
InariSaami_inar1241,bone,uralic.bone.0026
Ingrian_ingr1248,bone,?
Kamas-Koibal_kama1351,bone,uralic.bone.0024
Karelian_kare1335,bone,uralic.bone.0024
Karelian_kare1335,bone,uralic.bone.0024
Kazym-Berezover-SuryskarerKhanty_khan1273,bone,uralic.bone.0024
Kazym-Berezover-SuryskarerKhanty_khan1273,bone,uralic.bone.0024
KildinSaami_kild1236,bone,uralic.bone.0027
Komi-Permyak_komi1269,bone,uralic.bone.0024
Komi-Zyrian_komi1268,bone,uralic.bone.0024
Liv_livv1244,bone,uralic.bone.0024
Liv_livv1244,bone,uralic.bone.0024
Livvi_livv1243,bone,uralic.bone.0024
LuleSaami_lule1254,bone,uralic.bone.0026
Mator-Taigi-Karagas_mato1250,bone,uralic.bone.0024
Mator-Taigi-Karagas_mato1250,bone,uralic.bone.0024
Moksha_moks1248,bone,uralic.bone.0028
Moksha_moks1248,bone,uralic.bone.0028
Nganasan_ngan1291,bone,uralic.bone.0024
NorthSaami_nort2671,bone,uralic.bone.0026
NorthSaami_nort2671,bone,uralic.bone.0026
NorthernMansi_mans1258,bone,uralic.bone.0024
NorthernMansi_mans1258,bone,uralic.bone.0024
Selkup_selk1253,bone,uralic.bone.0024
Selkup_selk1253,bone,uralic.bone.0024
SkoltSaami_skol1241,bone,uralic.bone.0026
SouthEstonian_sout2679,bone,uralic.bone.0024
SouthSaami_sout2674,bone,uralic.bone.0029
SouthSaami_sout2674,bone,uralic.bone.0029
SouthSaami_sout2674,bone,uralic.bone.0029
TundraNenets_nene1249,bone,uralic.bone.0024
TundraNenets_nene1249,bone,uralic.bone.0024
Udmurt_udmu1245,bone,uralic.bone.0024
Veps_veps1250,bone,uralic.bone.0024
WesternMari_west2392,bone,uralic.bone.0024
WesternMari_west2392,bone,uralic.bone.0024
EasternMari_east2328,breast,uralic.breast.0036
EasternMari_east2328,breast,uralic.breast.0044
EasternMari_east2328,breast,uralic.breast.0044
Erzya_erzy1239,breast,uralic.breast.0031
Estonian_esto1258,breast,uralic.breast.0032
Finnish_finn1318,breast,uralic.breast.0033
ForestEnets_fore1265,breast,uralic.breast.0034
Hungarian_hung1274,breast,uralic.breast.0030
Hungarian_hung1274,breast,uralic.breast.0036
Hungarian_hung1274,breast,uralic.breast.0036
Hungarian_hung1274,breast,uralic.breast.0050
InariSaami_inar1241,breast,uralic.breast.0037
Ingrian_ingr1248,breast,uralic.breast.0038
Kamas-Koibal_kama1351,breast,uralic.breast.0039
Karelian_kare1335,breast,uralic.breast.0033
Karelian_kare1335,breast,uralic.breast.0033
Kazym-Berezover-SuryskarerKhanty_khan1273,breast,uralic.breast.0040
Kazym-Berezover-SuryskarerKhanty_khan1273,breast,uralic.breast.0040
KildinSaami_kild1236,breast,uralic.breast.0032
KildinSaami_kild1236,breast,uralic.breast.0035
Komi-Permyak_komi1269,breast,uralic.breast.0041
Komi-Zyrian_komi1268,breast,uralic.breast.0041
Liv_livv1244,breast,uralic.breast.0033
Liv_livv1244,breast,uralic.breast.0033
Livvi_livv1243,breast,uralic.breast.0035
LuleSaami_lule1254,breast,uralic.breast.0042
Mator-Taigi-Karagas_mato1250,breast,uralic.breast.0033
Mator-Taigi-Karagas_mato1250,breast,uralic.breast.0033
Mator-Taigi-Karagas_mato1250,breast,uralic.breast.0033
Mator-Taigi-Karagas_mato1250,breast,uralic.breast.0033
Mator-Taigi-Karagas_mato1250,breast,uralic.breast.0035
Mator-Taigi-Karagas_mato1250,breast,uralic.breast.0051
Mator-Taigi-Karagas_mato1250,breast,uralic.breast.0052
Moksha_moks1248,breast,uralic.breast.0031
Moksha_moks1248,breast,uralic.breast.0038
Moksha_moks1248,breast,uralic.breast.0045
Nganasan_ngan1291,breast,uralic.breast.0037
NorthSaami_nort2671,breast,uralic.breast.0046
NorthSaami_nort2671,breast,uralic.breast.0046
NorthernMansi_mans1258,breast,uralic.breast.0036
NorthernMansi_mans1258,breast,uralic.breast.0043
Selkup_selk1253,breast,uralic.breast.0037
Selkup_selk1253,breast,uralic.breast.0042
SkoltSaami_skol1241,breast,uralic.breast.0032
SouthEstonian_sout2679,breast,uralic.breast.0032
SouthSaami_sout2674,breast,uralic.breast.0037
SouthSaami_sout2674,breast,uralic.breast.0047
TundraNenets_nene1249,breast,uralic.breast.0037
TundraNenets_nene1249,breast,uralic.breast.0037
Udmurt_udmu1245,breast,uralic.breast.0035
Udmurt_udmu1245,breast,uralic.breast.0048
Veps_veps1250,breast,uralic.breast.0049
WesternMari_west2392,breast,uralic.breast.0035
WesternMari_west2392,breast,uralic.breast.0036
WesternMari_west2392,breast,uralic.breast.0044
EasternMari_east2328,come,uralic.come.0055
EasternMari_east2328,come,uralic.come.0064
Erzya_erzy1239,come,uralic.come.0054
Estonian_esto1258,come,uralic.come.0055
Finnish_finn1318,come,uralic.come.0055
ForestEnets_fore1265,come,uralic.come.0056
Hungarian_hung1274,come,uralic.come.0053
Hungarian_hung1274,come,uralic.come.0057
InariSaami_inar1241,come,uralic.come.0058
InariSaami_inar1241,come,uralic.come.0058
Ingrian_ingr1248,come,?
Kamas-Koibal_kama1351,come,uralic.come.0059
Karelian_kare1335,come,uralic.come.0055
Karelian_kare1335,come,uralic.come.0055
Kazym-Berezover-SuryskarerKhanty_khan1273,come,uralic.come.0057
Kazym-Berezover-SuryskarerKhanty_khan1273,come,uralic.come.0057
Kazym-Berezover-SuryskarerKhanty_khan1273,come,uralic.come.0057
KildinSaami_kild1236,come,uralic.come.0058
Komi-Permyak_komi1269,come,uralic.come.0057
Komi-Zyrian_komi1268,come,uralic.come.0061
Komi-Zyrian_komi1268,come,uralic.come.0065
Liv_livv1244,come,uralic.come.0055
Liv_livv1244,come,uralic.come.0055
Livvi_livv1243,come,uralic.come.0055
LuleSaami_lule1254,come,uralic.come.0058
Mator-Taigi-Karagas_mato1250,come,uralic.come.0056
Mator-Taigi-Karagas_mato1250,come,uralic.come.0060
Moksha_moks1248,come,uralic.come.0054
Moksha_moks1248,come,uralic.come.0054
Moksha_moks1248,come,uralic.come.0054
Moksha_moks1248,come,uralic.come.0054
Moksha_moks1248,come,uralic.come.0060
Moksha_moks1248,come,uralic.come.0060
Moksha_moks1248,come,uralic.come.0062
Nganasan_ngan1291,come,uralic.come.0056
NorthSaami_nort2671,come,uralic.come.0058
NorthSaami_nort2671,come,uralic.come.0058
NorthSaami_nort2671,come,uralic.come.0058
NorthernMansi_mans1258,come,uralic.come.0057
NorthernMansi_mans1258,come,uralic.come.0063
Selkup_selk1253,come,uralic.come.0055
Selkup_selk1253,come,uralic.come.0055
Selkup_selk1253,come,uralic.come.0066
SkoltSaami_skol1241,come,uralic.come.0058
SkoltSaami_skol1241,come,uralic.come.0058
SouthEstonian_sout2679,come,uralic.come.0055
SouthSaami_sout2674,come,uralic.come.0058
SouthSaami_sout2674,come,uralic.come.0058
TundraNenets_nene1249,come,uralic.come.0055
TundraNenets_nene1249,come,uralic.come.0056
TundraNenets_nene1249,come,uralic.come.0056
Udmurt_udmu1245,come,uralic.come.0057
Veps_veps1250,come,uralic.come.0055
WesternMari_west2392,come,uralic.come.0055
WesternMari_west2392,come,uralic.come.0064
EasternMari_east2328,die,uralic.die.0067
EasternMari_east2328,die,uralic.die.0067
Erzya_erzy1239,die,uralic.die.0067
Estonian_esto1258,die,uralic.die.0068
Finnish_finn1318,die,uralic.die.0067
ForestEnets_fore1265,die,uralic.die.0069
Hungarian_hung1274,die,uralic.die.0067
Hungarian_hung1274,die,uralic.die.0067
InariSaami_inar1241,die,uralic.die.0071
Ingrian_ingr1248,die,uralic.die.0067
Kamas-Koibal_kama1351,die,uralic.die.0071
Kamas-Koibal_kama1351,die,uralic.die.0072
Karelian_kare1335,die,uralic.die.0067
Karelian_kare1335,die,uralic.die.0067
Kazym-Berezover-SuryskarerKhanty_khan1273,die,uralic.die.0067
Kazym-Berezover-SuryskarerKhanty_khan1273,die,uralic.die.0074
Kazym-Berezover-SuryskarerKhanty_khan1273,die,uralic.die.0079
KildinSaami_kild1236,die,uralic.die.0071
Komi-Permyak_komi1269,die,uralic.die.0067
Komi-Zyrian_komi1268,die,uralic.die.0067
Liv_livv1244,die,uralic.die.0067
Liv_livv1244,die,uralic.die.0067
Livvi_livv1243,die,uralic.die.0067
LuleSaami_lule1254,die,uralic.die.0071
Mator-Taigi-Karagas_mato1250,die,uralic.die.0073
Mator-Taigi-Karagas_mato1250,die,uralic.die.0075
Moksha_moks1248,die,uralic.die.0067
Nganasan_ngan1291,die,uralic.die.0076
NorthSaami_nort2671,die,uralic.die.0071
NorthSaami_nort2671,die,uralic.die.0071
NorthernMansi_mans1258,die,uralic.die.0067
NorthernMansi_mans1258,die,uralic.die.0077
Selkup_selk1253,die,uralic.die.0071
Selkup_selk1253,die,uralic.die.0078
SkoltSaami_skol1241,die,uralic.die.0071
SkoltSaami_skol1241,die,uralic.die.0071
SouthEstonian_sout2679,die,uralic.die.0067
SouthSaami_sout2674,die,uralic.die.0071
SouthSaami_sout2674,die,uralic.die.0071
TundraNenets_nene1249,die,uralic.die.0067
TundraNenets_nene1249,die,uralic.die.0067
TundraNenets_nene1249,die,uralic.die.0080
Udmurt_udmu1245,die,uralic.die.0067
Veps_veps1250,die,uralic.die.0067
WesternMari_west2392,die,uralic.die.0067
WesternMari_west2392,die,uralic.die.0070
EasternMari_east2328,dog,uralic.dog.0082
EasternMari_east2328,dog,uralic.dog.0082
Erzya_erzy1239,dog,uralic.dog.0082
Erzya_erzy1239,dog,uralic.dog.0090
Estonian_esto1258,dog,uralic.dog.0083
Finnish_finn1318,dog,uralic.dog.0083
ForestEnets_fore1265,dog,uralic.dog.0082
Hungarian_hung1274,dog,uralic.dog.0081
Hungarian_hung1274,dog,uralic.dog.0084
Hungarian_hung1274,dog,uralic.dog.0091
InariSaami_inar1241,dog,uralic.dog.0082
Ingrian_ingr1248,dog,uralic.dog.0083
Kamas-Koibal_kama1351,dog,uralic.dog.0085
Karelian_kare1335,dog,uralic.dog.0083
Karelian_kare1335,dog,uralic.dog.0083
Kazym-Berezover-SuryskarerKhanty_khan1273,dog,uralic.dog.0083
Kazym-Berezover-SuryskarerKhanty_khan1273,dog,uralic.dog.0088
Kazym-Berezover-SuryskarerKhanty_khan1273,dog,uralic.dog.0088
KildinSaami_kild1236,dog,uralic.dog.0082
Komi-Permyak_komi1269,dog,uralic.dog.0082
Komi-Zyrian_komi1268,dog,uralic.dog.0082
Liv_livv1244,dog,uralic.dog.0082
Liv_livv1244,dog,uralic.dog.0082
Livvi_livv1243,dog,uralic.dog.0083
LuleSaami_lule1254,dog,uralic.dog.0082
Mator-Taigi-Karagas_mato1250,dog,uralic.dog.0082
Mator-Taigi-Karagas_mato1250,dog,uralic.dog.0082
Mator-Taigi-Karagas_mato1250,dog,uralic.dog.0082
Mator-Taigi-Karagas_mato1250,dog,uralic.dog.0082
Moksha_moks1248,dog,uralic.dog.0082
Moksha_moks1248,dog,uralic.dog.0082
Nganasan_ngan1291,dog,uralic.dog.0082
NorthSaami_nort2671,dog,uralic.dog.0082
NorthSaami_nort2671,dog,uralic.dog.0082
NorthernMansi_mans1258,dog,uralic.dog.0086
NorthernMansi_mans1258,dog,uralic.dog.0088
NorthernMansi_mans1258,dog,uralic.dog.0088
Selkup_selk1253,dog,uralic.dog.0089
Selkup_selk1253,dog,uralic.dog.0089
SkoltSaami_skol1241,dog,uralic.dog.0082
SkoltSaami_skol1241,dog,uralic.dog.0082
SouthEstonian_sout2679,dog,uralic.dog.0082
SouthSaami_sout2674,dog,uralic.dog.0082
SouthSaami_sout2674,dog,uralic.dog.0082
TundraNenets_nene1249,dog,uralic.dog.0082
TundraNenets_nene1249,dog,uralic.dog.0082
TundraNenets_nene1249,dog,uralic.dog.0087
TundraNenets_nene1249,dog,uralic.dog.0087
Udmurt_udmu1245,dog,uralic.dog.0082
Veps_veps1250,dog,uralic.dog.0083
WesternMari_west2392,dog,uralic.dog.0082
WesternMari_west2392,dog,uralic.dog.0082
EasternMari_east2328,drink,uralic.drink.0097
EasternMari_east2328,drink,uralic.drink.0105
Erzya_erzy1239,drink,uralic.drink.0093
Estonian_esto1258,drink,uralic.drink.0094
Finnish_finn1318,drink,uralic.drink.0094
ForestEnets_fore1265,drink,uralic.drink.0096
Hungarian_hung1274,drink,uralic.drink.0092
Hungarian_hung1274,drink,uralic.drink.0098
Hungarian_hung1274,drink,uralic.drink.0098
InariSaami_inar1241,drink,uralic.drink.0099
Ingrian_ingr1248,drink,uralic.drink.0094
Ingrian_ingr1248,drink,uralic.drink.0094
Kamas-Koibal_kama1351,drink,uralic.drink.0100
Karelian_kare1335,drink,uralic.drink.0095
Karelian_kare1335,drink,uralic.drink.0095
Karelian_kare1335,drink,uralic.drink.0102
Kazym-Berezover-SuryskarerKhanty_khan1273,drink,uralic.drink.0097
Kazym-Berezover-SuryskarerKhanty_khan1273,drink,uralic.drink.0097
Kazym-Berezover-SuryskarerKhanty_khan1273,drink,uralic.drink.0108
KildinSaami_kild1236,drink,uralic.drink.0103
Komi-Permyak_komi1269,drink,uralic.drink.0102
Komi-Zyrian_komi1268,drink,uralic.drink.0094
Liv_livv1244,drink,uralic.drink.0102
Liv_livv1244,drink,uralic.drink.0102
Livvi_livv1243,drink,uralic.drink.0095
LuleSaami_lule1254,drink,uralic.drink.0103
Mator-Taigi-Karagas_mato1250,drink,uralic.drink.0101
Mator-Taigi-Karagas_mato1250,drink,uralic.drink.0101
Moksha_moks1248,drink,uralic.drink.0093
Moksha_moks1248,drink,uralic.drink.0093
Moksha_moks1248,drink,uralic.drink.0093
Nganasan_ngan1291,drink,uralic.drink.0107
NorthSaami_nort2671,drink,uralic.drink.0103
NorthSaami_nort2671,drink,uralic.drink.0103
NorthernMansi_mans1258,drink,uralic.drink.0104
NorthernMansi_mans1258,drink,uralic.drink.0109
Selkup_selk1253,drink,uralic.drink.0110
Selkup_selk1253,drink,uralic.drink.0110
SkoltSaami_skol1241,drink,uralic.drink.0103
SouthEstonian_sout2679,drink,uralic.drink.0095
SouthSaami_sout2674,drink,uralic.drink.0103
SouthSaami_sout2674,drink,uralic.drink.0103
TundraNenets_nene1249,drink,uralic.drink.0106
TundraNenets_nene1249,drink,uralic.drink.0111
Udmurt_udmu1245,drink,uralic.drink.0102
Veps_veps1250,drink,uralic.drink.0102
WesternMari_west2392,drink,uralic.drink.0097
WesternMari_west2392,drink,uralic.drink.0097
EasternMari_east2328,ear,uralic.ear.0112
EasternMari_east2328,ear,uralic.ear.0112
Erzya_erzy1239,ear,uralic.ear.0112
Estonian_esto1258,ear,uralic.ear.0113
Finnish_finn1318,ear,uralic.ear.0113
ForestEnets_fore1265,ear,uralic.ear.0114
Hungarian_hung1274,ear,uralic.ear.0112
Hungarian_hung1274,ear,uralic.ear.0112
InariSaami_inar1241,ear,uralic.ear.0112
Ingrian_ingr1248,ear,uralic.ear.0113
Kamas-Koibal_kama1351,ear,uralic.ear.0114
Karelian_kare1335,ear,uralic.ear.0113
Karelian_kare1335,ear,uralic.ear.0113
Kazym-Berezover-SuryskarerKhanty_khan1273,ear,uralic.ear.0112
Kazym-Berezover-SuryskarerKhanty_khan1273,ear,uralic.ear.0112
KildinSaami_kild1236,ear,uralic.ear.0112
KildinSaami_kild1236,ear,uralic.ear.0112
Komi-Permyak_komi1269,ear,uralic.ear.0112
Komi-Permyak_komi1269,ear,uralic.ear.0112
Komi-Zyrian_komi1268,ear,uralic.ear.0112
Liv_livv1244,ear,uralic.ear.0113
Liv_livv1244,ear,uralic.ear.0113
Livvi_livv1243,ear,uralic.ear.0113
LuleSaami_lule1254,ear,uralic.ear.0112
Mator-Taigi-Karagas_mato1250,ear,uralic.ear.0113
Mator-Taigi-Karagas_mato1250,ear,uralic.ear.0113
Mator-Taigi-Karagas_mato1250,ear,uralic.ear.0113
Mator-Taigi-Karagas_mato1250,ear,uralic.ear.0114
Mator-Taigi-Karagas_mato1250,ear,uralic.ear.0114
Mator-Taigi-Karagas_mato1250,ear,uralic.ear.0116
Moksha_moks1248,ear,uralic.ear.0112
Moksha_moks1248,ear,uralic.ear.0112
Nganasan_ngan1291,ear,uralic.ear.0114
NorthSaami_nort2671,ear,uralic.ear.0112
NorthSaami_nort2671,ear,uralic.ear.0112
NorthSaami_nort2671,ear,uralic.ear.0112
NorthernMansi_mans1258,ear,uralic.ear.0112
NorthernMansi_mans1258,ear,uralic.ear.0112
NorthernMansi_mans1258,ear,uralic.ear.0112
Selkup_selk1253,ear,uralic.ear.0114
Selkup_selk1253,ear,uralic.ear.0114
Selkup_selk1253,ear,uralic.ear.0115
SkoltSaami_skol1241,ear,uralic.ear.0112
SkoltSaami_skol1241,ear,uralic.ear.0112
SouthEstonian_sout2679,ear,uralic.ear.0113
SouthSaami_sout2674,ear,uralic.ear.0112
SouthSaami_sout2674,ear,uralic.ear.0112
TundraNenets_nene1249,ear,uralic.ear.0114
TundraNenets_nene1249,ear,uralic.ear.0114
Udmurt_udmu1245,ear,uralic.ear.0112
Udmurt_udmu1245,ear,uralic.ear.0112
Veps_veps1250,ear,uralic.ear.0113
WesternMari_west2392,ear,uralic.ear.0112
WesternMari_west2392,ear,uralic.ear.0112
EasternMari_east2328,eye,uralic.eye.0119
EasternMari_east2328,eye,uralic.eye.0119
Erzya_erzy1239,eye,uralic.eye.0117
Estonian_esto1258,eye,uralic.eye.0117
Finnish_finn1318,eye,uralic.eye.0117
ForestEnets_fore1265,eye,uralic.eye.0118
Hungarian_hung1274,eye,uralic.eye.0117
Hungarian_hung1274,eye,uralic.eye.0117
InariSaami_inar1241,eye,uralic.eye.0117
Ingrian_ingr1248,eye,uralic.eye.0117
Kamas-Koibal_kama1351,eye,uralic.eye.0117
Karelian_kare1335,eye,uralic.eye.0117
Karelian_kare1335,eye,uralic.eye.0117
Kazym-Berezover-SuryskarerKhanty_khan1273,eye,uralic.eye.0117
Kazym-Berezover-SuryskarerKhanty_khan1273,eye,uralic.eye.0117
KildinSaami_kild1236,eye,uralic.eye.0117
KildinSaami_kild1236,eye,uralic.eye.0117
Komi-Permyak_komi1269,eye,uralic.eye.0120
Komi-Zyrian_komi1268,eye,uralic.eye.0120
Liv_livv1244,eye,uralic.eye.0117
Livvi_livv1243,eye,uralic.eye.0117
LuleSaami_lule1254,eye,uralic.eye.0117
Mator-Taigi-Karagas_mato1250,eye,uralic.eye.0117
Mator-Taigi-Karagas_mato1250,eye,uralic.eye.0117
Mator-Taigi-Karagas_mato1250,eye,uralic.eye.0117
Mator-Taigi-Karagas_mato1250,eye,uralic.eye.0117
Moksha_moks1248,eye,uralic.eye.0117
Moksha_moks1248,eye,uralic.eye.0117
Nganasan_ngan1291,eye,uralic.eye.0117
NorthSaami_nort2671,eye,uralic.eye.0117
NorthSaami_nort2671,eye,uralic.eye.0117
NorthernMansi_mans1258,eye,uralic.eye.0117
NorthernMansi_mans1258,eye,uralic.eye.0117
Selkup_selk1253,eye,uralic.eye.0118
Selkup_selk1253,eye,uralic.eye.0118
SkoltSaami_skol1241,eye,uralic.eye.0117
SouthEstonian_sout2679,eye,uralic.eye.0117
SouthSaami_sout2674,eye,uralic.eye.0117
SouthSaami_sout2674,eye,uralic.eye.0117
TundraNenets_nene1249,eye,uralic.eye.0117
TundraNenets_nene1249,eye,uralic.eye.0117
Udmurt_udmu1245,eye,uralic.eye.0120
Veps_veps1250,eye,uralic.eye.0117
WesternMari_west2392,eye,uralic.eye.0119
WesternMari_west2392,eye,uralic.eye.0119
EasternMari_east2328,fire,uralic.fire.0122
EasternMari_east2328,fire,uralic.fire.0122
Erzya_erzy1239,fire,uralic.fire.0122
Estonian_esto1258,fire,uralic.fire.0122
Finnish_finn1318,fire,uralic.fire.0122
ForestEnets_fore1265,fire,uralic.fire.0123
Hungarian_hung1274,fire,uralic.fire.0121
Hungarian_hung1274,fire,uralic.fire.0121
InariSaami_inar1241,fire,uralic.fire.0122
Ingrian_ingr1248,fire,uralic.fire.0122
Kamas-Koibal_kama1351,fire,uralic.fire.0124
Karelian_kare1335,fire,uralic.fire.0122
Karelian_kare1335,fire,uralic.fire.0122
Kazym-Berezover-SuryskarerKhanty_khan1273,fire,uralic.fire.0123
Kazym-Berezover-SuryskarerKhanty_khan1273,fire,uralic.fire.0123
Kazym-Berezover-SuryskarerKhanty_khan1273,fire,uralic.fire.0128
KildinSaami_kild1236,fire,uralic.fire.0122
Komi-Permyak_komi1269,fire,uralic.fire.0125
Komi-Zyrian_komi1268,fire,uralic.fire.0125
Liv_livv1244,fire,uralic.fire.0122
Liv_livv1244,fire,uralic.fire.0122
Livvi_livv1243,fire,uralic.fire.0122
LuleSaami_lule1254,fire,uralic.fire.0122
Mator-Taigi-Karagas_mato1250,fire,uralic.fire.0121
Mator-Taigi-Karagas_mato1250,fire,uralic.fire.0121
Mator-Taigi-Karagas_mato1250,fire,uralic.fire.0123
Mator-Taigi-Karagas_mato1250,fire,uralic.fire.0123
Moksha_moks1248,fire,uralic.fire.0122
Moksha_moks1248,fire,uralic.fire.0122
Nganasan_ngan1291,fire,uralic.fire.0123
NorthSaami_nort2671,fire,uralic.fire.0122
NorthSaami_nort2671,fire,uralic.fire.0122
NorthernMansi_mans1258,fire,uralic.fire.0122
NorthernMansi_mans1258,fire,uralic.fire.0126
NorthernMansi_mans1258,fire,uralic.fire.0126
Selkup_selk1253,fire,uralic.fire.0123
Selkup_selk1253,fire,uralic.fire.0123
SkoltSaami_skol1241,fire,uralic.fire.0122
SouthEstonian_sout2679,fire,uralic.fire.0122
SouthSaami_sout2674,fire,uralic.fire.0122
SouthSaami_sout2674,fire,uralic.fire.0122
TundraNenets_nene1249,fire,uralic.fire.0122
TundraNenets_nene1249,fire,uralic.fire.0123
Udmurt_udmu1245,fire,uralic.fire.0122
Veps_veps1250,fire,uralic.fire.0127
WesternMari_west2392,fire,uralic.fire.0122
WesternMari_west2392,fire,uralic.fire.0122
EasternMari_east2328,fish,uralic.fish.0129
EasternMari_east2328,fish,uralic.fish.0129
Erzya_erzy1239,fish,uralic.fish.0129
Estonian_esto1258,fish,uralic.fish.0129
Finnish_finn1318,fish,uralic.fish.0129
ForestEnets_fore1265,fish,uralic.fish.0129
Hungarian_hung1274,fish,uralic.fish.0129
Hungarian_hung1274,fish,uralic.fish.0129
InariSaami_inar1241,fish,uralic.fish.0129
InariSaami_inar1241,fish,uralic.fish.0129
Ingrian_ingr1248,fish,uralic.fish.0129
Kamas-Koibal_kama1351,fish,uralic.fish.0129
Karelian_kare1335,fish,uralic.fish.0129
Karelian_kare1335,fish,uralic.fish.0129
Kazym-Berezover-SuryskarerKhanty_khan1273,fish,uralic.fish.0129
Kazym-Berezover-SuryskarerKhanty_khan1273,fish,uralic.fish.0129
KildinSaami_kild1236,fish,uralic.fish.0129
KildinSaami_kild1236,fish,uralic.fish.0129
Komi-Permyak_komi1269,fish,uralic.fish.0129
Komi-Zyrian_komi1268,fish,uralic.fish.0129
Liv_livv1244,fish,uralic.fish.0129
Liv_livv1244,fish,uralic.fish.0129
Livvi_livv1243,fish,uralic.fish.0129
LuleSaami_lule1254,fish,uralic.fish.0129
Mator-Taigi-Karagas_mato1250,fish,uralic.fish.0129
Mator-Taigi-Karagas_mato1250,fish,uralic.fish.0129
Moksha_moks1248,fish,uralic.fish.0129
Moksha_moks1248,fish,uralic.fish.0129
Nganasan_ngan1291,fish,uralic.fish.0129
NorthSaami_nort2671,fish,uralic.fish.0129
NorthSaami_nort2671,fish,uralic.fish.0129
NorthernMansi_mans1258,fish,uralic.fish.0129
NorthernMansi_mans1258,fish,uralic.fish.0129
Selkup_selk1253,fish,uralic.fish.0129
Selkup_selk1253,fish,uralic.fish.0129
SkoltSaami_skol1241,fish,uralic.fish.0129
SkoltSaami_skol1241,fish,uralic.fish.0129
SouthEstonian_sout2679,fish,uralic.fish.0129
SouthSaami_sout2674,fish,uralic.fish.0129
SouthSaami_sout2674,fish,uralic.fish.0129
TundraNenets_nene1249,fish,uralic.fish.0129
TundraNenets_nene1249,fish,uralic.fish.0129
TundraNenets_nene1249,fish,uralic.fish.0129
Udmurt_udmu1245,fish,uralic.fish.0130
Veps_veps1250,fish,uralic.fish.0129
WesternMari_west2392,fish,uralic.fish.0129
WesternMari_west2392,fish,uralic.fish.0129
EasternMari_east2328,full,uralic.full.0133
Erzya_erzy1239,full,uralic.full.0132
Estonian_esto1258,full,uralic.full.0133
Finnish_finn1318,full,uralic.full.0133
ForestEnets_fore1265,full,uralic.full.0134
Hungarian_hung1274,full,uralic.full.0131
Hungarian_hung1274,full,uralic.full.0131
InariSaami_inar1241,full,uralic.full.0133
InariSaami_inar1241,full,uralic.full.0133
Ingrian_ingr1248,full,uralic.full.0135
Kamas-Koibal_kama1351,full,uralic.full.0136
Karelian_kare1335,full,uralic.full.0133
Karelian_kare1335,full,uralic.full.0133
Kazym-Berezover-SuryskarerKhanty_khan1273,full,uralic.full.0131
Kazym-Berezover-SuryskarerKhanty_khan1273,full,uralic.full.0133
Kazym-Berezover-SuryskarerKhanty_khan1273,full,uralic.full.0137
KildinSaami_kild1236,full,uralic.full.0133
Komi-Permyak_komi1269,full,?
Komi-Zyrian_komi1268,full,uralic.full.0138
Liv_livv1244,full,uralic.full.0133
Liv_livv1244,full,uralic.full.0133
Livvi_livv1243,full,uralic.full.0131
Livvi_livv1243,full,uralic.full.0133
LuleSaami_lule1254,full,uralic.full.0133
Mator-Taigi-Karagas_mato1250,full,uralic.full.0139
Moksha_moks1248,full,uralic.full.0132
Moksha_moks1248,full,uralic.full.0132
Nganasan_ngan1291,full,uralic.full.0140
Nganasan_ngan1291,full,uralic.full.0144
NorthSaami_nort2671,full,uralic.full.0133
NorthSaami_nort2671,full,uralic.full.0133
NorthernMansi_mans1258,full,uralic.full.0131
NorthernMansi_mans1258,full,uralic.full.0131
Selkup_selk1253,full,uralic.full.0141
Selkup_selk1253,full,uralic.full.0141
Selkup_selk1253,full,uralic.full.0145
SkoltSaami_skol1241,full,uralic.full.0133
SouthEstonian_sout2679,full,uralic.full.0133
SouthSaami_sout2674,full,uralic.full.0133
SouthSaami_sout2674,full,uralic.full.0133
TundraNenets_nene1249,full,uralic.full.0134
TundraNenets_nene1249,full,uralic.full.0134
Udmurt_udmu1245,full,uralic.full.0133
Udmurt_udmu1245,full,uralic.full.0142
Veps_veps1250,full,uralic.full.0133
WesternMari_west2392,full,uralic.full.0133
WesternMari_west2392,full,uralic.full.0143
EasternMari_east2328,hand,uralic.hand.0146
EasternMari_east2328,hand,uralic.hand.0146
Erzya_erzy1239,hand,uralic.hand.0146
Estonian_esto1258,hand,uralic.hand.0146
Finnish_finn1318,hand,uralic.hand.0146
ForestEnets_fore1265,hand,uralic.hand.0147
Hungarian_hung1274,hand,uralic.hand.0146
Hungarian_hung1274,hand,uralic.hand.0146
InariSaami_inar1241,hand,uralic.hand.0146
InariSaami_inar1241,hand,uralic.hand.0146
Ingrian_ingr1248,hand,uralic.hand.0146
Kamas-Koibal_kama1351,hand,uralic.hand.0149
Karelian_kare1335,hand,uralic.hand.0146
Karelian_kare1335,hand,uralic.hand.0146
Kazym-Berezover-SuryskarerKhanty_khan1273,hand,uralic.hand.0146
Kazym-Berezover-SuryskarerKhanty_khan1273,hand,uralic.hand.0146
Kazym-Berezover-SuryskarerKhanty_khan1273,hand,uralic.hand.0146
KildinSaami_kild1236,hand,uralic.hand.0146
Komi-Permyak_komi1269,hand,uralic.hand.0150
Komi-Zyrian_komi1268,hand,uralic.hand.0150
Liv_livv1244,hand,uralic.hand.0146
Liv_livv1244,hand,uralic.hand.0146
Liv_livv1244,hand,uralic.hand.0153
Livvi_livv1243,hand,uralic.hand.0146
LuleSaami_lule1254,hand,uralic.hand.0146
Mator-Taigi-Karagas_mato1250,hand,uralic.hand.0149
Mator-Taigi-Karagas_mato1250,hand,uralic.hand.0149
Mator-Taigi-Karagas_mato1250,hand,uralic.hand.0151
Mator-Taigi-Karagas_mato1250,hand,uralic.hand.0152
Mator-Taigi-Karagas_mato1250,hand,uralic.hand.0155
Moksha_moks1248,hand,uralic.hand.0146
Moksha_moks1248,hand,uralic.hand.0146
Nganasan_ngan1291,hand,uralic.hand.0149
Nganasan_ngan1291,hand,uralic.hand.0150
NorthSaami_nort2671,hand,uralic.hand.0146
NorthSaami_nort2671,hand,uralic.hand.0146
NorthernMansi_mans1258,hand,uralic.hand.0146
NorthernMansi_mans1258,hand,uralic.hand.0146
NorthernMansi_mans1258,hand,uralic.hand.0146
Selkup_selk1253,hand,uralic.hand.0147
Selkup_selk1253,hand,uralic.hand.0149
Selkup_selk1253,hand,uralic.hand.0149
SkoltSaami_skol1241,hand,uralic.hand.0146
SkoltSaami_skol1241,hand,uralic.hand.0146
SouthEstonian_sout2679,hand,uralic.hand.0146
SouthSaami_sout2674,hand,uralic.hand.0146
SouthSaami_sout2674,hand,uralic.hand.0146
TundraNenets_nene1249,hand,uralic.hand.0149
TundraNenets_nene1249,hand,uralic.hand.0149
TundraNenets_nene1249,hand,uralic.hand.0154
Udmurt_udmu1245,hand,uralic.hand.0150
Veps_veps1250,hand,uralic.hand.0146
Veps_veps1250,hand,uralic.hand.0153
WesternMari_west2392,hand,uralic.hand.0146
WesternMari_west2392,hand,uralic.hand.0148
EasternMari_east2328,hear,uralic.hear.0156
EasternMari_east2328,hear,uralic.hear.0156
Erzya_erzy1239,hear,uralic.hear.0157
Estonian_esto1258,hear,uralic.hear.0156
Finnish_finn1318,hear,uralic.hear.0156
ForestEnets_fore1265,hear,uralic.hear.0158
Hungarian_hung1274,hear,uralic.hear.0156
Hungarian_hung1274,hear,uralic.hear.0156
InariSaami_inar1241,hear,uralic.hear.0156
Ingrian_ingr1248,hear,uralic.hear.0156
Kamas-Koibal_kama1351,hear,uralic.hear.0159
Kamas-Koibal_kama1351,hear,uralic.hear.0162
Karelian_kare1335,hear,uralic.hear.0156
Karelian_kare1335,hear,uralic.hear.0156
Kazym-Berezover-SuryskarerKhanty_khan1273,hear,uralic.hear.0156
Kazym-Berezover-SuryskarerKhanty_khan1273,hear,uralic.hear.0156
KildinSaami_kild1236,hear,uralic.hear.0156
Komi-Permyak_komi1269,hear,uralic.hear.0156
Komi-Zyrian_komi1268,hear,uralic.hear.0156
Liv_livv1244,hear,uralic.hear.0156
Livvi_livv1243,hear,uralic.hear.0156
LuleSaami_lule1254,hear,uralic.hear.0156
Mator-Taigi-Karagas_mato1250,hear,uralic.hear.0158
Mator-Taigi-Karagas_mato1250,hear,uralic.hear.0158
Moksha_moks1248,hear,uralic.hear.0156
Moksha_moks1248,hear,uralic.hear.0156
Moksha_moks1248,hear,uralic.hear.0157
Moksha_moks1248,hear,uralic.hear.0157
Nganasan_ngan1291,hear,uralic.hear.0160
NorthSaami_nort2671,hear,uralic.hear.0156
NorthSaami_nort2671,hear,uralic.hear.0156
NorthernMansi_mans1258,hear,uralic.hear.0156
NorthernMansi_mans1258,hear,uralic.hear.0161
Selkup_selk1253,hear,uralic.hear.0160
Selkup_selk1253,hear,uralic.hear.0160
SkoltSaami_skol1241,hear,uralic.hear.0156
SouthEstonian_sout2679,hear,uralic.hear.0156
SouthSaami_sout2674,hear,uralic.hear.0156
SouthSaami_sout2674,hear,uralic.hear.0156
TundraNenets_nene1249,hear,uralic.hear.0158
TundraNenets_nene1249,hear,uralic.hear.0158
Udmurt_udmu1245,hear,uralic.hear.0156
Veps_veps1250,hear,uralic.hear.0156
WesternMari_west2392,hear,uralic.hear.0156
WesternMari_west2392,hear,uralic.hear.0156
EasternMari_east2328,horn,uralic.horn.0163
EasternMari_east2328,horn,uralic.horn.0167
Erzya_erzy1239,horn,uralic.horn.0163
Estonian_esto1258,horn,uralic.horn.0164
Finnish_finn1318,horn,uralic.horn.0164
ForestEnets_fore1265,horn,uralic.horn.0165
Hungarian_hung1274,horn,uralic.horn.0164
InariSaami_inar1241,horn,uralic.horn.0164
InariSaami_inar1241,horn,uralic.horn.0164
Ingrian_ingr1248,horn,uralic.horn.0164
Kamas-Koibal_kama1351,horn,uralic.horn.0166
Kamas-Koibal_kama1351,horn,uralic.horn.0168
Karelian_kare1335,horn,uralic.horn.0164
Karelian_kare1335,horn,uralic.horn.0164
Kazym-Berezover-SuryskarerKhanty_khan1273,horn,uralic.horn.0165
Kazym-Berezover-SuryskarerKhanty_khan1273,horn,uralic.horn.0165
KildinSaami_kild1236,horn,uralic.horn.0164
Komi-Permyak_komi1269,horn,uralic.horn.0163
Komi-Zyrian_komi1268,horn,uralic.horn.0163
Liv_livv1244,horn,uralic.horn.0164
Livvi_livv1243,horn,uralic.horn.0164
LuleSaami_lule1254,horn,uralic.horn.0164
Mator-Taigi-Karagas_mato1250,horn,uralic.horn.0165
Mator-Taigi-Karagas_mato1250,horn,uralic.horn.0165
Moksha_moks1248,horn,uralic.horn.0163
Moksha_moks1248,horn,uralic.horn.0163
Nganasan_ngan1291,horn,uralic.horn.0165
NorthSaami_nort2671,horn,uralic.horn.0164
NorthernMansi_mans1258,horn,uralic.horn.0165
NorthernMansi_mans1258,horn,uralic.horn.0165
NorthernMansi_mans1258,horn,uralic.horn.0165
Selkup_selk1253,horn,uralic.horn.0165
Selkup_selk1253,horn,uralic.horn.0165
SkoltSaami_skol1241,horn,uralic.horn.0164
SkoltSaami_skol1241,horn,uralic.horn.0164
SouthEstonian_sout2679,horn,uralic.horn.0164
SouthSaami_sout2674,horn,uralic.horn.0164
SouthSaami_sout2674,horn,uralic.horn.0164
TundraNenets_nene1249,horn,uralic.horn.0165
TundraNenets_nene1249,horn,uralic.horn.0165
TundraNenets_nene1249,horn,uralic.horn.0165
Udmurt_udmu1245,horn,uralic.horn.0163
Veps_veps1250,horn,uralic.horn.0164
WesternMari_west2392,horn,uralic.horn.0163
WesternMari_west2392,horn,uralic.horn.0163
EasternMari_east2328,knee,uralic.knee.0171
EasternMari_east2328,knee,uralic.knee.0171
Erzya_erzy1239,knee,uralic.knee.0170
Estonian_esto1258,knee,uralic.knee.0171
Finnish_finn1318,knee,uralic.knee.0171
ForestEnets_fore1265,knee,uralic.knee.0172
Hungarian_hung1274,knee,uralic.knee.0169
Hungarian_hung1274,knee,uralic.knee.0169
InariSaami_inar1241,knee,uralic.knee.0173
Ingrian_ingr1248,knee,uralic.knee.0171
Kamas-Koibal_kama1351,knee,uralic.knee.0174
Kamas-Koibal_kama1351,knee,uralic.knee.0175
Karelian_kare1335,knee,uralic.knee.0171
Karelian_kare1335,knee,uralic.knee.0171
Kazym-Berezover-SuryskarerKhanty_khan1273,knee,uralic.knee.0176
Kazym-Berezover-SuryskarerKhanty_khan1273,knee,uralic.knee.0176
KildinSaami_kild1236,knee,uralic.knee.0171
Komi-Permyak_komi1269,knee,uralic.knee.0172
Komi-Permyak_komi1269,knee,uralic.knee.0172
Komi-Zyrian_komi1268,knee,uralic.knee.0172
Liv_livv1244,knee,uralic.knee.0177
Liv_livv1244,knee,uralic.knee.0177
Livvi_livv1243,knee,uralic.knee.0171
LuleSaami_lule1254,knee,uralic.knee.0171
Mator-Taigi-Karagas_mato1250,knee,uralic.knee.0172
Mator-Taigi-Karagas_mato1250,knee,uralic.knee.0175
Mator-Taigi-Karagas_mato1250,knee,uralic.knee.0175
Mator-Taigi-Karagas_mato1250,knee,uralic.knee.0179
Moksha_moks1248,knee,uralic.knee.0179
Moksha_moks1248,knee,uralic.knee.0179
Moksha_moks1248,knee,uralic.knee.0179
Moksha_moks1248,knee,uralic.knee.0180
Nganasan_ngan1291,knee,uralic.knee.0181
NorthSaami_nort2671,knee,uralic.knee.0179
NorthSaami_nort2671,knee,uralic.knee.0182
NorthSaami_nort2671,knee,uralic.knee.0182
NorthernMansi_mans1258,knee,uralic.knee.0178
NorthernMansi_mans1258,knee,uralic.knee.0178
Selkup_selk1253,knee,uralic.knee.0177
Selkup_selk1253,knee,uralic.knee.0177
SkoltSaami_skol1241,knee,uralic.knee.0171
SkoltSaami_skol1241,knee,uralic.knee.0171
SouthEstonian_sout2679,knee,uralic.knee.0171
SouthSaami_sout2674,knee,uralic.knee.0171
SouthSaami_sout2674,knee,uralic.knee.0171
TundraNenets_nene1249,knee,uralic.knee.0177
TundraNenets_nene1249,knee,uralic.knee.0177
Udmurt_udmu1245,knee,uralic.knee.0172
Veps_veps1250,knee,uralic.knee.0171
Veps_veps1250,knee,uralic.knee.0183
WesternMari_west2392,knee,uralic.knee.0171
WesternMari_west2392,knee,uralic.knee.0171
WesternMari_west2392,knee,uralic.knee.0171
EasternMari_east2328,leaf,uralic.leaf.0186
EasternMari_east2328,leaf,uralic.leaf.0186
Erzya_erzy1239,leaf,uralic.leaf.0185
Estonian_esto1258,leaf,uralic.leaf.0186
Finnish_finn1318,leaf,uralic.leaf.0186
ForestEnets_fore1265,leaf,uralic.leaf.0187
Hungarian_hung1274,leaf,uralic.leaf.0184
Hungarian_hung1274,leaf,uralic.leaf.0184
InariSaami_inar1241,leaf,uralic.leaf.0186
Ingrian_ingr1248,leaf,?
Kamas-Koibal_kama1351,leaf,uralic.leaf.0187
Karelian_kare1335,leaf,uralic.leaf.0186
Karelian_kare1335,leaf,uralic.leaf.0186
Kazym-Berezover-SuryskarerKhanty_khan1273,leaf,uralic.leaf.0185
Kazym-Berezover-SuryskarerKhanty_khan1273,leaf,uralic.leaf.0185
KildinSaami_kild1236,leaf,uralic.leaf.0186
Komi-Permyak_komi1269,leaf,uralic.leaf.0189
Komi-Zyrian_komi1268,leaf,uralic.leaf.0189
Liv_livv1244,leaf,uralic.leaf.0186
Liv_livv1244,leaf,uralic.leaf.0190
Livvi_livv1243,leaf,uralic.leaf.0186
LuleSaami_lule1254,leaf,uralic.leaf.0186
Mator-Taigi-Karagas_mato1250,leaf,uralic.leaf.0188
Mator-Taigi-Karagas_mato1250,leaf,uralic.leaf.0191
Mator-Taigi-Karagas_mato1250,leaf,uralic.leaf.0191
Mator-Taigi-Karagas_mato1250,leaf,uralic.leaf.0195
Moksha_moks1248,leaf,uralic.leaf.0185
Moksha_moks1248,leaf,uralic.leaf.0185
Nganasan_ngan1291,leaf,uralic.leaf.0193
NorthSaami_nort2671,leaf,uralic.leaf.0186
NorthSaami_nort2671,leaf,uralic.leaf.0186
NorthernMansi_mans1258,leaf,uralic.leaf.0191
NorthernMansi_mans1258,leaf,uralic.leaf.0191
Selkup_selk1253,leaf,uralic.leaf.0187
Selkup_selk1253,leaf,uralic.leaf.0187
SkoltSaami_skol1241,leaf,uralic.leaf.0186
SouthEstonian_sout2679,leaf,uralic.leaf.0186
SouthSaami_sout2674,leaf,uralic.leaf.0186
SouthSaami_sout2674,leaf,uralic.leaf.0194
TundraNenets_nene1249,leaf,uralic.leaf.0192
TundraNenets_nene1249,leaf,uralic.leaf.0192
Udmurt_udmu1245,leaf,uralic.leaf.0189
Veps_veps1250,leaf,uralic.leaf.0186
WesternMari_west2392,leaf,uralic.leaf.0186
WesternMari_west2392,leaf,uralic.leaf.0186
EasternMari_east2328,liver,uralic.liver.0197
EasternMari_east2328,liver,uralic.liver.0197
Erzya_erzy1239,liver,uralic.liver.0197
Estonian_esto1258,liver,uralic.liver.0197
Finnish_finn1318,liver,uralic.liver.0197
ForestEnets_fore1265,liver,uralic.liver.0197
Hungarian_hung1274,liver,uralic.liver.0196
Hungarian_hung1274,liver,uralic.liver.0196
InariSaami_inar1241,liver,uralic.liver.0198
Ingrian_ingr1248,liver,uralic.liver.0199
Kamas-Koibal_kama1351,liver,uralic.liver.0196
Karelian_kare1335,liver,uralic.liver.0197
Karelian_kare1335,liver,uralic.liver.0197
Kazym-Berezover-SuryskarerKhanty_khan1273,liver,uralic.liver.0196
Kazym-Berezover-SuryskarerKhanty_khan1273,liver,uralic.liver.0196
KildinSaami_kild1236,liver,uralic.liver.0198
Komi-Permyak_komi1269,liver,uralic.liver.0197
Komi-Zyrian_komi1268,liver,uralic.liver.0197
Liv_livv1244,liver,uralic.liver.0197
Liv_livv1244,liver,uralic.liver.0197
Livvi_livv1243,liver,uralic.liver.0197
LuleSaami_lule1254,liver,uralic.liver.0201
Mator-Taigi-Karagas_mato1250,liver,uralic.liver.0200
Mator-Taigi-Karagas_mato1250,liver,uralic.liver.0200
Moksha_moks1248,liver,uralic.liver.0197
Moksha_moks1248,liver,uralic.liver.0197
Nganasan_ngan1291,liver,uralic.liver.0196
NorthSaami_nort2671,liver,uralic.liver.0198
NorthSaami_nort2671,liver,uralic.liver.0198
NorthernMansi_mans1258,liver,uralic.liver.0196
NorthernMansi_mans1258,liver,uralic.liver.0196
Selkup_selk1253,liver,uralic.liver.0196
Selkup_selk1253,liver,uralic.liver.0196
SkoltSaami_skol1241,liver,uralic.liver.0198
SkoltSaami_skol1241,liver,uralic.liver.0198
SouthEstonian_sout2679,liver,uralic.liver.0197
SouthSaami_sout2674,liver,uralic.liver.0197
SouthSaami_sout2674,liver,uralic.liver.0201
TundraNenets_nene1249,liver,uralic.liver.0196
TundraNenets_nene1249,liver,uralic.liver.0196
Udmurt_udmu1245,liver,uralic.liver.0197
Veps_veps1250,liver,uralic.liver.0197
WesternMari_west2392,liver,uralic.liver.0197
WesternMari_west2392,liver,uralic.liver.0197
EasternMari_east2328,louse,uralic.louse.0204
EasternMari_east2328,louse,uralic.louse.0204
Erzya_erzy1239,louse,uralic.louse.0203
Estonian_esto1258,louse,uralic.louse.0204
Finnish_finn1318,louse,uralic.louse.0204
ForestEnets_fore1265,louse,?
Hungarian_hung1274,louse,uralic.louse.0202
Hungarian_hung1274,louse,uralic.louse.0202
InariSaami_inar1241,louse,uralic.louse.0205
Ingrian_ingr1248,louse,uralic.louse.0206
Kamas-Koibal_kama1351,louse,uralic.louse.0207
Karelian_kare1335,louse,uralic.louse.0204
Karelian_kare1335,louse,uralic.louse.0204
Kazym-Berezover-SuryskarerKhanty_khan1273,louse,uralic.louse.0202
Kazym-Berezover-SuryskarerKhanty_khan1273,louse,uralic.louse.0202
KildinSaami_kild1236,louse,uralic.louse.0205
Komi-Permyak_komi1269,louse,?
Komi-Zyrian_komi1268,louse,uralic.louse.0205
Liv_livv1244,louse,uralic.louse.0204
Livvi_livv1243,louse,uralic.louse.0204
LuleSaami_lule1254,louse,uralic.louse.0205
Mator-Taigi-Karagas_mato1250,louse,uralic.louse.0207
Mator-Taigi-Karagas_mato1250,louse,uralic.louse.0207
Moksha_moks1248,louse,uralic.louse.0209
Moksha_moks1248,louse,uralic.louse.0209
Nganasan_ngan1291,louse,uralic.louse.0211
NorthSaami_nort2671,louse,uralic.louse.0205
NorthSaami_nort2671,louse,uralic.louse.0205
NorthernMansi_mans1258,louse,uralic.louse.0208
NorthernMansi_mans1258,louse,uralic.louse.0208
Selkup_selk1253,louse,uralic.louse.0207
Selkup_selk1253,louse,uralic.louse.0207
SkoltSaami_skol1241,louse,uralic.louse.0205
SkoltSaami_skol1241,louse,uralic.louse.0205
SouthEstonian_sout2679,louse,uralic.louse.0204
SouthSaami_sout2674,louse,uralic.louse.0205
SouthSaami_sout2674,louse,uralic.louse.0205
TundraNenets_nene1249,louse,uralic.louse.0210
TundraNenets_nene1249,louse,uralic.louse.0210
TundraNenets_nene1249,louse,uralic.louse.0212
Udmurt_udmu1245,louse,uralic.louse.0205
Veps_veps1250,louse,uralic.louse.0204
WesternMari_west2392,louse,uralic.louse.0204
WesternMari_west2392,louse,uralic.louse.0204
EasternMari_east2328,mountain,uralic.mountain.0218
EasternMari_east2328,mountain,uralic.mountain.0218
Erzya_erzy1239,mountain,uralic.mountain.0214
Estonian_esto1258,mountain,uralic.mountain.0215
Finnish_finn1318,mountain,uralic.mountain.0216
ForestEnets_fore1265,mountain,uralic.mountain.0217
Hungarian_hung1274,mountain,uralic.mountain.0213
Hungarian_hung1274,mountain,uralic.mountain.0213
InariSaami_inar1241,mountain,uralic.mountain.0219
Ingrian_ingr1248,mountain,uralic.mountain.0220
Kamas-Koibal_kama1351,mountain,uralic.mountain.0214
Kamas-Koibal_kama1351,mountain,uralic.mountain.0221
Karelian_kare1335,mountain,uralic.mountain.0215
Karelian_kare1335,mountain,uralic.mountain.0215
Karelian_kare1335,mountain,uralic.mountain.0216
Kazym-Berezover-SuryskarerKhanty_khan1273,mountain,uralic.mountain.0222
Kazym-Berezover-SuryskarerKhanty_khan1273,mountain,uralic.mountain.0228
Kazym-Berezover-SuryskarerKhanty_khan1273,mountain,uralic.mountain.0230
KildinSaami_kild1236,mountain,uralic.mountain.0223
Komi-Permyak_komi1269,mountain,uralic.mountain.0224
Komi-Zyrian_komi1268,mountain,uralic.mountain.0224
Komi-Zyrian_komi1268,mountain,uralic.mountain.0231
Liv_livv1244,mountain,uralic.mountain.0215
Liv_livv1244,mountain,uralic.mountain.0215
Livvi_livv1243,mountain,uralic.mountain.0215
LuleSaami_lule1254,mountain,uralic.mountain.0219
Mator-Taigi-Karagas_mato1250,mountain,uralic.mountain.0214
Mator-Taigi-Karagas_mato1250,mountain,uralic.mountain.0216
Moksha_moks1248,mountain,uralic.mountain.0214
Moksha_moks1248,mountain,uralic.mountain.0214
Nganasan_ngan1291,mountain,uralic.mountain.0227
NorthSaami_nort2671,mountain,uralic.mountain.0219
NorthernMansi_mans1258,mountain,uralic.mountain.0218
NorthernMansi_mans1258,mountain,uralic.mountain.0218
NorthernMansi_mans1258,mountain,uralic.mountain.0219
NorthernMansi_mans1258,mountain,uralic.mountain.0225
Selkup_selk1253,mountain,uralic.mountain.0215
Selkup_selk1253,mountain,uralic.mountain.0215
Selkup_selk1253,mountain,uralic.mountain.0232
SkoltSaami_skol1241,mountain,uralic.mountain.0219
SouthEstonian_sout2679,mountain,uralic.mountain.0215
SouthSaami_sout2674,mountain,uralic.mountain.0227
SouthSaami_sout2674,mountain,uralic.mountain.0229
TundraNenets_nene1249,mountain,uralic.mountain.0226
TundraNenets_nene1249,mountain,uralic.mountain.0226
Udmurt_udmu1245,mountain,uralic.mountain.0224
Veps_veps1250,mountain,uralic.mountain.0215
WesternMari_west2392,mountain,uralic.mountain.0218
WesternMari_west2392,mountain,uralic.mountain.0218
EasternMari_east2328,name,uralic.name.0234
EasternMari_east2328,name,uralic.name.0234
Erzya_erzy1239,name,uralic.name.0234
Estonian_esto1258,name,uralic.name.0233
Finnish_finn1318,name,uralic.name.0233
ForestEnets_fore1265,name,uralic.name.0233
Hungarian_hung1274,name,uralic.name.0233
Hungarian_hung1274,name,uralic.name.0233
InariSaami_inar1241,name,uralic.name.0233
Ingrian_ingr1248,name,uralic.name.0233
Kamas-Koibal_kama1351,name,uralic.name.0233
Karelian_kare1335,name,uralic.name.0233
Karelian_kare1335,name,uralic.name.0233
Kazym-Berezover-SuryskarerKhanty_khan1273,name,uralic.name.0233
Kazym-Berezover-SuryskarerKhanty_khan1273,name,uralic.name.0233
KildinSaami_kild1236,name,uralic.name.0233
Komi-Permyak_komi1269,name,uralic.name.0233
Komi-Zyrian_komi1268,name,uralic.name.0233
Liv_livv1244,name,uralic.name.0233
Liv_livv1244,name,uralic.name.0233
Livvi_livv1243,name,uralic.name.0233
LuleSaami_lule1254,name,uralic.name.0233
Mator-Taigi-Karagas_mato1250,name,uralic.name.0233
Moksha_moks1248,name,uralic.name.0234
Moksha_moks1248,name,uralic.name.0234
Nganasan_ngan1291,name,uralic.name.0233
NorthSaami_nort2671,name,uralic.name.0233
NorthSaami_nort2671,name,uralic.name.0233
NorthernMansi_mans1258,name,uralic.name.0233
NorthernMansi_mans1258,name,uralic.name.0233
Selkup_selk1253,name,uralic.name.0233
Selkup_selk1253,name,uralic.name.0233
SkoltSaami_skol1241,name,uralic.name.0233
SouthEstonian_sout2679,name,uralic.name.0233
SouthSaami_sout2674,name,uralic.name.0233
SouthSaami_sout2674,name,uralic.name.0233
TundraNenets_nene1249,name,uralic.name.0233
TundraNenets_nene1249,name,uralic.name.0233
TundraNenets_nene1249,name,uralic.name.0233
Udmurt_udmu1245,name,uralic.name.0233
Udmurt_udmu1245,name,uralic.name.0233
Veps_veps1250,name,uralic.name.0233
WesternMari_west2392,name,uralic.name.0234
WesternMari_west2392,name,uralic.name.0234
EasternMari_east2328,new,uralic.new.0239
Erzya_erzy1239,new,uralic.new.0235
Estonian_esto1258,new,uralic.new.0236
Finnish_finn1318,new,uralic.new.0236
ForestEnets_fore1265,new,uralic.new.0238
Hungarian_hung1274,new,uralic.new.0240
InariSaami_inar1241,new,uralic.new.0241
Ingrian_ingr1248,new,uralic.new.0241
Kamas-Koibal_kama1351,new,uralic.new.0242
Karelian_kare1335,new,uralic.new.0236
Karelian_kare1335,new,uralic.new.0236
Kazym-Berezover-SuryskarerKhanty_khan1273,new,uralic.new.0238
Kazym-Berezover-SuryskarerKhanty_khan1273,new,uralic.new.0238
KildinSaami_kild1236,new,uralic.new.0241
Komi-Permyak_komi1269,new,uralic.new.0244
Komi-Permyak_komi1269,new,uralic.new.0245
Komi-Zyrian_komi1268,new,uralic.new.0245
Liv_livv1244,new,uralic.new.0236
Liv_livv1244,new,uralic.new.0236
Livvi_livv1243,new,uralic.new.0236
LuleSaami_lule1254,new,uralic.new.0241
Mator-Taigi-Karagas_mato1250,new,uralic.new.0243
Mator-Taigi-Karagas_mato1250,new,uralic.new.0246
Moksha_moks1248,new,uralic.new.0236
Moksha_moks1248,new,uralic.new.0247
Nganasan_ngan1291,new,uralic.new.0249
NorthSaami_nort2671,new,uralic.new.0241
NorthSaami_nort2671,new,uralic.new.0250
NorthSaami_nort2671,new,uralic.new.0253
NorthernMansi_mans1258,new,uralic.new.0238
NorthernMansi_mans1258,new,uralic.new.0238
NorthernMansi_mans1258,new,uralic.new.0238
Selkup_selk1253,new,uralic.new.0251
Selkup_selk1253,new,uralic.new.0251
SkoltSaami_skol1241,new,uralic.new.0241
SouthEstonian_sout2679,new,uralic.new.0237
SouthSaami_sout2674,new,uralic.new.0252
SouthSaami_sout2674,new,uralic.new.0252
TundraNenets_nene1249,new,uralic.new.0248
TundraNenets_nene1249,new,uralic.new.0248
Udmurt_udmu1245,new,uralic.new.0245
Udmurt_udmu1245,new,uralic.new.0245
Veps_veps1250,new,uralic.new.0236
WesternMari_west2392,new,uralic.new.0239
WesternMari_west2392,new,uralic.new.0239
EasternMari_east2328,night,uralic.night.0258
EasternMari_east2328,night,uralic.night.0258
Erzya_erzy1239,night,uralic.night.0255
Estonian_esto1258,night,uralic.night.0256
Finnish_finn1318,night,uralic.night.0257
ForestEnets_fore1265,night,uralic.night.0255
Hungarian_hung1274,night,uralic.night.0254
Hungarian_hung1274,night,uralic.night.0259
Hungarian_hung1274,night,uralic.night.0260
InariSaami_inar1241,night,uralic.night.0260
Ingrian_ingr1248,night,?
Kamas-Koibal_kama1351,night,uralic.night.0255
Karelian_kare1335,night,uralic.night.0263
Kazym-Berezover-SuryskarerKhanty_khan1273,night,uralic.night.0258
Kazym-Berezover-SuryskarerKhanty_khan1273,night,uralic.night.0258
KildinSaami_kild1236,night,uralic.night.0260
Komi-Permyak_komi1269,night,uralic.night.0262
Komi-Zyrian_komi1268,night,uralic.night.0262
Liv_livv1244,night,uralic.night.0263
Liv_livv1244,night,uralic.night.0263
Livvi_livv1243,night,uralic.night.0263
LuleSaami_lule1254,night,uralic.night.0258
Mator-Taigi-Karagas_mato1250,night,uralic.night.0261
Mator-Taigi-Karagas_mato1250,night,uralic.night.0261
Mator-Taigi-Karagas_mato1250,night,uralic.night.0261
Moksha_moks1248,night,uralic.night.0255
Moksha_moks1248,night,uralic.night.0255
Nganasan_ngan1291,night,uralic.night.0255
NorthSaami_nort2671,night,uralic.night.0260
NorthSaami_nort2671,night,uralic.night.0264
NorthernMansi_mans1258,night,uralic.night.0258
NorthernMansi_mans1258,night,uralic.night.0258
Selkup_selk1253,night,uralic.night.0255
Selkup_selk1253,night,uralic.night.0255
Selkup_selk1253,night,uralic.night.0265
Selkup_selk1253,night,uralic.night.0265
SkoltSaami_skol1241,night,uralic.night.0255
SouthEstonian_sout2679,night,?
SouthSaami_sout2674,night,uralic.night.0260
SouthSaami_sout2674,night,uralic.night.0260
TundraNenets_nene1249,night,uralic.night.0255
TundraNenets_nene1249,night,uralic.night.0255
Udmurt_udmu1245,night,uralic.night.0262
Veps_veps1250,night,uralic.night.0263
WesternMari_west2392,night,uralic.night.0258
WesternMari_west2392,night,uralic.night.0258
EasternMari_east2328,nose,uralic.nose.0268
EasternMari_east2328,nose,uralic.nose.0268
Erzya_erzy1239,nose,uralic.nose.0267
Estonian_esto1258,nose,uralic.nose.0268
Finnish_finn1318,nose,uralic.nose.0268
ForestEnets_fore1265,nose,uralic.nose.0269
Hungarian_hung1274,nose,uralic.nose.0266
Hungarian_hung1274,nose,uralic.nose.0270
InariSaami_inar1241,nose,uralic.nose.0268
Ingrian_ingr1248,nose,uralic.nose.0268
Kamas-Koibal_kama1351,nose,uralic.nose.0269
Karelian_kare1335,nose,uralic.nose.0268
Karelian_kare1335,nose,uralic.nose.0268
Kazym-Berezover-SuryskarerKhanty_khan1273,nose,uralic.nose.0268
Kazym-Berezover-SuryskarerKhanty_khan1273,nose,uralic.nose.0268
Kazym-Berezover-SuryskarerKhanty_khan1273,nose,uralic.nose.0268
KildinSaami_kild1236,nose,uralic.nose.0268
KildinSaami_kild1236,nose,uralic.nose.0268
Komi-Permyak_komi1269,nose,uralic.nose.0268
Komi-Zyrian_komi1268,nose,uralic.nose.0268
Liv_livv1244,nose,uralic.nose.0268
Liv_livv1244,nose,uralic.nose.0268
Livvi_livv1243,nose,uralic.nose.0268
LuleSaami_lule1254,nose,uralic.nose.0268
Mator-Taigi-Karagas_mato1250,nose,uralic.nose.0267
Mator-Taigi-Karagas_mato1250,nose,uralic.nose.0267
Mator-Taigi-Karagas_mato1250,nose,uralic.nose.0267
Mator-Taigi-Karagas_mato1250,nose,uralic.nose.0267
Mator-Taigi-Karagas_mato1250,nose,uralic.nose.0267
Moksha_moks1248,nose,uralic.nose.0271
Moksha_moks1248,nose,uralic.nose.0271
Nganasan_ngan1291,nose,uralic.nose.0268
NorthSaami_nort2671,nose,uralic.nose.0268
NorthSaami_nort2671,nose,uralic.nose.0268
NorthSaami_nort2671,nose,uralic.nose.0268
NorthernMansi_mans1258,nose,uralic.nose.0268
NorthernMansi_mans1258,nose,uralic.nose.0268
NorthernMansi_mans1258,nose,uralic.nose.0268
Selkup_selk1253,nose,uralic.nose.0272
Selkup_selk1253,nose,uralic.nose.0272
SkoltSaami_skol1241,nose,uralic.nose.0268
SouthEstonian_sout2679,nose,uralic.nose.0268
SouthSaami_sout2674,nose,uralic.nose.0268
SouthSaami_sout2674,nose,uralic.nose.0268
TundraNenets_nene1249,nose,uralic.nose.0269
TundraNenets_nene1249,nose,uralic.nose.0269
Udmurt_udmu1245,nose,uralic.nose.0268
Veps_veps1250,nose,uralic.nose.0268
WesternMari_west2392,nose,uralic.nose.0268
WesternMari_west2392,nose,uralic.nose.0268
EasternMari_east2328,one,uralic.one.0275
EasternMari_east2328,one,uralic.one.0281
EasternMari_east2328,one,uralic.one.0281
Erzya_erzy1239,one,uralic.one.0274
Estonian_esto1258,one,uralic.one.0275
Finnish_finn1318,one,uralic.one.0275
ForestEnets_fore1265,one,uralic.one.0276
Hungarian_hung1274,one,uralic.one.0273
Hungarian_hung1274,one,uralic.one.0277
InariSaami_inar1241,one,uralic.one.0277
Ingrian_ingr1248,one,uralic.one.0275
Kamas-Koibal_kama1351,one,uralic.one.0278
Kamas-Koibal_kama1351,one,uralic.one.0288
Karelian_kare1335,one,uralic.one.0275
Karelian_kare1335,one,uralic.one.0275
Kazym-Berezover-SuryskarerKhanty_khan1273,one,uralic.one.0280
Kazym-Berezover-SuryskarerKhanty_khan1273,one,uralic.one.0281
Kazym-Berezover-SuryskarerKhanty_khan1273,one,uralic.one.0285
KildinSaami_kild1236,one,uralic.one.0277
Komi-Permyak_komi1269,one,uralic.one.0281
Komi-Zyrian_komi1268,one,uralic.one.0281
Liv_livv1244,one,uralic.one.0275
Liv_livv1244,one,uralic.one.0275
Livvi_livv1243,one,uralic.one.0275
LuleSaami_lule1254,one,uralic.one.0275
Mator-Taigi-Karagas_mato1250,one,uralic.one.0279
Mator-Taigi-Karagas_mato1250,one,uralic.one.0281
Mator-Taigi-Karagas_mato1250,one,uralic.one.0281
Mator-Taigi-Karagas_mato1250,one,uralic.one.0281
Mator-Taigi-Karagas_mato1250,one,uralic.one.0281
Mator-Taigi-Karagas_mato1250,one,uralic.one.0282
Moksha_moks1248,one,uralic.one.0274
Nganasan_ngan1291,one,uralic.one.0284
NorthSaami_nort2671,one,uralic.one.0275
NorthSaami_nort2671,one,uralic.one.0275
NorthernMansi_mans1258,one,uralic.one.0275
NorthernMansi_mans1258,one,uralic.one.0275
NorthernMansi_mans1258,one,uralic.one.0275
Selkup_selk1253,one,uralic.one.0286
Selkup_selk1253,one,uralic.one.0286
SkoltSaami_skol1241,one,uralic.one.0277
SouthEstonian_sout2679,one,uralic.one.0275
SouthSaami_sout2674,one,uralic.one.0275
SouthSaami_sout2674,one,uralic.one.0275
TundraNenets_nene1249,one,uralic.one.0283
TundraNenets_nene1249,one,uralic.one.0287
Udmurt_udmu1245,one,uralic.one.0281
Veps_veps1250,one,uralic.one.0275
WesternMari_west2392,one,uralic.one.0275
WesternMari_west2392,one,uralic.one.0275
WesternMari_west2392,one,uralic.one.0281
EasternMari_east2328,path,uralic.path.0293
EasternMari_east2328,path,uralic.path.0293
EasternMari_east2328,path,uralic.path.0293
Erzya_erzy1239,path,uralic.path.0290
Estonian_esto1258,path,uralic.path.0291
Finnish_finn1318,path,uralic.path.0291
ForestEnets_fore1265,path,uralic.path.0292
Hungarian_hung1274,path,uralic.path.0289
Hungarian_hung1274,path,uralic.path.0294
InariSaami_inar1241,path,uralic.path.0295
Ingrian_ingr1248,path,uralic.path.0296
Kamas-Koibal_kama1351,path,uralic.path.0297
Karelian_kare1335,path,uralic.path.0291
Karelian_kare1335,path,uralic.path.0295
Kazym-Berezover-SuryskarerKhanty_khan1273,path,uralic.path.0292
Kazym-Berezover-SuryskarerKhanty_khan1273,path,uralic.path.0299
Kazym-Berezover-SuryskarerKhanty_khan1273,path,uralic.path.0308
Kazym-Berezover-SuryskarerKhanty_khan1273,path,uralic.path.0311
KildinSaami_kild1236,path,uralic.path.0300
Komi-Permyak_komi1269,path,uralic.path.0301
Komi-Zyrian_komi1268,path,uralic.path.0293
Komi-Zyrian_komi1268,path,uralic.path.0301
Liv_livv1244,path,uralic.path.0291
Liv_livv1244,path,uralic.path.0302
Livvi_livv1243,path,uralic.path.0296
LuleSaami_lule1254,path,uralic.path.0295
Mator-Taigi-Karagas_mato1250,path,uralic.path.0289
Mator-Taigi-Karagas_mato1250,path,uralic.path.0289
Mator-Taigi-Karagas_mato1250,path,uralic.path.0298
Moksha_moks1248,path,uralic.path.0290
Moksha_moks1248,path,uralic.path.0300
Moksha_moks1248,path,uralic.path.0309
Nganasan_ngan1291,path,uralic.path.0303
NorthSaami_nort2671,path,uralic.path.0295
NorthSaami_nort2671,path,uralic.path.0304
NorthSaami_nort2671,path,uralic.path.0309
NorthernMansi_mans1258,path,uralic.path.0300
NorthernMansi_mans1258,path,uralic.path.0300
NorthernMansi_mans1258,path,uralic.path.0305
Selkup_selk1253,path,uralic.path.0289
Selkup_selk1253,path,uralic.path.0289
Selkup_selk1253,path,uralic.path.0312
SkoltSaami_skol1241,path,uralic.path.0295
SkoltSaami_skol1241,path,uralic.path.0295
SouthEstonian_sout2679,path,uralic.path.0291
SouthSaami_sout2674,path,uralic.path.0295
SouthSaami_sout2674,path,uralic.path.0295
TundraNenets_nene1249,path,uralic.path.0292
TundraNenets_nene1249,path,uralic.path.0292
TundraNenets_nene1249,path,uralic.path.0310
Udmurt_udmu1245,path,uralic.path.0306
Veps_veps1250,path,uralic.path.0307
WesternMari_west2392,path,uralic.path.0293
WesternMari_west2392,path,uralic.path.0293
EasternMari_east2328,person,uralic.person.0325
EasternMari_east2328,person,uralic.person.0325
EasternMari_east2328,person,uralic.person.0333
Erzya_erzy1239,person,uralic.person.0314
Estonian_esto1258,person,uralic.person.0314
Finnish_finn1318,person,uralic.person.0315
ForestEnets_fore1265,person,uralic.person.0316
Hungarian_hung1274,person,uralic.person.0313
Hungarian_hung1274,person,uralic.person.0313
InariSaami_inar1241,person,uralic.person.0318
Ingrian_ingr1248,person,uralic.person.0319
Kamas-Koibal_kama1351,person,uralic.person.0320
Karelian_kare1335,person,uralic.person.0314
Karelian_kare1335,person,uralic.person.0314
Karelian_kare1335,person,uralic.person.0314
Karelian_kare1335,person,uralic.person.0321
Kazym-Berezover-SuryskarerKhanty_khan1273,person,uralic.person.0322
Kazym-Berezover-SuryskarerKhanty_khan1273,person,uralic.person.0322
Kazym-Berezover-SuryskarerKhanty_khan1273,person,uralic.person.0326
Kazym-Berezover-SuryskarerKhanty_khan1273,person,uralic.person.0326
KildinSaami_kild1236,person,uralic.person.0318
KildinSaami_kild1236,person,uralic.person.0331
Komi-Permyak_komi1269,person,uralic.person.0323
Komi-Zyrian_komi1268,person,uralic.person.0323
Liv_livv1244,person,uralic.person.0324
Liv_livv1244,person,uralic.person.0324
Livvi_livv1243,person,uralic.person.0324
LuleSaami_lule1254,person,uralic.person.0318
Mator-Taigi-Karagas_mato1250,person,?
Moksha_moks1248,person,uralic.person.0314
Moksha_moks1248,person,uralic.person.0314
Nganasan_ngan1291,person,uralic.person.0326
NorthSaami_nort2671,person,uralic.person.0318
NorthSaami_nort2671,person,uralic.person.0318
NorthSaami_nort2671,person,uralic.person.0334
NorthernMansi_mans1258,person,uralic.person.0318
NorthernMansi_mans1258,person,uralic.person.0318
NorthernMansi_mans1258,person,uralic.person.0332
Selkup_selk1253,person,uralic.person.0327
Selkup_selk1253,person,uralic.person.0327
Selkup_selk1253,person,uralic.person.0328
SkoltSaami_skol1241,person,uralic.person.0318
SouthEstonian_sout2679,person,uralic.person.0314
SouthSaami_sout2674,person,uralic.person.0318
SouthSaami_sout2674,person,uralic.person.0318
TundraNenets_nene1249,person,uralic.person.0326
TundraNenets_nene1249,person,uralic.person.0326
TundraNenets_nene1249,person,uralic.person.0326
TundraNenets_nene1249,person,uralic.person.0335
Udmurt_udmu1245,person,uralic.person.0329
Veps_veps1250,person,uralic.person.0324
Veps_veps1250,person,uralic.person.0330
WesternMari_west2392,person,uralic.person.0317
WesternMari_west2392,person,uralic.person.0317
EasternMari_east2328,see,uralic.see.0340
EasternMari_east2328,see,uralic.see.0351
Erzya_erzy1239,see,uralic.see.0337
Estonian_esto1258,see,uralic.see.0338
Finnish_finn1318,see,uralic.see.0338
ForestEnets_fore1265,see,uralic.see.0339
Hungarian_hung1274,see,uralic.see.0336
Hungarian_hung1274,see,uralic.see.0341
Hungarian_hung1274,see,uralic.see.0341
InariSaami_inar1241,see,uralic.see.0342
InariSaami_inar1241,see,uralic.see.0342
Ingrian_ingr1248,see,uralic.see.0343
Kamas-Koibal_kama1351,see,uralic.see.0344
Kamas-Koibal_kama1351,see,uralic.see.0356
Karelian_kare1335,see,uralic.see.0343
Karelian_kare1335,see,uralic.see.0343
Kazym-Berezover-SuryskarerKhanty_khan1273,see,uralic.see.0346
Kazym-Berezover-SuryskarerKhanty_khan1273,see,uralic.see.0346
KildinSaami_kild1236,see,uralic.see.0342
Komi-Permyak_komi1269,see,uralic.see.0347
Komi-Permyak_komi1269,see,uralic.see.0348
Komi-Zyrian_komi1268,see,uralic.see.0348
Liv_livv1244,see,uralic.see.0338
Liv_livv1244,see,uralic.see.0338
Livvi_livv1243,see,uralic.see.0338
LuleSaami_lule1254,see,uralic.see.0349
Mator-Taigi-Karagas_mato1250,see,uralic.see.0344
Mator-Taigi-Karagas_mato1250,see,uralic.see.0345
Moksha_moks1248,see,uralic.see.0337
Moksha_moks1248,see,uralic.see.0349
Moksha_moks1248,see,uralic.see.0357
Nganasan_ngan1291,see,uralic.see.0352
NorthSaami_nort2671,see,uralic.see.0342
NorthSaami_nort2671,see,uralic.see.0354
NorthernMansi_mans1258,see,uralic.see.0350
NorthernMansi_mans1258,see,uralic.see.0353
Selkup_selk1253,see,uralic.see.0344
Selkup_selk1253,see,uralic.see.0344
SkoltSaami_skol1241,see,uralic.see.0349
SkoltSaami_skol1241,see,uralic.see.0349
SouthEstonian_sout2679,see,uralic.see.0338
SouthSaami_sout2674,see,uralic.see.0349
SouthSaami_sout2674,see,uralic.see.0349
TundraNenets_nene1249,see,uralic.see.0339
TundraNenets_nene1249,see,uralic.see.0339
Udmurt_udmu1245,see,uralic.see.0355
Veps_veps1250,see,uralic.see.0338
WesternMari_west2392,see,uralic.see.0340
WesternMari_west2392,see,uralic.see.0340
EasternMari_east2328,skin,uralic.skin.0364
EasternMari_east2328,skin,uralic.skin.0364
Erzya_erzy1239,skin,uralic.skin.0359
Erzya_erzy1239,skin,uralic.skin.0365
Estonian_esto1258,skin,uralic.skin.0360
Finnish_finn1318,skin,uralic.skin.0362
ForestEnets_fore1265,skin,uralic.skin.0363
Hungarian_hung1274,skin,uralic.skin.0358
Hungarian_hung1274,skin,uralic.skin.0358
InariSaami_inar1241,skin,uralic.skin.0365
Ingrian_ingr1248,skin,uralic.skin.0362
Kamas-Koibal_kama1351,skin,uralic.skin.0366
Karelian_kare1335,skin,uralic.skin.0365
Karelian_kare1335,skin,uralic.skin.0365
Kazym-Berezover-SuryskarerKhanty_khan1273,skin,uralic.skin.0367
Kazym-Berezover-SuryskarerKhanty_khan1273,skin,uralic.skin.0369
KildinSaami_kild1236,skin,uralic.skin.0363
KildinSaami_kild1236,skin,uralic.skin.0363
Komi-Permyak_komi1269,skin,?
Komi-Zyrian_komi1268,skin,uralic.skin.0359
Liv_livv1244,skin,uralic.skin.0365
Liv_livv1244,skin,uralic.skin.0365
Livvi_livv1243,skin,uralic.skin.0371
LuleSaami_lule1254,skin,uralic.skin.0365
LuleSaami_lule1254,skin,uralic.skin.0368
Mator-Taigi-Karagas_mato1250,skin,uralic.skin.0364
Mator-Taigi-Karagas_mato1250,skin,uralic.skin.0365
Moksha_moks1248,skin,uralic.skin.0359
Moksha_moks1248,skin,uralic.skin.0365
Nganasan_ngan1291,skin,uralic.skin.0366
NorthSaami_nort2671,skin,uralic.skin.0365
NorthernMansi_mans1258,skin,uralic.skin.0367
NorthernMansi_mans1258,skin,uralic.skin.0370
Selkup_selk1253,skin,uralic.skin.0366
Selkup_selk1253,skin,uralic.skin.0366
SkoltSaami_skol1241,skin,uralic.skin.0365
SkoltSaami_skol1241,skin,uralic.skin.0365
SouthEstonian_sout2679,skin,uralic.skin.0361
SouthSaami_sout2674,skin,uralic.skin.0372
SouthSaami_sout2674,skin,uralic.skin.0372
TundraNenets_nene1249,skin,uralic.skin.0363
TundraNenets_nene1249,skin,uralic.skin.0366
TundraNenets_nene1249,skin,uralic.skin.0372
Udmurt_udmu1245,skin,uralic.skin.0359
Veps_veps1250,skin,uralic.skin.0365
WesternMari_west2392,skin,uralic.skin.0364
WesternMari_west2392,skin,uralic.skin.0364
EasternMari_east2328,star,uralic.star.0375
Erzya_erzy1239,star,uralic.star.0374
Estonian_esto1258,star,uralic.star.0374
Finnish_finn1318,star,uralic.star.0374
ForestEnets_fore1265,star,uralic.star.0374
Hungarian_hung1274,star,uralic.star.0373
Hungarian_hung1274,star,uralic.star.0373
InariSaami_inar1241,star,uralic.star.0374
Ingrian_ingr1248,star,?
Kamas-Koibal_kama1351,star,uralic.star.0376
Karelian_kare1335,star,uralic.star.0374
Karelian_kare1335,star,uralic.star.0374
Kazym-Berezover-SuryskarerKhanty_khan1273,star,uralic.star.0377
Kazym-Berezover-SuryskarerKhanty_khan1273,star,uralic.star.0377
KildinSaami_kild1236,star,uralic.star.0374
Komi-Permyak_komi1269,star,uralic.star.0376
Komi-Permyak_komi1269,star,uralic.star.0376
Komi-Zyrian_komi1268,star,uralic.star.0376
Liv_livv1244,star,uralic.star.0374
Livvi_livv1243,star,uralic.star.0374
LuleSaami_lule1254,star,uralic.star.0374
Mator-Taigi-Karagas_mato1250,star,uralic.star.0376
Mator-Taigi-Karagas_mato1250,star,uralic.star.0376
Mator-Taigi-Karagas_mato1250,star,uralic.star.0376
Mator-Taigi-Karagas_mato1250,star,uralic.star.0376
Moksha_moks1248,star,uralic.star.0374
Moksha_moks1248,star,uralic.star.0374
Moksha_moks1248,star,uralic.star.0374
Nganasan_ngan1291,star,uralic.star.0379
NorthSaami_nort2671,star,uralic.star.0374
NorthSaami_nort2671,star,uralic.star.0374
NorthernMansi_mans1258,star,uralic.star.0376
NorthernMansi_mans1258,star,uralic.star.0377
Selkup_selk1253,star,uralic.star.0376
Selkup_selk1253,star,uralic.star.0376
SkoltSaami_skol1241,star,uralic.star.0374
SouthEstonian_sout2679,star,uralic.star.0374
SouthSaami_sout2674,star,uralic.star.0374
SouthSaami_sout2674,star,uralic.star.0374
SouthSaami_sout2674,star,uralic.star.0374
TundraNenets_nene1249,star,uralic.star.0378
TundraNenets_nene1249,star,uralic.star.0378
Udmurt_udmu1245,star,uralic.star.0376
Udmurt_udmu1245,star,uralic.star.0376
Veps_veps1250,star,uralic.star.0374
WesternMari_west2392,star,uralic.star.0375
EasternMari_east2328,stone,uralic.stone.0381
EasternMari_east2328,stone,uralic.stone.0381
Erzya_erzy1239,stone,uralic.stone.0381
Estonian_esto1258,stone,uralic.stone.0382
Finnish_finn1318,stone,uralic.stone.0382
ForestEnets_fore1265,stone,uralic.stone.0383
Hungarian_hung1274,stone,uralic.stone.0380
Hungarian_hung1274,stone,uralic.stone.0380
InariSaami_inar1241,stone,uralic.stone.0384
Ingrian_ingr1248,stone,uralic.stone.0382
Kamas-Koibal_kama1351,stone,uralic.stone.0383
Karelian_kare1335,stone,uralic.stone.0382
Karelian_kare1335,stone,uralic.stone.0382
Kazym-Berezover-SuryskarerKhanty_khan1273,stone,uralic.stone.0380
Kazym-Berezover-SuryskarerKhanty_khan1273,stone,uralic.stone.0380
KildinSaami_kild1236,stone,uralic.stone.0386
Komi-Permyak_komi1269,stone,uralic.stone.0387
Komi-Zyrian_komi1268,stone,uralic.stone.0387
Liv_livv1244,stone,uralic.stone.0382
Liv_livv1244,stone,uralic.stone.0384
Livvi_livv1243,stone,uralic.stone.0382
LuleSaami_lule1254,stone,uralic.stone.0384
Mator-Taigi-Karagas_mato1250,stone,uralic.stone.0385
Mator-Taigi-Karagas_mato1250,stone,uralic.stone.0385
Mator-Taigi-Karagas_mato1250,stone,uralic.stone.0385
Mator-Taigi-Karagas_mato1250,stone,uralic.stone.0389
Mator-Taigi-Karagas_mato1250,stone,uralic.stone.0389
Moksha_moks1248,stone,uralic.stone.0381
Moksha_moks1248,stone,uralic.stone.0381
Nganasan_ngan1291,stone,uralic.stone.0389
NorthSaami_nort2671,stone,uralic.stone.0384
NorthSaami_nort2671,stone,uralic.stone.0384
NorthernMansi_mans1258,stone,uralic.stone.0388
NorthernMansi_mans1258,stone,uralic.stone.0390
NorthernMansi_mans1258,stone,uralic.stone.0390
Selkup_selk1253,stone,uralic.stone.0383
Selkup_selk1253,stone,uralic.stone.0383
SkoltSaami_skol1241,stone,uralic.stone.0391
SouthEstonian_sout2679,stone,uralic.stone.0382
SouthSaami_sout2674,stone,uralic.stone.0384
SouthSaami_sout2674,stone,uralic.stone.0384
TundraNenets_nene1249,stone,uralic.stone.0383
TundraNenets_nene1249,stone,uralic.stone.0383
Udmurt_udmu1245,stone,uralic.stone.0387
Veps_veps1250,stone,uralic.stone.0382
WesternMari_west2392,stone,uralic.stone.0381
WesternMari_west2392,stone,uralic.stone.0381
EasternMari_east2328,sun,uralic.sun.0396
EasternMari_east2328,sun,uralic.sun.0396
Erzya_erzy1239,sun,uralic.sun.0393
Erzya_erzy1239,sun,uralic.sun.0403
Estonian_esto1258,sun,uralic.sun.0394
Finnish_finn1318,sun,uralic.sun.0395
ForestEnets_fore1265,sun,uralic.sun.0396
Hungarian_hung1274,sun,uralic.sun.0392
Hungarian_hung1274,sun,uralic.sun.0392
InariSaami_inar1241,sun,uralic.sun.0394
Ingrian_ingr1248,sun,uralic.sun.0394
Kamas-Koibal_kama1351,sun,uralic.sun.0396
Karelian_kare1335,sun,uralic.sun.0394
Karelian_kare1335,sun,uralic.sun.0394
Kazym-Berezover-SuryskarerKhanty_khan1273,sun,uralic.sun.0397
Kazym-Berezover-SuryskarerKhanty_khan1273,sun,uralic.sun.0397
Kazym-Berezover-SuryskarerKhanty_khan1273,sun,uralic.sun.0401
KildinSaami_kild1236,sun,uralic.sun.0394
Komi-Permyak_komi1269,sun,?
Komi-Zyrian_komi1268,sun,uralic.sun.0398
Liv_livv1244,sun,uralic.sun.0394
Liv_livv1244,sun,uralic.sun.0394
Livvi_livv1243,sun,uralic.sun.0394
Livvi_livv1243,sun,uralic.sun.0394
LuleSaami_lule1254,sun,uralic.sun.0394
Mator-Taigi-Karagas_mato1250,sun,uralic.sun.0396
Mator-Taigi-Karagas_mato1250,sun,uralic.sun.0396
Moksha_moks1248,sun,uralic.sun.0393
Moksha_moks1248,sun,uralic.sun.0393
Nganasan_ngan1291,sun,uralic.sun.0400
NorthSaami_nort2671,sun,uralic.sun.0394
NorthSaami_nort2671,sun,uralic.sun.0394
NorthernMansi_mans1258,sun,uralic.sun.0397
NorthernMansi_mans1258,sun,uralic.sun.0397
Selkup_selk1253,sun,uralic.sun.0402
Selkup_selk1253,sun,uralic.sun.0402
SkoltSaami_skol1241,sun,uralic.sun.0394
SkoltSaami_skol1241,sun,uralic.sun.0394
SouthEstonian_sout2679,sun,uralic.sun.0394
SouthSaami_sout2674,sun,uralic.sun.0394
SouthSaami_sout2674,sun,uralic.sun.0394
TundraNenets_nene1249,sun,uralic.sun.0399
TundraNenets_nene1249,sun,uralic.sun.0399
Udmurt_udmu1245,sun,uralic.sun.0398
Veps_veps1250,sun,uralic.sun.0394
WesternMari_west2392,sun,uralic.sun.0396
WesternMari_west2392,sun,uralic.sun.0396
EasternMari_east2328,tongue,uralic.tongue.0405
EasternMari_east2328,tongue,uralic.tongue.0405
Erzya_erzy1239,tongue,uralic.tongue.0404
Estonian_esto1258,tongue,uralic.tongue.0404
Finnish_finn1318,tongue,uralic.tongue.0404
ForestEnets_fore1265,tongue,uralic.tongue.0405
Hungarian_hung1274,tongue,uralic.tongue.0405
InariSaami_inar1241,tongue,uralic.tongue.0406
Ingrian_ingr1248,tongue,uralic.tongue.0404
Kamas-Koibal_kama1351,tongue,uralic.tongue.0407
Karelian_kare1335,tongue,uralic.tongue.0404
Karelian_kare1335,tongue,uralic.tongue.0404
Kazym-Berezover-SuryskarerKhanty_khan1273,tongue,uralic.tongue.0405
Kazym-Berezover-SuryskarerKhanty_khan1273,tongue,uralic.tongue.0405
Kazym-Berezover-SuryskarerKhanty_khan1273,tongue,uralic.tongue.0405
KildinSaami_kild1236,tongue,uralic.tongue.0405
Komi-Permyak_komi1269,tongue,uralic.tongue.0404
Komi-Zyrian_komi1268,tongue,uralic.tongue.0404
Liv_livv1244,tongue,uralic.tongue.0404
Liv_livv1244,tongue,uralic.tongue.0404
Livvi_livv1243,tongue,uralic.tongue.0404
LuleSaami_lule1254,tongue,uralic.tongue.0406
Mator-Taigi-Karagas_mato1250,tongue,uralic.tongue.0404
Mator-Taigi-Karagas_mato1250,tongue,uralic.tongue.0404
Mator-Taigi-Karagas_mato1250,tongue,uralic.tongue.0408
Mator-Taigi-Karagas_mato1250,tongue,uralic.tongue.0408
Mator-Taigi-Karagas_mato1250,tongue,uralic.tongue.0408
Moksha_moks1248,tongue,uralic.tongue.0404
Moksha_moks1248,tongue,uralic.tongue.0404
Nganasan_ngan1291,tongue,uralic.tongue.0409
NorthSaami_nort2671,tongue,uralic.tongue.0404
NorthSaami_nort2671,tongue,uralic.tongue.0406
NorthernMansi_mans1258,tongue,uralic.tongue.0405
NorthernMansi_mans1258,tongue,uralic.tongue.0405
NorthernMansi_mans1258,tongue,uralic.tongue.0405
Selkup_selk1253,tongue,uralic.tongue.0410
Selkup_selk1253,tongue,uralic.tongue.0410
SkoltSaami_skol1241,tongue,uralic.tongue.0405
SouthEstonian_sout2679,tongue,uralic.tongue.0404
SouthSaami_sout2674,tongue,uralic.tongue.0405
SouthSaami_sout2674,tongue,uralic.tongue.0405
TundraNenets_nene1249,tongue,uralic.tongue.0405
TundraNenets_nene1249,tongue,uralic.tongue.0405
TundraNenets_nene1249,tongue,uralic.tongue.0405
Udmurt_udmu1245,tongue,uralic.tongue.0404
Veps_veps1250,tongue,uralic.tongue.0404
WesternMari_west2392,tongue,uralic.tongue.0405
WesternMari_west2392,tongue,uralic.tongue.0405
EasternMari_east2328,tooth,uralic.tooth.0417
EasternMari_east2328,tooth,uralic.tooth.0417
Erzya_erzy1239,tooth,uralic.tooth.0412
Estonian_esto1258,tooth,uralic.tooth.0413
Finnish_finn1318,tooth,uralic.tooth.0415
ForestEnets_fore1265,tooth,uralic.tooth.0416
Hungarian_hung1274,tooth,uralic.tooth.0411
Hungarian_hung1274,tooth,uralic.tooth.0411
InariSaami_inar1241,tooth,uralic.tooth.0417
Ingrian_ingr1248,tooth,uralic.tooth.0415
Kamas-Koibal_kama1351,tooth,uralic.tooth.0418
Karelian_kare1335,tooth,uralic.tooth.0415
Karelian_kare1335,tooth,uralic.tooth.0415
Kazym-Berezover-SuryskarerKhanty_khan1273,tooth,uralic.tooth.0419
Kazym-Berezover-SuryskarerKhanty_khan1273,tooth,uralic.tooth.0419
KildinSaami_kild1236,tooth,uralic.tooth.0417
Komi-Permyak_komi1269,tooth,uralic.tooth.0417
Komi-Permyak_komi1269,tooth,uralic.tooth.0417
Komi-Zyrian_komi1268,tooth,uralic.tooth.0417
Liv_livv1244,tooth,uralic.tooth.0420
Liv_livv1244,tooth,uralic.tooth.0420
Livvi_livv1243,tooth,uralic.tooth.0415
LuleSaami_lule1254,tooth,uralic.tooth.0417
Mator-Taigi-Karagas_mato1250,tooth,uralic.tooth.0418
Mator-Taigi-Karagas_mato1250,tooth,uralic.tooth.0418
Moksha_moks1248,tooth,uralic.tooth.0412
Moksha_moks1248,tooth,uralic.tooth.0417
Nganasan_ngan1291,tooth,uralic.tooth.0422
NorthSaami_nort2671,tooth,uralic.tooth.0417
NorthSaami_nort2671,tooth,uralic.tooth.0417
NorthernMansi_mans1258,tooth,uralic.tooth.0419
NorthernMansi_mans1258,tooth,uralic.tooth.0419
Selkup_selk1253,tooth,uralic.tooth.0418
Selkup_selk1253,tooth,uralic.tooth.0418
SkoltSaami_skol1241,tooth,uralic.tooth.0417
SouthEstonian_sout2679,tooth,uralic.tooth.0414
SouthSaami_sout2674,tooth,uralic.tooth.0417
SouthSaami_sout2674,tooth,uralic.tooth.0417
TundraNenets_nene1249,tooth,uralic.tooth.0421
TundraNenets_nene1249,tooth,uralic.tooth.0421
Udmurt_udmu1245,tooth,uralic.tooth.0417
Udmurt_udmu1245,tooth,uralic.tooth.0417
Veps_veps1250,tooth,uralic.tooth.0417
Veps_veps1250,tooth,uralic.tooth.0420
WesternMari_west2392,tooth,uralic.tooth.0417
WesternMari_west2392,tooth,uralic.tooth.0417
EasternMari_east2328,tree,uralic.tree.0425
EasternMari_east2328,tree,uralic.tree.0425
Erzya_erzy1239,tree,uralic.tree.0424
Estonian_esto1258,tree,uralic.tree.0423
Finnish_finn1318,tree,uralic.tree.0423
ForestEnets_fore1265,tree,uralic.tree.0423
Hungarian_hung1274,tree,uralic.tree.0423
Hungarian_hung1274,tree,uralic.tree.0423
InariSaami_inar1241,tree,uralic.tree.0426
Ingrian_ingr1248,tree,uralic.tree.0423
Kamas-Koibal_kama1351,tree,uralic.tree.0423
Karelian_kare1335,tree,uralic.tree.0423
Karelian_kare1335,tree,uralic.tree.0423
Kazym-Berezover-SuryskarerKhanty_khan1273,tree,uralic.tree.0428
Kazym-Berezover-SuryskarerKhanty_khan1273,tree,uralic.tree.0431
KildinSaami_kild1236,tree,uralic.tree.0426
Komi-Permyak_komi1269,tree,uralic.tree.0423
Komi-Zyrian_komi1268,tree,uralic.tree.0423
Liv_livv1244,tree,uralic.tree.0423
Liv_livv1244,tree,uralic.tree.0423
Livvi_livv1243,tree,uralic.tree.0423
LuleSaami_lule1254,tree,uralic.tree.0426
Mator-Taigi-Karagas_mato1250,tree,uralic.tree.0427
Mator-Taigi-Karagas_mato1250,tree,uralic.tree.0427
Moksha_moks1248,tree,uralic.tree.0424
Moksha_moks1248,tree,uralic.tree.0424
Nganasan_ngan1291,tree,uralic.tree.0430
NorthSaami_nort2671,tree,uralic.tree.0426
NorthSaami_nort2671,tree,uralic.tree.0426
NorthernMansi_mans1258,tree,uralic.tree.0429
NorthernMansi_mans1258,tree,uralic.tree.0429
Selkup_selk1253,tree,uralic.tree.0423
Selkup_selk1253,tree,uralic.tree.0423
SkoltSaami_skol1241,tree,uralic.tree.0426
SkoltSaami_skol1241,tree,uralic.tree.0426
SouthEstonian_sout2679,tree,uralic.tree.0423
SouthSaami_sout2674,tree,uralic.tree.0426
SouthSaami_sout2674,tree,uralic.tree.0426
TundraNenets_nene1249,tree,uralic.tree.0423
TundraNenets_nene1249,tree,uralic.tree.0423
Udmurt_udmu1245,tree,uralic.tree.0423
Veps_veps1250,tree,uralic.tree.0423
WesternMari_west2392,tree,uralic.tree.0425
EasternMari_east2328,two,uralic.two.0432
EasternMari_east2328,two,uralic.two.0432
EasternMari_east2328,two,uralic.two.0432
Erzya_erzy1239,two,uralic.two.0432
Estonian_esto1258,two,uralic.two.0432
Finnish_finn1318,two,uralic.two.0432
ForestEnets_fore1265,two,uralic.two.0432
Hungarian_hung1274,two,uralic.two.0432
Hungarian_hung1274,two,uralic.two.0432
Hungarian_hung1274,two,uralic.two.0432
InariSaami_inar1241,two,uralic.two.0432
InariSaami_inar1241,two,uralic.two.0432
Ingrian_ingr1248,two,?
Kamas-Koibal_kama1351,two,uralic.two.0432
Karelian_kare1335,two,uralic.two.0432
Karelian_kare1335,two,uralic.two.0432
Kazym-Berezover-SuryskarerKhanty_khan1273,two,uralic.two.0432
Kazym-Berezover-SuryskarerKhanty_khan1273,two,uralic.two.0432
Kazym-Berezover-SuryskarerKhanty_khan1273,two,uralic.two.0432
KildinSaami_kild1236,two,uralic.two.0432
Komi-Permyak_komi1269,two,uralic.two.0432
Komi-Zyrian_komi1268,two,uralic.two.0432
Liv_livv1244,two,uralic.two.0432
Liv_livv1244,two,uralic.two.0432
Livvi_livv1243,two,uralic.two.0432
LuleSaami_lule1254,two,uralic.two.0432
Mator-Taigi-Karagas_mato1250,two,uralic.two.0432
Mator-Taigi-Karagas_mato1250,two,uralic.two.0432
Moksha_moks1248,two,uralic.two.0432
Moksha_moks1248,two,uralic.two.0432
Nganasan_ngan1291,two,uralic.two.0432
NorthSaami_nort2671,two,uralic.two.0432
NorthSaami_nort2671,two,uralic.two.0432
NorthernMansi_mans1258,two,uralic.two.0432
NorthernMansi_mans1258,two,uralic.two.0432
NorthernMansi_mans1258,two,uralic.two.0432
Selkup_selk1253,two,uralic.two.0432
Selkup_selk1253,two,uralic.two.0432
SkoltSaami_skol1241,two,uralic.two.0432
SkoltSaami_skol1241,two,uralic.two.0432
SouthEstonian_sout2679,two,uralic.two.0432
SouthSaami_sout2674,two,uralic.two.0432
SouthSaami_sout2674,two,uralic.two.0432
TundraNenets_nene1249,two,uralic.two.0432
TundraNenets_nene1249,two,uralic.two.0432
Udmurt_udmu1245,two,uralic.two.0432
Veps_veps1250,two,uralic.two.0432
WesternMari_west2392,two,uralic.two.0432
WesternMari_west2392,two,uralic.two.0432
WesternMari_west2392,two,uralic.two.0432
EasternMari_east2328,water,uralic.water.0433
EasternMari_east2328,water,uralic.water.0433
Erzya_erzy1239,water,uralic.water.0433
Estonian_esto1258,water,uralic.water.0433
Finnish_finn1318,water,uralic.water.0433
ForestEnets_fore1265,water,uralic.water.0434
Hungarian_hung1274,water,uralic.water.0433
Hungarian_hung1274,water,uralic.water.0433
InariSaami_inar1241,water,uralic.water.0435
Ingrian_ingr1248,water,uralic.water.0433
Kamas-Koibal_kama1351,water,uralic.water.0434
Karelian_kare1335,water,uralic.water.0433
Karelian_kare1335,water,uralic.water.0433
Kazym-Berezover-SuryskarerKhanty_khan1273,water,uralic.water.0436
Kazym-Berezover-SuryskarerKhanty_khan1273,water,uralic.water.0436
KildinSaami_kild1236,water,uralic.water.0437
KildinSaami_kild1236,water,uralic.water.0445
Komi-Permyak_komi1269,water,uralic.water.0433
Komi-Zyrian_komi1268,water,uralic.water.0434
Liv_livv1244,water,uralic.water.0433
Liv_livv1244,water,uralic.water.0433
Livvi_livv1243,water,uralic.water.0433
LuleSaami_lule1254,water,uralic.water.0435
Mator-Taigi-Karagas_mato1250,water,uralic.water.0434
Mator-Taigi-Karagas_mato1250,water,uralic.water.0434
Moksha_moks1248,water,uralic.water.0433
Moksha_moks1248,water,uralic.water.0433
Nganasan_ngan1291,water,uralic.water.0439
NorthSaami_nort2671,water,uralic.water.0435
NorthSaami_nort2671,water,uralic.water.0435
NorthernMansi_mans1258,water,uralic.water.0433
NorthernMansi_mans1258,water,uralic.water.0433
Selkup_selk1253,water,uralic.water.0440
Selkup_selk1253,water,uralic.water.0441
SkoltSaami_skol1241,water,uralic.water.0442
SouthEstonian_sout2679,water,uralic.water.0433
SouthSaami_sout2674,water,uralic.water.0443
SouthSaami_sout2674,water,uralic.water.0444
TundraNenets_nene1249,water,uralic.water.0438
TundraNenets_nene1249,water,uralic.water.0438
Udmurt_udmu1245,water,uralic.water.0433
Veps_veps1250,water,uralic.water.0433
WesternMari_west2392,water,uralic.water.0433
WesternMari_west2392,water,uralic.water.0433
